Region,Latitude,Longitude,Date,Year,Month,Month_Name,Season,Temperature,Precipitation
Alaotra-Mangoro,-17.4333,48.5833,2005-01-01,2005,1,January,Rainy,22.42,7.39
Alaotra-Mangoro,-17.4333,48.5833,2005-02-01,2005,2,February,Rainy,22.95,15.17
Alaotra-Mangoro,-17.4333,48.5833,2005-03-01,2005,3,March,Rainy,22.63,7.26
Alaotra-Mangoro,-17.4333,48.5833,2005-04-01,2005,4,April,Rainy,20.88,1.63
Alaotra-Mangoro,-17.4333,48.5833,2005-05-01,2005,5,May,Dry,19.11,4.28
Alaotra-Mangoro,-17.4333,48.5833,2005-06-01,2005,6,June,Dry,17.13,4.05
Alaotra-Mangoro,-17.4333,48.5833,2005-07-01,2005,7,July,Dry,15.86,2.73
Alaotra-Mangoro,-17.4333,48.5833,2005-08-01,2005,8,August,Dry,15.48,2.34
Alaotra-Mangoro,-17.4333,48.5833,2005-09-01,2005,9,September,Dry,16.61,2.35
Alaotra-Mangoro,-17.4333,48.5833,2005-10-01,2005,10,October,Dry,18.0,0.99
Alaotra-Mangoro,-17.4333,48.5833,2005-11-01,2005,11,November,Rainy,20.52,3.75
Alaotra-Mangoro,-17.4333,48.5833,2005-12-01,2005,12,December,Rainy,21.9,9.91
Alaotra-Mangoro,-17.4333,48.5833,2006-01-01,2006,1,January,Rainy,21.64,9.53
Alaotra-Mangoro,-17.4333,48.5833,2006-02-01,2006,2,February,Rainy,22.05,10.83
Alaotra-Mangoro,-17.4333,48.5833,2006-03-01,2006,3,March,Rainy,21.68,8.68
Alaotra-Mangoro,-17.4333,48.5833,2006-04-01,2006,4,April,Rainy,20.54,2.29
Alaotra-Mangoro,-17.4333,48.5833,2006-05-01,2006,5,May,Dry,19.36,1.15
Alaotra-Mangoro,-17.4333,48.5833,2006-06-01,2006,6,June,Dry,17.57,3.0
Alaotra-Mangoro,-17.4333,48.5833,2006-07-01,2006,7,July,Dry,16.33,3.62
Alaotra-Mangoro,-17.4333,48.5833,2006-08-01,2006,8,August,Dry,16.41,2.19
Alaotra-Mangoro,-17.4333,48.5833,2006-09-01,2006,9,September,Dry,17.0,1.11
Alaotra-Mangoro,-17.4333,48.5833,2006-10-01,2006,10,October,Dry,18.53,1.46
Alaotra-Mangoro,-17.4333,48.5833,2006-11-01,2006,11,November,Rainy,21.03,8.48
Alaotra-Mangoro,-17.4333,48.5833,2006-12-01,2006,12,December,Rainy,21.75,10.72
Alaotra-Mangoro,-17.4333,48.5833,2007-01-01,2007,1,January,Rainy,22.59,18.46
Alaotra-Mangoro,-17.4333,48.5833,2007-02-01,2007,2,February,Rainy,22.58,13.4
Alaotra-Mangoro,-17.4333,48.5833,2007-03-01,2007,3,March,Rainy,21.62,7.58
Alaotra-Mangoro,-17.4333,48.5833,2007-04-01,2007,4,April,Rainy,20.38,4.31
Alaotra-Mangoro,-17.4333,48.5833,2007-05-01,2007,5,May,Dry,19.28,3.04
Alaotra-Mangoro,-17.4333,48.5833,2007-06-01,2007,6,June,Dry,16.39,1.65
Alaotra-Mangoro,-17.4333,48.5833,2007-07-01,2007,7,July,Dry,16.47,2.72
Alaotra-Mangoro,-17.4333,48.5833,2007-08-01,2007,8,August,Dry,16.25,2.42
Alaotra-Mangoro,-17.4333,48.5833,2007-09-01,2007,9,September,Dry,16.83,2.29
Alaotra-Mangoro,-17.4333,48.5833,2007-10-01,2007,10,October,Dry,18.4,2.36
Alaotra-Mangoro,-17.4333,48.5833,2007-11-01,2007,11,November,Rainy,20.45,2.99
Alaotra-Mangoro,-17.4333,48.5833,2007-12-01,2007,12,December,Rainy,21.67,5.76
Alaotra-Mangoro,-17.4333,48.5833,2008-01-01,2008,1,January,Rainy,22.14,10.3
Alaotra-Mangoro,-17.4333,48.5833,2008-02-01,2008,2,February,Rainy,21.5,16.09
Alaotra-Mangoro,-17.4333,48.5833,2008-03-01,2008,3,March,Rainy,20.91,5.44
Alaotra-Mangoro,-17.4333,48.5833,2008-04-01,2008,4,April,Rainy,20.38,2.97
Alaotra-Mangoro,-17.4333,48.5833,2008-05-01,2008,5,May,Dry,18.27,1.47
Alaotra-Mangoro,-17.4333,48.5833,2008-06-01,2008,6,June,Dry,16.33,2.02
Alaotra-Mangoro,-17.4333,48.5833,2008-07-01,2008,7,July,Dry,15.65,2.03
Alaotra-Mangoro,-17.4333,48.5833,2008-08-01,2008,8,August,Dry,16.08,1.36
Alaotra-Mangoro,-17.4333,48.5833,2008-09-01,2008,9,September,Dry,18.03,1.56
Alaotra-Mangoro,-17.4333,48.5833,2008-10-01,2008,10,October,Dry,19.28,2.95
Alaotra-Mangoro,-17.4333,48.5833,2008-11-01,2008,11,November,Rainy,21.09,5.26
Alaotra-Mangoro,-17.4333,48.5833,2008-12-01,2008,12,December,Rainy,22.1,4.54
Alaotra-Mangoro,-17.4333,48.5833,2009-01-01,2009,1,January,Rainy,22.79,9.85
Alaotra-Mangoro,-17.4333,48.5833,2009-02-01,2009,2,February,Rainy,21.8,11.54
Alaotra-Mangoro,-17.4333,48.5833,2009-03-01,2009,3,March,Rainy,22.09,8.09
Alaotra-Mangoro,-17.4333,48.5833,2009-04-01,2009,4,April,Rainy,20.49,8.22
Alaotra-Mangoro,-17.4333,48.5833,2009-05-01,2009,5,May,Dry,19.51,1.04
Alaotra-Mangoro,-17.4333,48.5833,2009-06-01,2009,6,June,Dry,17.62,1.16
Alaotra-Mangoro,-17.4333,48.5833,2009-07-01,2009,7,July,Dry,16.3,2.42
Alaotra-Mangoro,-17.4333,48.5833,2009-08-01,2009,8,August,Dry,16.8,3.39
Alaotra-Mangoro,-17.4333,48.5833,2009-09-01,2009,9,September,Dry,17.83,1.72
Alaotra-Mangoro,-17.4333,48.5833,2009-10-01,2009,10,October,Dry,19.34,1.99
Alaotra-Mangoro,-17.4333,48.5833,2009-11-01,2009,11,November,Rainy,21.29,2.97
Alaotra-Mangoro,-17.4333,48.5833,2009-12-01,2009,12,December,Rainy,22.23,6.06
Alaotra-Mangoro,-17.4333,48.5833,2010-01-01,2010,1,January,Rainy,22.63,15.17
Alaotra-Mangoro,-17.4333,48.5833,2010-02-01,2010,2,February,Rainy,22.35,5.87
Alaotra-Mangoro,-17.4333,48.5833,2010-03-01,2010,3,March,Rainy,22.18,10.7
Alaotra-Mangoro,-17.4333,48.5833,2010-04-01,2010,4,April,Rainy,20.59,2.42
Alaotra-Mangoro,-17.4333,48.5833,2010-05-01,2010,5,May,Dry,19.82,1.81
Alaotra-Mangoro,-17.4333,48.5833,2010-06-01,2010,6,June,Dry,17.83,2.73
Alaotra-Mangoro,-17.4333,48.5833,2010-07-01,2010,7,July,Dry,15.81,3.72
Alaotra-Mangoro,-17.4333,48.5833,2010-08-01,2010,8,August,Dry,15.99,2.74
Alaotra-Mangoro,-17.4333,48.5833,2010-09-01,2010,9,September,Dry,17.77,0.53
Alaotra-Mangoro,-17.4333,48.5833,2010-10-01,2010,10,October,Dry,19.87,0.98
Alaotra-Mangoro,-17.4333,48.5833,2010-11-01,2010,11,November,Rainy,20.36,2.39
Alaotra-Mangoro,-17.4333,48.5833,2010-12-01,2010,12,December,Rainy,22.01,4.77
Alaotra-Mangoro,-17.4333,48.5833,2011-01-01,2011,1,January,Rainy,21.97,9.07
Alaotra-Mangoro,-17.4333,48.5833,2011-02-01,2011,2,February,Rainy,22.47,13.33
Alaotra-Mangoro,-17.4333,48.5833,2011-03-01,2011,3,March,Rainy,21.33,8.11
Alaotra-Mangoro,-17.4333,48.5833,2011-04-01,2011,4,April,Rainy,21.28,3.03
Alaotra-Mangoro,-17.4333,48.5833,2011-05-01,2011,5,May,Dry,19.29,2.18
Alaotra-Mangoro,-17.4333,48.5833,2011-06-01,2011,6,June,Dry,18.03,1.43
Alaotra-Mangoro,-17.4333,48.5833,2011-07-01,2011,7,July,Dry,16.8,1.23
Alaotra-Mangoro,-17.4333,48.5833,2011-08-01,2011,8,August,Dry,17.29,1.66
Alaotra-Mangoro,-17.4333,48.5833,2011-09-01,2011,9,September,Dry,17.54,1.46
Alaotra-Mangoro,-17.4333,48.5833,2011-10-01,2011,10,October,Dry,20.11,2.31
Alaotra-Mangoro,-17.4333,48.5833,2011-11-01,2011,11,November,Rainy,21.44,2.66
Alaotra-Mangoro,-17.4333,48.5833,2011-12-01,2011,12,December,Rainy,23.04,4.22
Alaotra-Mangoro,-17.4333,48.5833,2012-01-01,2012,1,January,Rainy,22.05,10.29
Alaotra-Mangoro,-17.4333,48.5833,2012-02-01,2012,2,February,Rainy,22.47,14.92
Alaotra-Mangoro,-17.4333,48.5833,2012-03-01,2012,3,March,Rainy,21.06,8.21
Alaotra-Mangoro,-17.4333,48.5833,2012-04-01,2012,4,April,Rainy,20.79,7.53
Alaotra-Mangoro,-17.4333,48.5833,2012-05-01,2012,5,May,Dry,19.06,3.56
Alaotra-Mangoro,-17.4333,48.5833,2012-06-01,2012,6,June,Dry,17.04,3.91
Alaotra-Mangoro,-17.4333,48.5833,2012-07-01,2012,7,July,Dry,16.08,2.73
Alaotra-Mangoro,-17.4333,48.5833,2012-08-01,2012,8,August,Dry,16.47,1.17
Alaotra-Mangoro,-17.4333,48.5833,2012-09-01,2012,9,September,Dry,17.12,1.6
Alaotra-Mangoro,-17.4333,48.5833,2012-10-01,2012,10,October,Dry,18.91,2.34
Alaotra-Mangoro,-17.4333,48.5833,2012-11-01,2012,11,November,Rainy,20.99,3.68
Alaotra-Mangoro,-17.4333,48.5833,2012-12-01,2012,12,December,Rainy,21.7,5.77
Alaotra-Mangoro,-17.4333,48.5833,2013-01-01,2013,1,January,Rainy,22.38,10.45
Alaotra-Mangoro,-17.4333,48.5833,2013-02-01,2013,2,February,Rainy,22.34,9.92
Alaotra-Mangoro,-17.4333,48.5833,2013-03-01,2013,3,March,Rainy,21.33,6.46
Alaotra-Mangoro,-17.4333,48.5833,2013-04-01,2013,4,April,Rainy,20.14,3.19
Alaotra-Mangoro,-17.4333,48.5833,2013-05-01,2013,5,May,Dry,18.91,2.32
Alaotra-Mangoro,-17.4333,48.5833,2013-06-01,2013,6,June,Dry,16.01,1.52
Alaotra-Mangoro,-17.4333,48.5833,2013-07-01,2013,7,July,Dry,15.42,1.62
Alaotra-Mangoro,-17.4333,48.5833,2013-08-01,2013,8,August,Dry,15.81,1.6
Alaotra-Mangoro,-17.4333,48.5833,2013-09-01,2013,9,September,Dry,17.72,1.06
Alaotra-Mangoro,-17.4333,48.5833,2013-10-01,2013,10,October,Dry,19.6,3.41
Alaotra-Mangoro,-17.4333,48.5833,2013-11-01,2013,11,November,Rainy,21.83,3.19
Alaotra-Mangoro,-17.4333,48.5833,2013-12-01,2013,12,December,Rainy,22.08,10.2
Alaotra-Mangoro,-17.4333,48.5833,2014-01-01,2014,1,January,Rainy,22.12,12.4
Alaotra-Mangoro,-17.4333,48.5833,2014-02-01,2014,2,February,Rainy,22.06,11.63
Alaotra-Mangoro,-17.4333,48.5833,2014-03-01,2014,3,March,Rainy,21.26,7.1
Alaotra-Mangoro,-17.4333,48.5833,2014-04-01,2014,4,April,Rainy,19.98,2.31
Alaotra-Mangoro,-17.4333,48.5833,2014-05-01,2014,5,May,Dry,18.58,2.09
Alaotra-Mangoro,-17.4333,48.5833,2014-06-01,2014,6,June,Dry,16.84,3.2
Alaotra-Mangoro,-17.4333,48.5833,2014-07-01,2014,7,July,Dry,16.38,5.39
Alaotra-Mangoro,-17.4333,48.5833,2014-08-01,2014,8,August,Dry,16.56,1.21
Alaotra-Mangoro,-17.4333,48.5833,2014-09-01,2014,9,September,Dry,17.1,1.32
Alaotra-Mangoro,-17.4333,48.5833,2014-10-01,2014,10,October,Dry,20.93,1.09
Alaotra-Mangoro,-17.4333,48.5833,2014-11-01,2014,11,November,Rainy,21.51,5.07
Alaotra-Mangoro,-17.4333,48.5833,2014-12-01,2014,12,December,Rainy,22.86,7.0
Alaotra-Mangoro,-17.4333,48.5833,2015-01-01,2015,1,January,Rainy,22.44,15.33
Alaotra-Mangoro,-17.4333,48.5833,2015-02-01,2015,2,February,Rainy,21.55,15.84
Alaotra-Mangoro,-17.4333,48.5833,2015-03-01,2015,3,March,Rainy,21.08,11.99
Alaotra-Mangoro,-17.4333,48.5833,2015-04-01,2015,4,April,Rainy,20.68,1.76
Alaotra-Mangoro,-17.4333,48.5833,2015-05-01,2015,5,May,Dry,19.04,2.11
Alaotra-Mangoro,-17.4333,48.5833,2015-06-01,2015,6,June,Dry,17.66,3.36
Alaotra-Mangoro,-17.4333,48.5833,2015-07-01,2015,7,July,Dry,16.37,2.23
Alaotra-Mangoro,-17.4333,48.5833,2015-08-01,2015,8,August,Dry,16.3,2.11
Alaotra-Mangoro,-17.4333,48.5833,2015-09-01,2015,9,September,Dry,17.21,1.6
Alaotra-Mangoro,-17.4333,48.5833,2015-10-01,2015,10,October,Dry,19.11,4.77
Alaotra-Mangoro,-17.4333,48.5833,2015-11-01,2015,11,November,Rainy,20.48,3.48
Alaotra-Mangoro,-17.4333,48.5833,2015-12-01,2015,12,December,Rainy,22.5,10.48
Alaotra-Mangoro,-17.4333,48.5833,2016-01-01,2016,1,January,Rainy,22.08,13.81
Alaotra-Mangoro,-17.4333,48.5833,2016-02-01,2016,2,February,Rainy,22.36,9.12
Alaotra-Mangoro,-17.4333,48.5833,2016-03-01,2016,3,March,Rainy,22.38,11.14
Alaotra-Mangoro,-17.4333,48.5833,2016-04-01,2016,4,April,Rainy,20.58,3.11
Alaotra-Mangoro,-17.4333,48.5833,2016-05-01,2016,5,May,Dry,17.76,4.05
Alaotra-Mangoro,-17.4333,48.5833,2016-06-01,2016,6,June,Dry,16.43,3.47
Alaotra-Mangoro,-17.4333,48.5833,2016-07-01,2016,7,July,Dry,15.41,2.94
Alaotra-Mangoro,-17.4333,48.5833,2016-08-01,2016,8,August,Dry,16.2,1.7
Alaotra-Mangoro,-17.4333,48.5833,2016-09-01,2016,9,September,Dry,16.41,1.51
Alaotra-Mangoro,-17.4333,48.5833,2016-10-01,2016,10,October,Dry,19.27,1.02
Alaotra-Mangoro,-17.4333,48.5833,2016-11-01,2016,11,November,Rainy,20.39,2.44
Alaotra-Mangoro,-17.4333,48.5833,2016-12-01,2016,12,December,Rainy,21.25,5.03
Alaotra-Mangoro,-17.4333,48.5833,2017-01-01,2017,1,January,Rainy,21.6,4.13
Alaotra-Mangoro,-17.4333,48.5833,2017-02-01,2017,2,February,Rainy,22.61,6.78
Alaotra-Mangoro,-17.4333,48.5833,2017-03-01,2017,3,March,Rainy,22.05,17.58
Alaotra-Mangoro,-17.4333,48.5833,2017-04-01,2017,4,April,Rainy,20.81,4.69
Alaotra-Mangoro,-17.4333,48.5833,2017-05-01,2017,5,May,Dry,19.11,4.52
Alaotra-Mangoro,-17.4333,48.5833,2017-06-01,2017,6,June,Dry,17.71,3.48
Alaotra-Mangoro,-17.4333,48.5833,2017-07-01,2017,7,July,Dry,16.44,3.86
Alaotra-Mangoro,-17.4333,48.5833,2017-08-01,2017,8,August,Dry,16.59,2.83
Alaotra-Mangoro,-17.4333,48.5833,2017-09-01,2017,9,September,Dry,17.67,0.48
Alaotra-Mangoro,-17.4333,48.5833,2017-10-01,2017,10,October,Dry,19.69,3.66
Alaotra-Mangoro,-17.4333,48.5833,2017-11-01,2017,11,November,Rainy,20.9,8.33
Alaotra-Mangoro,-17.4333,48.5833,2017-12-01,2017,12,December,Rainy,21.85,11.24
Alaotra-Mangoro,-17.4333,48.5833,2018-01-01,2018,1,January,Rainy,22.01,15.88
Alaotra-Mangoro,-17.4333,48.5833,2018-02-01,2018,2,February,Rainy,22.1,13.33
Alaotra-Mangoro,-17.4333,48.5833,2018-03-01,2018,3,March,Rainy,21.63,16.48
Alaotra-Mangoro,-17.4333,48.5833,2018-04-01,2018,4,April,Rainy,20.18,5.01
Alaotra-Mangoro,-17.4333,48.5833,2018-05-01,2018,5,May,Dry,18.99,3.21
Alaotra-Mangoro,-17.4333,48.5833,2018-06-01,2018,6,June,Dry,17.17,2.6
Alaotra-Mangoro,-17.4333,48.5833,2018-07-01,2018,7,July,Dry,15.78,5.04
Alaotra-Mangoro,-17.4333,48.5833,2018-08-01,2018,8,August,Dry,16.69,1.15
Alaotra-Mangoro,-17.4333,48.5833,2018-09-01,2018,9,September,Dry,17.64,1.38
Alaotra-Mangoro,-17.4333,48.5833,2018-10-01,2018,10,October,Dry,19.24,1.55
Alaotra-Mangoro,-17.4333,48.5833,2018-11-01,2018,11,November,Rainy,21.16,3.65
Alaotra-Mangoro,-17.4333,48.5833,2018-12-01,2018,12,December,Rainy,22.13,5.58
Alaotra-Mangoro,-17.4333,48.5833,2019-01-01,2019,1,January,Rainy,22.54,16.62
Alaotra-Mangoro,-17.4333,48.5833,2019-02-01,2019,2,February,Rainy,22.23,7.75
Alaotra-Mangoro,-17.4333,48.5833,2019-03-01,2019,3,March,Rainy,22.38,8.79
Alaotra-Mangoro,-17.4333,48.5833,2019-04-01,2019,4,April,Rainy,21.65,7.13
Alaotra-Mangoro,-17.4333,48.5833,2019-05-01,2019,5,May,Dry,19.3,4.78
Alaotra-Mangoro,-17.4333,48.5833,2019-06-01,2019,6,June,Dry,17.54,3.87
Alaotra-Mangoro,-17.4333,48.5833,2019-07-01,2019,7,July,Dry,16.67,2.08
Alaotra-Mangoro,-17.4333,48.5833,2019-08-01,2019,8,August,Dry,16.74,1.08
Alaotra-Mangoro,-17.4333,48.5833,2019-09-01,2019,9,September,Dry,18.03,1.88
Alaotra-Mangoro,-17.4333,48.5833,2019-10-01,2019,10,October,Dry,20.03,1.61
Alaotra-Mangoro,-17.4333,48.5833,2019-11-01,2019,11,November,Rainy,21.77,7.75
Alaotra-Mangoro,-17.4333,48.5833,2019-12-01,2019,12,December,Rainy,22.77,7.5
Alaotra-Mangoro,-17.4333,48.5833,2020-01-01,2020,1,January,Rainy,22.2,18.96
Alaotra-Mangoro,-17.4333,48.5833,2020-02-01,2020,2,February,Rainy,21.89,12.39
Alaotra-Mangoro,-17.4333,48.5833,2020-03-01,2020,3,March,Rainy,22.14,6.99
Alaotra-Mangoro,-17.4333,48.5833,2020-04-01,2020,4,April,Rainy,20.35,11.19
Alaotra-Mangoro,-17.4333,48.5833,2020-05-01,2020,5,May,Dry,18.81,2.96
Alaotra-Mangoro,-17.4333,48.5833,2020-06-01,2020,6,June,Dry,16.78,3.47
Alaotra-Mangoro,-17.4333,48.5833,2020-07-01,2020,7,July,Dry,15.78,2.94
Alaotra-Mangoro,-17.4333,48.5833,2020-08-01,2020,8,August,Dry,15.89,1.21
Alaotra-Mangoro,-17.4333,48.5833,2020-09-01,2020,9,September,Dry,17.04,2.96
Alaotra-Mangoro,-17.4333,48.5833,2020-10-01,2020,10,October,Dry,19.79,3.74
Alaotra-Mangoro,-17.4333,48.5833,2020-11-01,2020,11,November,Rainy,20.22,2.16
Alaotra-Mangoro,-17.4333,48.5833,2020-12-01,2020,12,December,Rainy,21.64,18.95
Alaotra-Mangoro,-17.4333,48.5833,2021-01-01,2021,1,January,Rainy,22.53,5.45
Alaotra-Mangoro,-17.4333,48.5833,2021-02-01,2021,2,February,Rainy,22.08,8.87
Alaotra-Mangoro,-17.4333,48.5833,2021-03-01,2021,3,March,Rainy,22.08,7.68
Alaotra-Mangoro,-17.4333,48.5833,2021-04-01,2021,4,April,Rainy,20.52,8.94
Alaotra-Mangoro,-17.4333,48.5833,2021-05-01,2021,5,May,Dry,19.0,1.97
Alaotra-Mangoro,-17.4333,48.5833,2021-06-01,2021,6,June,Dry,16.75,2.79
Alaotra-Mangoro,-17.4333,48.5833,2021-07-01,2021,7,July,Dry,16.12,5.03
Alaotra-Mangoro,-17.4333,48.5833,2021-08-01,2021,8,August,Dry,16.5,2.42
Alaotra-Mangoro,-17.4333,48.5833,2021-09-01,2021,9,September,Dry,17.13,1.64
Alaotra-Mangoro,-17.4333,48.5833,2021-10-01,2021,10,October,Dry,19.13,2.87
Alaotra-Mangoro,-17.4333,48.5833,2021-11-01,2021,11,November,Rainy,21.53,2.36
Alaotra-Mangoro,-17.4333,48.5833,2021-12-01,2021,12,December,Rainy,22.01,6.75
Alaotra-Mangoro,-17.4333,48.5833,2022-01-01,2022,1,January,Rainy,22.19,23.44
Alaotra-Mangoro,-17.4333,48.5833,2022-02-01,2022,2,February,Rainy,22.3,9.89
Alaotra-Mangoro,-17.4333,48.5833,2022-03-01,2022,3,March,Rainy,22.02,11.67
Alaotra-Mangoro,-17.4333,48.5833,2022-04-01,2022,4,April,Rainy,20.66,5.86
Alaotra-Mangoro,-17.4333,48.5833,2022-05-01,2022,5,May,Dry,18.66,2.88
Alaotra-Mangoro,-17.4333,48.5833,2022-06-01,2022,6,June,Dry,16.51,2.36
Alaotra-Mangoro,-17.4333,48.5833,2022-07-01,2022,7,July,Dry,15.68,3.38
Alaotra-Mangoro,-17.4333,48.5833,2022-08-01,2022,8,August,Dry,16.0,1.21
Alaotra-Mangoro,-17.4333,48.5833,2022-09-01,2022,9,September,Dry,16.34,1.64
Alaotra-Mangoro,-17.4333,48.5833,2022-10-01,2022,10,October,Dry,17.86,0.94
Alaotra-Mangoro,-17.4333,48.5833,2022-11-01,2022,11,November,Rainy,20.42,1.6
Alaotra-Mangoro,-17.4333,48.5833,2022-12-01,2022,12,December,Rainy,21.41,5.83
Alaotra-Mangoro,-17.4333,48.5833,2023-01-01,2023,1,January,Rainy,21.85,17.08
Alaotra-Mangoro,-17.4333,48.5833,2023-02-01,2023,2,February,Rainy,21.7,6.63
Alaotra-Mangoro,-17.4333,48.5833,2023-03-01,2023,3,March,Rainy,22.0,6.74
Alaotra-Mangoro,-17.4333,48.5833,2023-04-01,2023,4,April,Rainy,21.01,6.2
Alaotra-Mangoro,-17.4333,48.5833,2023-05-01,2023,5,May,Dry,19.88,4.18
Alaotra-Mangoro,-17.4333,48.5833,2023-06-01,2023,6,June,Dry,17.24,1.78
Alaotra-Mangoro,-17.4333,48.5833,2023-07-01,2023,7,July,Dry,16.74,2.34
Alaotra-Mangoro,-17.4333,48.5833,2023-08-01,2023,8,August,Dry,17.7,3.7
Alaotra-Mangoro,-17.4333,48.5833,2023-09-01,2023,9,September,Dry,17.95,2.43
Alaotra-Mangoro,-17.4333,48.5833,2023-10-01,2023,10,October,Dry,21.18,2.76
Alaotra-Mangoro,-17.4333,48.5833,2023-11-01,2023,11,November,Rainy,21.39,5.05
Alaotra-Mangoro,-17.4333,48.5833,2023-12-01,2023,12,December,Rainy,23.06,3.32
Alaotra-Mangoro,-17.4333,48.5833,2024-01-01,2024,1,January,Rainy,23.0,13.76
Alaotra-Mangoro,-17.4333,48.5833,2024-02-01,2024,2,February,Rainy,22.74,17.25
Alaotra-Mangoro,-17.4333,48.5833,2024-03-01,2024,3,March,Rainy,21.99,12.14
Alaotra-Mangoro,-17.4333,48.5833,2024-04-01,2024,4,April,Rainy,21.74,6.7
Alaotra-Mangoro,-17.4333,48.5833,2024-05-01,2024,5,May,Dry,18.67,5.02
Alaotra-Mangoro,-17.4333,48.5833,2024-06-01,2024,6,June,Dry,17.48,2.13
Alaotra-Mangoro,-17.4333,48.5833,2024-07-01,2024,7,July,Dry,16.51,0.45
Alaotra-Mangoro,-17.4333,48.5833,2024-08-01,2024,8,August,Dry,16.38,2.06
Alaotra-Mangoro,-17.4333,48.5833,2024-09-01,2024,9,September,Dry,18.09,0.85
Alaotra-Mangoro,-17.4333,48.5833,2024-10-01,2024,10,October,Dry,19.56,1.3
Alaotra-Mangoro,-17.4333,48.5833,2024-11-01,2024,11,November,Rainy,21.59,3.69
Alaotra-Mangoro,-17.4333,48.5833,2024-12-01,2024,12,December,Rainy,22.0,3.72
Amoron'i Mania,-20.2833,47.2833,2005-01-01,2005,1,January,Rainy,20.69,10.88
Amoron'i Mania,-20.2833,47.2833,2005-02-01,2005,2,February,Rainy,20.6,11.8
Amoron'i Mania,-20.2833,47.2833,2005-03-01,2005,3,March,Rainy,19.78,11.56
Amoron'i Mania,-20.2833,47.2833,2005-04-01,2005,4,April,Rainy,18.41,4.44
Amoron'i Mania,-20.2833,47.2833,2005-05-01,2005,5,May,Dry,16.17,8.04
Amoron'i Mania,-20.2833,47.2833,2005-06-01,2005,6,June,Dry,14.34,3.53
Amoron'i Mania,-20.2833,47.2833,2005-07-01,2005,7,July,Dry,13.01,5.13
Amoron'i Mania,-20.2833,47.2833,2005-08-01,2005,8,August,Dry,13.14,2.6
Amoron'i Mania,-20.2833,47.2833,2005-09-01,2005,9,September,Dry,14.46,2.86
Amoron'i Mania,-20.2833,47.2833,2005-10-01,2005,10,October,Dry,16.73,1.5
Amoron'i Mania,-20.2833,47.2833,2005-11-01,2005,11,November,Rainy,18.86,5.51
Amoron'i Mania,-20.2833,47.2833,2005-12-01,2005,12,December,Rainy,20.4,21.79
Amoron'i Mania,-20.2833,47.2833,2006-01-01,2006,1,January,Rainy,19.68,6.63
Amoron'i Mania,-20.2833,47.2833,2006-02-01,2006,2,February,Rainy,19.91,6.59
Amoron'i Mania,-20.2833,47.2833,2006-03-01,2006,3,March,Rainy,19.77,10.52
Amoron'i Mania,-20.2833,47.2833,2006-04-01,2006,4,April,Rainy,18.41,3.52
Amoron'i Mania,-20.2833,47.2833,2006-05-01,2006,5,May,Dry,16.5,0.89
Amoron'i Mania,-20.2833,47.2833,2006-06-01,2006,6,June,Dry,14.81,2.19
Amoron'i Mania,-20.2833,47.2833,2006-07-01,2006,7,July,Dry,13.61,3.78
Amoron'i Mania,-20.2833,47.2833,2006-08-01,2006,8,August,Dry,13.94,1.39
Amoron'i Mania,-20.2833,47.2833,2006-09-01,2006,9,September,Dry,14.84,1.26
Amoron'i Mania,-20.2833,47.2833,2006-10-01,2006,10,October,Dry,16.92,1.64
Amoron'i Mania,-20.2833,47.2833,2006-11-01,2006,11,November,Rainy,19.56,9.78
Amoron'i Mania,-20.2833,47.2833,2006-12-01,2006,12,December,Rainy,19.97,17.33
Amoron'i Mania,-20.2833,47.2833,2007-01-01,2007,1,January,Rainy,20.16,27.33
Amoron'i Mania,-20.2833,47.2833,2007-02-01,2007,2,February,Rainy,20.39,18.6
Amoron'i Mania,-20.2833,47.2833,2007-03-01,2007,3,March,Rainy,19.54,4.58
Amoron'i Mania,-20.2833,47.2833,2007-04-01,2007,4,April,Rainy,18.46,5.98
Amoron'i Mania,-20.2833,47.2833,2007-05-01,2007,5,May,Dry,16.72,1.63
Amoron'i Mania,-20.2833,47.2833,2007-06-01,2007,6,June,Dry,13.69,0.72
Amoron'i Mania,-20.2833,47.2833,2007-07-01,2007,7,July,Dry,13.62,0.75
Amoron'i Mania,-20.2833,47.2833,2007-08-01,2007,8,August,Dry,13.81,0.45
Amoron'i Mania,-20.2833,47.2833,2007-09-01,2007,9,September,Dry,15.31,1.87
Amoron'i Mania,-20.2833,47.2833,2007-10-01,2007,10,October,Dry,16.91,2.19
Amoron'i Mania,-20.2833,47.2833,2007-11-01,2007,11,November,Rainy,19.5,9.18
Amoron'i Mania,-20.2833,47.2833,2007-12-01,2007,12,December,Rainy,19.97,9.83
Amoron'i Mania,-20.2833,47.2833,2008-01-01,2008,1,January,Rainy,20.46,9.99
Amoron'i Mania,-20.2833,47.2833,2008-02-01,2008,2,February,Rainy,19.65,13.83
Amoron'i Mania,-20.2833,47.2833,2008-03-01,2008,3,March,Rainy,18.55,4.09
Amoron'i Mania,-20.2833,47.2833,2008-04-01,2008,4,April,Rainy,18.54,1.19
Amoron'i Mania,-20.2833,47.2833,2008-05-01,2008,5,May,Dry,15.35,1.11
Amoron'i Mania,-20.2833,47.2833,2008-06-01,2008,6,June,Dry,13.41,0.86
Amoron'i Mania,-20.2833,47.2833,2008-07-01,2008,7,July,Dry,13.02,1.84
Amoron'i Mania,-20.2833,47.2833,2008-08-01,2008,8,August,Dry,14.32,0.3
Amoron'i Mania,-20.2833,47.2833,2008-09-01,2008,9,September,Dry,16.61,1.1
Amoron'i Mania,-20.2833,47.2833,2008-10-01,2008,10,October,Dry,18.12,6.83
Amoron'i Mania,-20.2833,47.2833,2008-11-01,2008,11,November,Rainy,19.54,9.04
Amoron'i Mania,-20.2833,47.2833,2008-12-01,2008,12,December,Rainy,20.36,6.25
Amoron'i Mania,-20.2833,47.2833,2009-01-01,2009,1,January,Rainy,21.1,17.43
Amoron'i Mania,-20.2833,47.2833,2009-02-01,2009,2,February,Rainy,19.77,11.44
Amoron'i Mania,-20.2833,47.2833,2009-03-01,2009,3,March,Rainy,20.05,9.82
Amoron'i Mania,-20.2833,47.2833,2009-04-01,2009,4,April,Rainy,17.56,4.87
Amoron'i Mania,-20.2833,47.2833,2009-05-01,2009,5,May,Dry,16.39,0.46
Amoron'i Mania,-20.2833,47.2833,2009-06-01,2009,6,June,Dry,14.91,0.42
Amoron'i Mania,-20.2833,47.2833,2009-07-01,2009,7,July,Dry,13.08,3.82
Amoron'i Mania,-20.2833,47.2833,2009-08-01,2009,8,August,Dry,14.28,1.39
Amoron'i Mania,-20.2833,47.2833,2009-09-01,2009,9,September,Dry,16.04,0.63
Amoron'i Mania,-20.2833,47.2833,2009-10-01,2009,10,October,Dry,17.96,4.89
Amoron'i Mania,-20.2833,47.2833,2009-11-01,2009,11,November,Rainy,18.73,5.56
Amoron'i Mania,-20.2833,47.2833,2009-12-01,2009,12,December,Rainy,20.14,12.18
Amoron'i Mania,-20.2833,47.2833,2010-01-01,2010,1,January,Rainy,20.17,12.19
Amoron'i Mania,-20.2833,47.2833,2010-02-01,2010,2,February,Rainy,19.94,6.11
Amoron'i Mania,-20.2833,47.2833,2010-03-01,2010,3,March,Rainy,20.29,13.8
Amoron'i Mania,-20.2833,47.2833,2010-04-01,2010,4,April,Rainy,18.59,1.87
Amoron'i Mania,-20.2833,47.2833,2010-05-01,2010,5,May,Dry,17.45,2.99
Amoron'i Mania,-20.2833,47.2833,2010-06-01,2010,6,June,Dry,14.94,1.81
Amoron'i Mania,-20.2833,47.2833,2010-07-01,2010,7,July,Dry,13.09,3.1
Amoron'i Mania,-20.2833,47.2833,2010-08-01,2010,8,August,Dry,13.39,1.5
Amoron'i Mania,-20.2833,47.2833,2010-09-01,2010,9,September,Dry,15.36,0.32
Amoron'i Mania,-20.2833,47.2833,2010-10-01,2010,10,October,Dry,18.22,1.64
Amoron'i Mania,-20.2833,47.2833,2010-11-01,2010,11,November,Rainy,19.07,3.64
Amoron'i Mania,-20.2833,47.2833,2010-12-01,2010,12,December,Rainy,20.35,7.84
Amoron'i Mania,-20.2833,47.2833,2011-01-01,2011,1,January,Rainy,20.14,12.24
Amoron'i Mania,-20.2833,47.2833,2011-02-01,2011,2,February,Rainy,20.21,9.95
Amoron'i Mania,-20.2833,47.2833,2011-03-01,2011,3,March,Rainy,19.3,11.03
Amoron'i Mania,-20.2833,47.2833,2011-04-01,2011,4,April,Rainy,19.51,3.44
Amoron'i Mania,-20.2833,47.2833,2011-05-01,2011,5,May,Dry,17.11,0.88
Amoron'i Mania,-20.2833,47.2833,2011-06-01,2011,6,June,Dry,15.38,0.15
Amoron'i Mania,-20.2833,47.2833,2011-07-01,2011,7,July,Dry,13.88,0.17
Amoron'i Mania,-20.2833,47.2833,2011-08-01,2011,8,August,Dry,14.92,1.27
Amoron'i Mania,-20.2833,47.2833,2011-09-01,2011,9,September,Dry,16.07,0.29
Amoron'i Mania,-20.2833,47.2833,2011-10-01,2011,10,October,Dry,18.6,3.88
Amoron'i Mania,-20.2833,47.2833,2011-11-01,2011,11,November,Rainy,19.97,6.09
Amoron'i Mania,-20.2833,47.2833,2011-12-01,2011,12,December,Rainy,20.66,7.91
Amoron'i Mania,-20.2833,47.2833,2012-01-01,2012,1,January,Rainy,19.79,13.32
Amoron'i Mania,-20.2833,47.2833,2012-02-01,2012,2,February,Rainy,20.4,18.23
Amoron'i Mania,-20.2833,47.2833,2012-03-01,2012,3,March,Rainy,18.94,11.87
Amoron'i Mania,-20.2833,47.2833,2012-04-01,2012,4,April,Rainy,18.25,6.93
Amoron'i Mania,-20.2833,47.2833,2012-05-01,2012,5,May,Dry,16.23,5.7
Amoron'i Mania,-20.2833,47.2833,2012-06-01,2012,6,June,Dry,14.52,4.18
Amoron'i Mania,-20.2833,47.2833,2012-07-01,2012,7,July,Dry,13.59,2.22
Amoron'i Mania,-20.2833,47.2833,2012-08-01,2012,8,August,Dry,14.48,1.36
Amoron'i Mania,-20.2833,47.2833,2012-09-01,2012,9,September,Dry,15.59,2.48
Amoron'i Mania,-20.2833,47.2833,2012-10-01,2012,10,October,Dry,18.16,4.07
Amoron'i Mania,-20.2833,47.2833,2012-11-01,2012,11,November,Rainy,19.01,9.19
Amoron'i Mania,-20.2833,47.2833,2012-12-01,2012,12,December,Rainy,19.36,10.38
Amoron'i Mania,-20.2833,47.2833,2013-01-01,2013,1,January,Rainy,20.27,14.04
Amoron'i Mania,-20.2833,47.2833,2013-02-01,2013,2,February,Rainy,19.97,25.19
Amoron'i Mania,-20.2833,47.2833,2013-03-01,2013,3,March,Rainy,19.01,10.58
Amoron'i Mania,-20.2833,47.2833,2013-04-01,2013,4,April,Rainy,17.55,6.49
Amoron'i Mania,-20.2833,47.2833,2013-05-01,2013,5,May,Dry,16.04,2.15
Amoron'i Mania,-20.2833,47.2833,2013-06-01,2013,6,June,Dry,13.04,4.17
Amoron'i Mania,-20.2833,47.2833,2013-07-01,2013,7,July,Dry,12.81,3.11
Amoron'i Mania,-20.2833,47.2833,2013-08-01,2013,8,August,Dry,13.36,5.6
Amoron'i Mania,-20.2833,47.2833,2013-09-01,2013,9,September,Dry,15.78,3.92
Amoron'i Mania,-20.2833,47.2833,2013-10-01,2013,10,October,Dry,17.64,7.89
Amoron'i Mania,-20.2833,47.2833,2013-11-01,2013,11,November,Rainy,20.3,11.17
Amoron'i Mania,-20.2833,47.2833,2013-12-01,2013,12,December,Rainy,19.9,17.4
Amoron'i Mania,-20.2833,47.2833,2014-01-01,2014,1,January,Rainy,20.35,23.38
Amoron'i Mania,-20.2833,47.2833,2014-02-01,2014,2,February,Rainy,19.64,11.25
Amoron'i Mania,-20.2833,47.2833,2014-03-01,2014,3,March,Rainy,19.25,10.4
Amoron'i Mania,-20.2833,47.2833,2014-04-01,2014,4,April,Rainy,17.46,4.18
Amoron'i Mania,-20.2833,47.2833,2014-05-01,2014,5,May,Dry,15.34,4.28
Amoron'i Mania,-20.2833,47.2833,2014-06-01,2014,6,June,Dry,14.05,3.71
Amoron'i Mania,-20.2833,47.2833,2014-07-01,2014,7,July,Dry,13.45,8.53
Amoron'i Mania,-20.2833,47.2833,2014-08-01,2014,8,August,Dry,14.36,3.46
Amoron'i Mania,-20.2833,47.2833,2014-09-01,2014,9,September,Dry,15.28,2.64
Amoron'i Mania,-20.2833,47.2833,2014-10-01,2014,10,October,Dry,18.66,4.2
Amoron'i Mania,-20.2833,47.2833,2014-11-01,2014,11,November,Rainy,19.82,10.56
Amoron'i Mania,-20.2833,47.2833,2014-12-01,2014,12,December,Rainy,20.86,11.38
Amoron'i Mania,-20.2833,47.2833,2015-01-01,2015,1,January,Rainy,20.09,23.27
Amoron'i Mania,-20.2833,47.2833,2015-02-01,2015,2,February,Rainy,19.59,41.3
Amoron'i Mania,-20.2833,47.2833,2015-03-01,2015,3,March,Rainy,19.03,28.12
Amoron'i Mania,-20.2833,47.2833,2015-04-01,2015,4,April,Rainy,18.69,1.23
Amoron'i Mania,-20.2833,47.2833,2015-05-01,2015,5,May,Dry,16.83,2.23
Amoron'i Mania,-20.2833,47.2833,2015-06-01,2015,6,June,Dry,14.56,2.05
Amoron'i Mania,-20.2833,47.2833,2015-07-01,2015,7,July,Dry,13.72,1.59
Amoron'i Mania,-20.2833,47.2833,2015-08-01,2015,8,August,Dry,14.1,1.33
Amoron'i Mania,-20.2833,47.2833,2015-09-01,2015,9,September,Dry,15.34,1.82
Amoron'i Mania,-20.2833,47.2833,2015-10-01,2015,10,October,Dry,17.98,5.49
Amoron'i Mania,-20.2833,47.2833,2015-11-01,2015,11,November,Rainy,19.26,8.79
Amoron'i Mania,-20.2833,47.2833,2015-12-01,2015,12,December,Rainy,20.77,20.87
Amoron'i Mania,-20.2833,47.2833,2016-01-01,2016,1,January,Rainy,19.86,13.75
Amoron'i Mania,-20.2833,47.2833,2016-02-01,2016,2,February,Rainy,20.3,9.1
Amoron'i Mania,-20.2833,47.2833,2016-03-01,2016,3,March,Rainy,20.2,15.12
Amoron'i Mania,-20.2833,47.2833,2016-04-01,2016,4,April,Rainy,18.53,1.37
Amoron'i Mania,-20.2833,47.2833,2016-05-01,2016,5,May,Dry,14.89,3.95
Amoron'i Mania,-20.2833,47.2833,2016-06-01,2016,6,June,Dry,13.55,4.03
Amoron'i Mania,-20.2833,47.2833,2016-07-01,2016,7,July,Dry,13.01,1.7
Amoron'i Mania,-20.2833,47.2833,2016-08-01,2016,8,August,Dry,14.37,0.58
Amoron'i Mania,-20.2833,47.2833,2016-09-01,2016,9,September,Dry,14.9,0.91
Amoron'i Mania,-20.2833,47.2833,2016-10-01,2016,10,October,Dry,18.28,3.28
Amoron'i Mania,-20.2833,47.2833,2016-11-01,2016,11,November,Rainy,19.57,7.69
Amoron'i Mania,-20.2833,47.2833,2016-12-01,2016,12,December,Rainy,20.34,3.15
Amoron'i Mania,-20.2833,47.2833,2017-01-01,2017,1,January,Rainy,20.24,9.96
Amoron'i Mania,-20.2833,47.2833,2017-02-01,2017,2,February,Rainy,20.52,16.21
Amoron'i Mania,-20.2833,47.2833,2017-03-01,2017,3,March,Rainy,19.94,15.27
Amoron'i Mania,-20.2833,47.2833,2017-04-01,2017,4,April,Rainy,18.33,4.29
Amoron'i Mania,-20.2833,47.2833,2017-05-01,2017,5,May,Dry,16.41,1.75
Amoron'i Mania,-20.2833,47.2833,2017-06-01,2017,6,June,Dry,15.04,3.35
Amoron'i Mania,-20.2833,47.2833,2017-07-01,2017,7,July,Dry,13.81,1.74
Amoron'i Mania,-20.2833,47.2833,2017-08-01,2017,8,August,Dry,14.49,3.02
Amoron'i Mania,-20.2833,47.2833,2017-09-01,2017,9,September,Dry,16.16,1.03
Amoron'i Mania,-20.2833,47.2833,2017-10-01,2017,10,October,Dry,18.49,2.09
Amoron'i Mania,-20.2833,47.2833,2017-11-01,2017,11,November,Rainy,19.2,16.63
Amoron'i Mania,-20.2833,47.2833,2017-12-01,2017,12,December,Rainy,20.28,20.65
Amoron'i Mania,-20.2833,47.2833,2018-01-01,2018,1,January,Rainy,19.88,18.69
Amoron'i Mania,-20.2833,47.2833,2018-02-01,2018,2,February,Rainy,20.38,11.55
Amoron'i Mania,-20.2833,47.2833,2018-03-01,2018,3,March,Rainy,19.5,8.06
Amoron'i Mania,-20.2833,47.2833,2018-04-01,2018,4,April,Rainy,17.81,13.89
Amoron'i Mania,-20.2833,47.2833,2018-05-01,2018,5,May,Dry,16.84,2.81
Amoron'i Mania,-20.2833,47.2833,2018-06-01,2018,6,June,Dry,14.47,1.17
Amoron'i Mania,-20.2833,47.2833,2018-07-01,2018,7,July,Dry,13.01,4.44
Amoron'i Mania,-20.2833,47.2833,2018-08-01,2018,8,August,Dry,14.52,0.72
Amoron'i Mania,-20.2833,47.2833,2018-09-01,2018,9,September,Dry,15.83,1.36
Amoron'i Mania,-20.2833,47.2833,2018-10-01,2018,10,October,Dry,17.33,3.55
Amoron'i Mania,-20.2833,47.2833,2018-11-01,2018,11,November,Rainy,19.48,17.49
Amoron'i Mania,-20.2833,47.2833,2018-12-01,2018,12,December,Rainy,20.19,12.71
Amoron'i Mania,-20.2833,47.2833,2019-01-01,2019,1,January,Rainy,20.73,19.9
Amoron'i Mania,-20.2833,47.2833,2019-02-01,2019,2,February,Rainy,20.57,15.05
Amoron'i Mania,-20.2833,47.2833,2019-03-01,2019,3,March,Rainy,20.28,10.41
Amoron'i Mania,-20.2833,47.2833,2019-04-01,2019,4,April,Rainy,19.69,5.67
Amoron'i Mania,-20.2833,47.2833,2019-05-01,2019,5,May,Dry,16.59,2.96
Amoron'i Mania,-20.2833,47.2833,2019-06-01,2019,6,June,Dry,14.75,4.25
Amoron'i Mania,-20.2833,47.2833,2019-07-01,2019,7,July,Dry,13.9,0.82
Amoron'i Mania,-20.2833,47.2833,2019-08-01,2019,8,August,Dry,14.44,0.42
Amoron'i Mania,-20.2833,47.2833,2019-09-01,2019,9,September,Dry,16.41,2.76
Amoron'i Mania,-20.2833,47.2833,2019-10-01,2019,10,October,Dry,19.06,4.07
Amoron'i Mania,-20.2833,47.2833,2019-11-01,2019,11,November,Rainy,20.29,11.0
Amoron'i Mania,-20.2833,47.2833,2019-12-01,2019,12,December,Rainy,20.86,7.58
Amoron'i Mania,-20.2833,47.2833,2020-01-01,2020,1,January,Rainy,20.02,25.23
Amoron'i Mania,-20.2833,47.2833,2020-02-01,2020,2,February,Rainy,19.78,16.52
Amoron'i Mania,-20.2833,47.2833,2020-03-01,2020,3,March,Rainy,19.65,22.3
Amoron'i Mania,-20.2833,47.2833,2020-04-01,2020,4,April,Rainy,17.77,22.6
Amoron'i Mania,-20.2833,47.2833,2020-05-01,2020,5,May,Dry,16.47,5.96
Amoron'i Mania,-20.2833,47.2833,2020-06-01,2020,6,June,Dry,14.24,12.37
Amoron'i Mania,-20.2833,47.2833,2020-07-01,2020,7,July,Dry,12.75,7.6
Amoron'i Mania,-20.2833,47.2833,2020-08-01,2020,8,August,Dry,14.28,0.81
Amoron'i Mania,-20.2833,47.2833,2020-09-01,2020,9,September,Dry,15.5,3.7
Amoron'i Mania,-20.2833,47.2833,2020-10-01,2020,10,October,Dry,18.17,4.15
Amoron'i Mania,-20.2833,47.2833,2020-11-01,2020,11,November,Rainy,19.52,4.81
Amoron'i Mania,-20.2833,47.2833,2020-12-01,2020,12,December,Rainy,19.96,11.89
Amoron'i Mania,-20.2833,47.2833,2021-01-01,2021,1,January,Rainy,21.06,11.35
Amoron'i Mania,-20.2833,47.2833,2021-02-01,2021,2,February,Rainy,20.33,21.87
Amoron'i Mania,-20.2833,47.2833,2021-03-01,2021,3,March,Rainy,19.49,16.39
Amoron'i Mania,-20.2833,47.2833,2021-04-01,2021,4,April,Rainy,17.97,6.56
Amoron'i Mania,-20.2833,47.2833,2021-05-01,2021,5,May,Dry,16.07,3.92
Amoron'i Mania,-20.2833,47.2833,2021-06-01,2021,6,June,Dry,13.89,8.05
Amoron'i Mania,-20.2833,47.2833,2021-07-01,2021,7,July,Dry,13.47,8.06
Amoron'i Mania,-20.2833,47.2833,2021-08-01,2021,8,August,Dry,14.7,6.17
Amoron'i Mania,-20.2833,47.2833,2021-09-01,2021,9,September,Dry,15.39,3.78
Amoron'i Mania,-20.2833,47.2833,2021-10-01,2021,10,October,Dry,17.74,2.79
Amoron'i Mania,-20.2833,47.2833,2021-11-01,2021,11,November,Rainy,20.45,3.89
Amoron'i Mania,-20.2833,47.2833,2021-12-01,2021,12,December,Rainy,20.38,12.35
Amoron'i Mania,-20.2833,47.2833,2022-01-01,2022,1,January,Rainy,20.05,22.07
Amoron'i Mania,-20.2833,47.2833,2022-02-01,2022,2,February,Rainy,20.02,23.25
Amoron'i Mania,-20.2833,47.2833,2022-03-01,2022,3,March,Rainy,19.74,23.09
Amoron'i Mania,-20.2833,47.2833,2022-04-01,2022,4,April,Rainy,18.38,7.71
Amoron'i Mania,-20.2833,47.2833,2022-05-01,2022,5,May,Dry,16.09,5.79
Amoron'i Mania,-20.2833,47.2833,2022-06-01,2022,6,June,Dry,13.63,13.54
Amoron'i Mania,-20.2833,47.2833,2022-07-01,2022,7,July,Dry,13.1,6.98
Amoron'i Mania,-20.2833,47.2833,2022-08-01,2022,8,August,Dry,14.2,3.11
Amoron'i Mania,-20.2833,47.2833,2022-09-01,2022,9,September,Dry,14.46,2.49
Amoron'i Mania,-20.2833,47.2833,2022-10-01,2022,10,October,Dry,17.06,4.8
Amoron'i Mania,-20.2833,47.2833,2022-11-01,2022,11,November,Rainy,19.41,11.97
Amoron'i Mania,-20.2833,47.2833,2022-12-01,2022,12,December,Rainy,19.45,16.84
Amoron'i Mania,-20.2833,47.2833,2023-01-01,2023,1,January,Rainy,19.8,29.87
Amoron'i Mania,-20.2833,47.2833,2023-02-01,2023,2,February,Rainy,19.73,20.35
Amoron'i Mania,-20.2833,47.2833,2023-03-01,2023,3,March,Rainy,19.71,28.46
Amoron'i Mania,-20.2833,47.2833,2023-04-01,2023,4,April,Rainy,18.57,7.57
Amoron'i Mania,-20.2833,47.2833,2023-05-01,2023,5,May,Dry,16.76,5.56
Amoron'i Mania,-20.2833,47.2833,2023-06-01,2023,6,June,Dry,14.72,1.58
Amoron'i Mania,-20.2833,47.2833,2023-07-01,2023,7,July,Dry,13.97,5.24
Amoron'i Mania,-20.2833,47.2833,2023-08-01,2023,8,August,Dry,15.34,13.95
Amoron'i Mania,-20.2833,47.2833,2023-09-01,2023,9,September,Dry,16.44,1.37
Amoron'i Mania,-20.2833,47.2833,2023-10-01,2023,10,October,Dry,19.68,6.84
Amoron'i Mania,-20.2833,47.2833,2023-11-01,2023,11,November,Rainy,19.56,5.43
Amoron'i Mania,-20.2833,47.2833,2023-12-01,2023,12,December,Rainy,20.97,12.02
Amoron'i Mania,-20.2833,47.2833,2024-01-01,2024,1,January,Rainy,20.89,23.0
Amoron'i Mania,-20.2833,47.2833,2024-02-01,2024,2,February,Rainy,19.98,29.28
Amoron'i Mania,-20.2833,47.2833,2024-03-01,2024,3,March,Rainy,19.91,21.98
Amoron'i Mania,-20.2833,47.2833,2024-04-01,2024,4,April,Rainy,19.3,15.64
Amoron'i Mania,-20.2833,47.2833,2024-05-01,2024,5,May,Dry,16.0,12.0
Amoron'i Mania,-20.2833,47.2833,2024-06-01,2024,6,June,Dry,14.98,4.07
Amoron'i Mania,-20.2833,47.2833,2024-07-01,2024,7,July,Dry,14.15,0.38
Amoron'i Mania,-20.2833,47.2833,2024-08-01,2024,8,August,Dry,14.49,4.43
Amoron'i Mania,-20.2833,47.2833,2024-09-01,2024,9,September,Dry,16.91,3.72
Amoron'i Mania,-20.2833,47.2833,2024-10-01,2024,10,October,Dry,17.57,2.81
Amoron'i Mania,-20.2833,47.2833,2024-11-01,2024,11,November,Rainy,20.64,3.69
Amoron'i Mania,-20.2833,47.2833,2024-12-01,2024,12,December,Rainy,20.93,5.51
Analamanga,-18.8792,47.5079,2005-01-01,2005,1,January,Rainy,19.35,11.56
Analamanga,-18.8792,47.5079,2005-02-01,2005,2,February,Rainy,19.87,16.58
Analamanga,-18.8792,47.5079,2005-03-01,2005,3,March,Rainy,19.11,10.2
Analamanga,-18.8792,47.5079,2005-04-01,2005,4,April,Rainy,17.63,4.54
Analamanga,-18.8792,47.5079,2005-05-01,2005,5,May,Dry,15.5,4.39
Analamanga,-18.8792,47.5079,2005-06-01,2005,6,June,Dry,13.41,3.04
Analamanga,-18.8792,47.5079,2005-07-01,2005,7,July,Dry,12.14,3.97
Analamanga,-18.8792,47.5079,2005-08-01,2005,8,August,Dry,12.11,2.32
Analamanga,-18.8792,47.5079,2005-09-01,2005,9,September,Dry,13.51,1.75
Analamanga,-18.8792,47.5079,2005-10-01,2005,10,October,Dry,16.11,1.13
Analamanga,-18.8792,47.5079,2005-11-01,2005,11,November,Rainy,18.28,8.28
Analamanga,-18.8792,47.5079,2005-12-01,2005,12,December,Rainy,19.31,20.9
Analamanga,-18.8792,47.5079,2006-01-01,2006,1,January,Rainy,18.68,7.96
Analamanga,-18.8792,47.5079,2006-02-01,2006,2,February,Rainy,18.89,7.0
Analamanga,-18.8792,47.5079,2006-03-01,2006,3,March,Rainy,18.62,9.36
Analamanga,-18.8792,47.5079,2006-04-01,2006,4,April,Rainy,17.46,2.25
Analamanga,-18.8792,47.5079,2006-05-01,2006,5,May,Dry,15.71,0.92
Analamanga,-18.8792,47.5079,2006-06-01,2006,6,June,Dry,13.79,2.84
Analamanga,-18.8792,47.5079,2006-07-01,2006,7,July,Dry,12.62,3.4
Analamanga,-18.8792,47.5079,2006-08-01,2006,8,August,Dry,13.01,1.83
Analamanga,-18.8792,47.5079,2006-09-01,2006,9,September,Dry,14.23,1.09
Analamanga,-18.8792,47.5079,2006-10-01,2006,10,October,Dry,16.26,2.11
Analamanga,-18.8792,47.5079,2006-11-01,2006,11,November,Rainy,18.6,11.34
Analamanga,-18.8792,47.5079,2006-12-01,2006,12,December,Rainy,18.89,10.94
Analamanga,-18.8792,47.5079,2007-01-01,2007,1,January,Rainy,19.26,29.59
Analamanga,-18.8792,47.5079,2007-02-01,2007,2,February,Rainy,19.29,16.27
Analamanga,-18.8792,47.5079,2007-03-01,2007,3,March,Rainy,18.4,4.82
Analamanga,-18.8792,47.5079,2007-04-01,2007,4,April,Rainy,17.41,4.04
Analamanga,-18.8792,47.5079,2007-05-01,2007,5,May,Dry,15.94,2.41
Analamanga,-18.8792,47.5079,2007-06-01,2007,6,June,Dry,12.58,1.78
Analamanga,-18.8792,47.5079,2007-07-01,2007,7,July,Dry,12.66,2.97
Analamanga,-18.8792,47.5079,2007-08-01,2007,8,August,Dry,12.75,2.07
Analamanga,-18.8792,47.5079,2007-09-01,2007,9,September,Dry,14.41,1.9
Analamanga,-18.8792,47.5079,2007-10-01,2007,10,October,Dry,16.3,3.42
Analamanga,-18.8792,47.5079,2007-11-01,2007,11,November,Rainy,18.63,5.83
Analamanga,-18.8792,47.5079,2007-12-01,2007,12,December,Rainy,19.31,9.14
Analamanga,-18.8792,47.5079,2008-01-01,2008,1,January,Rainy,19.23,10.8
Analamanga,-18.8792,47.5079,2008-02-01,2008,2,February,Rainy,18.6,14.89
Analamanga,-18.8792,47.5079,2008-03-01,2008,3,March,Rainy,17.84,5.03
Analamanga,-18.8792,47.5079,2008-04-01,2008,4,April,Rainy,17.51,2.4
Analamanga,-18.8792,47.5079,2008-05-01,2008,5,May,Dry,14.54,1.53
Analamanga,-18.8792,47.5079,2008-06-01,2008,6,June,Dry,12.55,2.33
Analamanga,-18.8792,47.5079,2008-07-01,2008,7,July,Dry,12.15,2.15
Analamanga,-18.8792,47.5079,2008-08-01,2008,8,August,Dry,13.39,0.93
Analamanga,-18.8792,47.5079,2008-09-01,2008,9,September,Dry,15.76,2.21
Analamanga,-18.8792,47.5079,2008-10-01,2008,10,October,Dry,16.93,5.53
Analamanga,-18.8792,47.5079,2008-11-01,2008,11,November,Rainy,19.03,7.5
Analamanga,-18.8792,47.5079,2008-12-01,2008,12,December,Rainy,19.63,4.59
Analamanga,-18.8792,47.5079,2009-01-01,2009,1,January,Rainy,20.02,13.19
Analamanga,-18.8792,47.5079,2009-02-01,2009,2,February,Rainy,18.97,11.27
Analamanga,-18.8792,47.5079,2009-03-01,2009,3,March,Rainy,19.11,9.94
Analamanga,-18.8792,47.5079,2009-04-01,2009,4,April,Rainy,16.78,8.93
Analamanga,-18.8792,47.5079,2009-05-01,2009,5,May,Dry,15.61,1.01
Analamanga,-18.8792,47.5079,2009-06-01,2009,6,June,Dry,13.97,1.11
Analamanga,-18.8792,47.5079,2009-07-01,2009,7,July,Dry,12.48,3.24
Analamanga,-18.8792,47.5079,2009-08-01,2009,8,August,Dry,13.6,3.39
Analamanga,-18.8792,47.5079,2009-09-01,2009,9,September,Dry,15.31,1.75
Analamanga,-18.8792,47.5079,2009-10-01,2009,10,October,Dry,17.12,4.88
Analamanga,-18.8792,47.5079,2009-11-01,2009,11,November,Rainy,18.5,4.8
Analamanga,-18.8792,47.5079,2009-12-01,2009,12,December,Rainy,19.32,12.87
Analamanga,-18.8792,47.5079,2010-01-01,2010,1,January,Rainy,19.28,12.43
Analamanga,-18.8792,47.5079,2010-02-01,2010,2,February,Rainy,19.13,5.91
Analamanga,-18.8792,47.5079,2010-03-01,2010,3,March,Rainy,19.32,13.07
Analamanga,-18.8792,47.5079,2010-04-01,2010,4,April,Rainy,17.49,1.54
Analamanga,-18.8792,47.5079,2010-05-01,2010,5,May,Dry,16.51,1.51
Analamanga,-18.8792,47.5079,2010-06-01,2010,6,June,Dry,13.97,3.1
Analamanga,-18.8792,47.5079,2010-07-01,2010,7,July,Dry,12.09,3.71
Analamanga,-18.8792,47.5079,2010-08-01,2010,8,August,Dry,12.41,2.71
Analamanga,-18.8792,47.5079,2010-09-01,2010,9,September,Dry,14.75,0.41
Analamanga,-18.8792,47.5079,2010-10-01,2010,10,October,Dry,17.87,2.01
Analamanga,-18.8792,47.5079,2010-11-01,2010,11,November,Rainy,18.02,5.41
Analamanga,-18.8792,47.5079,2010-12-01,2010,12,December,Rainy,19.31,7.24
Analamanga,-18.8792,47.5079,2011-01-01,2011,1,January,Rainy,19.1,11.89
Analamanga,-18.8792,47.5079,2011-02-01,2011,2,February,Rainy,19.17,11.23
Analamanga,-18.8792,47.5079,2011-03-01,2011,3,March,Rainy,18.09,10.63
Analamanga,-18.8792,47.5079,2011-04-01,2011,4,April,Rainy,18.24,6.06
Analamanga,-18.8792,47.5079,2011-05-01,2011,5,May,Dry,16.07,1.95
Analamanga,-18.8792,47.5079,2011-06-01,2011,6,June,Dry,14.19,1.1
Analamanga,-18.8792,47.5079,2011-07-01,2011,7,July,Dry,13.08,1.02
Analamanga,-18.8792,47.5079,2011-08-01,2011,8,August,Dry,14.06,1.64
Analamanga,-18.8792,47.5079,2011-09-01,2011,9,September,Dry,14.85,1.14
Analamanga,-18.8792,47.5079,2011-10-01,2011,10,October,Dry,17.52,5.35
Analamanga,-18.8792,47.5079,2011-11-01,2011,11,November,Rainy,19.15,5.05
Analamanga,-18.8792,47.5079,2011-12-01,2011,12,December,Rainy,19.73,7.95
Analamanga,-18.8792,47.5079,2012-01-01,2012,1,January,Rainy,18.72,11.99
Analamanga,-18.8792,47.5079,2012-02-01,2012,2,February,Rainy,19.55,17.32
Analamanga,-18.8792,47.5079,2012-03-01,2012,3,March,Rainy,18.1,9.51
Analamanga,-18.8792,47.5079,2012-04-01,2012,4,April,Rainy,17.48,10.81
Analamanga,-18.8792,47.5079,2012-05-01,2012,5,May,Dry,15.41,3.74
Analamanga,-18.8792,47.5079,2012-06-01,2012,6,June,Dry,13.3,4.05
Analamanga,-18.8792,47.5079,2012-07-01,2012,7,July,Dry,12.33,2.32
Analamanga,-18.8792,47.5079,2012-08-01,2012,8,August,Dry,13.33,1.24
Analamanga,-18.8792,47.5079,2012-09-01,2012,9,September,Dry,14.58,1.92
Analamanga,-18.8792,47.5079,2012-10-01,2012,10,October,Dry,17.16,3.54
Analamanga,-18.8792,47.5079,2012-11-01,2012,11,November,Rainy,18.52,9.38
Analamanga,-18.8792,47.5079,2012-12-01,2012,12,December,Rainy,18.87,8.24
Analamanga,-18.8792,47.5079,2013-01-01,2013,1,January,Rainy,19.25,14.99
Analamanga,-18.8792,47.5079,2013-02-01,2013,2,February,Rainy,19.02,14.63
Analamanga,-18.8792,47.5079,2013-03-01,2013,3,March,Rainy,18.27,13.51
Analamanga,-18.8792,47.5079,2013-04-01,2013,4,April,Rainy,16.92,2.49
Analamanga,-18.8792,47.5079,2013-05-01,2013,5,May,Dry,15.3,2.1
Analamanga,-18.8792,47.5079,2013-06-01,2013,6,June,Dry,11.97,1.62
Analamanga,-18.8792,47.5079,2013-07-01,2013,7,July,Dry,12.09,1.81
Analamanga,-18.8792,47.5079,2013-08-01,2013,8,August,Dry,12.5,1.75
Analamanga,-18.8792,47.5079,2013-09-01,2013,9,September,Dry,14.97,1.44
Analamanga,-18.8792,47.5079,2013-10-01,2013,10,October,Dry,17.2,5.79
Analamanga,-18.8792,47.5079,2013-11-01,2013,11,November,Rainy,19.41,6.55
Analamanga,-18.8792,47.5079,2013-12-01,2013,12,December,Rainy,19.06,16.43
Analamanga,-18.8792,47.5079,2014-01-01,2014,1,January,Rainy,19.01,15.06
Analamanga,-18.8792,47.5079,2014-02-01,2014,2,February,Rainy,18.87,11.38
Analamanga,-18.8792,47.5079,2014-03-01,2014,3,March,Rainy,18.38,6.0
Analamanga,-18.8792,47.5079,2014-04-01,2014,4,April,Rainy,16.47,1.83
Analamanga,-18.8792,47.5079,2014-05-01,2014,5,May,Dry,14.61,2.04
Analamanga,-18.8792,47.5079,2014-06-01,2014,6,June,Dry,12.9,2.6
Analamanga,-18.8792,47.5079,2014-07-01,2014,7,July,Dry,12.57,4.72
Analamanga,-18.8792,47.5079,2014-08-01,2014,8,August,Dry,13.65,1.45
Analamanga,-18.8792,47.5079,2014-09-01,2014,9,September,Dry,14.32,1.09
Analamanga,-18.8792,47.5079,2014-10-01,2014,10,October,Dry,18.45,0.95
Analamanga,-18.8792,47.5079,2014-11-01,2014,11,November,Rainy,19.21,9.56
Analamanga,-18.8792,47.5079,2014-12-01,2014,12,December,Rainy,19.78,12.41
Analamanga,-18.8792,47.5079,2015-01-01,2015,1,January,Rainy,19.16,19.36
Analamanga,-18.8792,47.5079,2015-02-01,2015,2,February,Rainy,18.32,24.42
Analamanga,-18.8792,47.5079,2015-03-01,2015,3,March,Rainy,18.14,8.65
Analamanga,-18.8792,47.5079,2015-04-01,2015,4,April,Rainy,17.89,1.27
Analamanga,-18.8792,47.5079,2015-05-01,2015,5,May,Dry,15.8,2.11
Analamanga,-18.8792,47.5079,2015-06-01,2015,6,June,Dry,13.89,2.95
Analamanga,-18.8792,47.5079,2015-07-01,2015,7,July,Dry,12.7,1.95
Analamanga,-18.8792,47.5079,2015-08-01,2015,8,August,Dry,13.06,3.16
Analamanga,-18.8792,47.5079,2015-09-01,2015,9,September,Dry,14.76,1.83
Analamanga,-18.8792,47.5079,2015-10-01,2015,10,October,Dry,17.11,3.44
Analamanga,-18.8792,47.5079,2015-11-01,2015,11,November,Rainy,18.72,5.65
Analamanga,-18.8792,47.5079,2015-12-01,2015,12,December,Rainy,20.14,17.83
Analamanga,-18.8792,47.5079,2016-01-01,2016,1,January,Rainy,19.16,16.83
Analamanga,-18.8792,47.5079,2016-02-01,2016,2,February,Rainy,19.2,10.7
Analamanga,-18.8792,47.5079,2016-03-01,2016,3,March,Rainy,19.45,16.17
Analamanga,-18.8792,47.5079,2016-04-01,2016,4,April,Rainy,17.75,3.0
Analamanga,-18.8792,47.5079,2016-05-01,2016,5,May,Dry,14.08,4.5
Analamanga,-18.8792,47.5079,2016-06-01,2016,6,June,Dry,12.55,4.72
Analamanga,-18.8792,47.5079,2016-07-01,2016,7,July,Dry,11.81,2.6
Analamanga,-18.8792,47.5079,2016-08-01,2016,8,August,Dry,13.21,1.19
Analamanga,-18.8792,47.5079,2016-09-01,2016,9,September,Dry,13.87,1.07
Analamanga,-18.8792,47.5079,2016-10-01,2016,10,October,Dry,17.17,2.26
Analamanga,-18.8792,47.5079,2016-11-01,2016,11,November,Rainy,18.81,7.66
Analamanga,-18.8792,47.5079,2016-12-01,2016,12,December,Rainy,19.43,3.39
Analamanga,-18.8792,47.5079,2017-01-01,2017,1,January,Rainy,19.13,11.46
Analamanga,-18.8792,47.5079,2017-02-01,2017,2,February,Rainy,19.52,14.35
Analamanga,-18.8792,47.5079,2017-03-01,2017,3,March,Rainy,19.04,13.63
Analamanga,-18.8792,47.5079,2017-04-01,2017,4,April,Rainy,17.29,3.37
Analamanga,-18.8792,47.5079,2017-05-01,2017,5,May,Dry,15.47,3.23
Analamanga,-18.8792,47.5079,2017-06-01,2017,6,June,Dry,13.95,3.64
Analamanga,-18.8792,47.5079,2017-07-01,2017,7,July,Dry,12.98,4.44
Analamanga,-18.8792,47.5079,2017-08-01,2017,8,August,Dry,13.6,3.37
Analamanga,-18.8792,47.5079,2017-09-01,2017,9,September,Dry,15.47,1.06
Analamanga,-18.8792,47.5079,2017-10-01,2017,10,October,Dry,17.77,3.27
Analamanga,-18.8792,47.5079,2017-11-01,2017,11,November,Rainy,18.54,16.96
Analamanga,-18.8792,47.5079,2017-12-01,2017,12,December,Rainy,19.15,18.02
Analamanga,-18.8792,47.5079,2018-01-01,2018,1,January,Rainy,18.87,15.35
Analamanga,-18.8792,47.5079,2018-02-01,2018,2,February,Rainy,19.28,16.88
Analamanga,-18.8792,47.5079,2018-03-01,2018,3,March,Rainy,18.37,6.34
Analamanga,-18.8792,47.5079,2018-04-01,2018,4,April,Rainy,17.02,8.3
Analamanga,-18.8792,47.5079,2018-05-01,2018,5,May,Dry,15.8,2.4
Analamanga,-18.8792,47.5079,2018-06-01,2018,6,June,Dry,13.43,1.79
Analamanga,-18.8792,47.5079,2018-07-01,2018,7,July,Dry,12.06,3.75
Analamanga,-18.8792,47.5079,2018-08-01,2018,8,August,Dry,13.4,0.95
Analamanga,-18.8792,47.5079,2018-09-01,2018,9,September,Dry,14.85,1.1
Analamanga,-18.8792,47.5079,2018-10-01,2018,10,October,Dry,16.9,2.42
Analamanga,-18.8792,47.5079,2018-11-01,2018,11,November,Rainy,19.05,7.32
Analamanga,-18.8792,47.5079,2018-12-01,2018,12,December,Rainy,19.72,11.89
Analamanga,-18.8792,47.5079,2019-01-01,2019,1,January,Rainy,19.63,16.15
Analamanga,-18.8792,47.5079,2019-02-01,2019,2,February,Rainy,19.66,8.02
Analamanga,-18.8792,47.5079,2019-03-01,2019,3,March,Rainy,19.49,13.58
Analamanga,-18.8792,47.5079,2019-04-01,2019,4,April,Rainy,18.62,6.11
Analamanga,-18.8792,47.5079,2019-05-01,2019,5,May,Dry,15.84,2.87
Analamanga,-18.8792,47.5079,2019-06-01,2019,6,June,Dry,13.78,4.5
Analamanga,-18.8792,47.5079,2019-07-01,2019,7,July,Dry,13.01,1.56
Analamanga,-18.8792,47.5079,2019-08-01,2019,8,August,Dry,13.36,1.0
Analamanga,-18.8792,47.5079,2019-09-01,2019,9,September,Dry,15.91,2.59
Analamanga,-18.8792,47.5079,2019-10-01,2019,10,October,Dry,18.29,2.77
Analamanga,-18.8792,47.5079,2019-11-01,2019,11,November,Rainy,19.57,10.57
Analamanga,-18.8792,47.5079,2019-12-01,2019,12,December,Rainy,19.94,10.01
Analamanga,-18.8792,47.5079,2020-01-01,2020,1,January,Rainy,19.41,17.41
Analamanga,-18.8792,47.5079,2020-02-01,2020,2,February,Rainy,19.12,17.14
Analamanga,-18.8792,47.5079,2020-03-01,2020,3,March,Rainy,19.13,11.07
Analamanga,-18.8792,47.5079,2020-04-01,2020,4,April,Rainy,17.07,27.37
Analamanga,-18.8792,47.5079,2020-05-01,2020,5,May,Dry,15.68,2.68
Analamanga,-18.8792,47.5079,2020-06-01,2020,6,June,Dry,13.31,4.33
Analamanga,-18.8792,47.5079,2020-07-01,2020,7,July,Dry,11.86,3.43
Analamanga,-18.8792,47.5079,2020-08-01,2020,8,August,Dry,13.22,0.86
Analamanga,-18.8792,47.5079,2020-09-01,2020,9,September,Dry,14.8,1.07
Analamanga,-18.8792,47.5079,2020-10-01,2020,10,October,Dry,17.8,3.2
Analamanga,-18.8792,47.5079,2020-11-01,2020,11,November,Rainy,19.09,3.34
Analamanga,-18.8792,47.5079,2020-12-01,2020,12,December,Rainy,19.18,16.86
Analamanga,-18.8792,47.5079,2021-01-01,2021,1,January,Rainy,20.2,11.22
Analamanga,-18.8792,47.5079,2021-02-01,2021,2,February,Rainy,19.26,16.74
Analamanga,-18.8792,47.5079,2021-03-01,2021,3,March,Rainy,18.71,9.51
Analamanga,-18.8792,47.5079,2021-04-01,2021,4,April,Rainy,17.26,5.22
Analamanga,-18.8792,47.5079,2021-05-01,2021,5,May,Dry,15.4,1.89
Analamanga,-18.8792,47.5079,2021-06-01,2021,6,June,Dry,12.86,2.81
Analamanga,-18.8792,47.5079,2021-07-01,2021,7,July,Dry,12.45,4.52
Analamanga,-18.8792,47.5079,2021-08-01,2021,8,August,Dry,13.94,2.26
Analamanga,-18.8792,47.5079,2021-09-01,2021,9,September,Dry,14.54,1.77
Analamanga,-18.8792,47.5079,2021-10-01,2021,10,October,Dry,17.17,1.76
Analamanga,-18.8792,47.5079,2021-11-01,2021,11,November,Rainy,20.01,5.21
Analamanga,-18.8792,47.5079,2021-12-01,2021,12,December,Rainy,19.65,10.32
Analamanga,-18.8792,47.5079,2022-01-01,2022,1,January,Rainy,19.2,16.07
Analamanga,-18.8792,47.5079,2022-02-01,2022,2,February,Rainy,19.26,8.89
Analamanga,-18.8792,47.5079,2022-03-01,2022,3,March,Rainy,19.06,11.42
Analamanga,-18.8792,47.5079,2022-04-01,2022,4,April,Rainy,17.49,4.55
Analamanga,-18.8792,47.5079,2022-05-01,2022,5,May,Dry,15.27,2.46
Analamanga,-18.8792,47.5079,2022-06-01,2022,6,June,Dry,12.7,2.53
Analamanga,-18.8792,47.5079,2022-07-01,2022,7,July,Dry,12.02,2.74
Analamanga,-18.8792,47.5079,2022-08-01,2022,8,August,Dry,12.98,1.09
Analamanga,-18.8792,47.5079,2022-09-01,2022,9,September,Dry,13.67,0.92
Analamanga,-18.8792,47.5079,2022-10-01,2022,10,October,Dry,16.32,1.62
Analamanga,-18.8792,47.5079,2022-11-01,2022,11,November,Rainy,18.59,8.51
Analamanga,-18.8792,47.5079,2022-12-01,2022,12,December,Rainy,18.87,14.31
Analamanga,-18.8792,47.5079,2023-01-01,2023,1,January,Rainy,18.76,18.85
Analamanga,-18.8792,47.5079,2023-02-01,2023,2,February,Rainy,18.55,13.1
Analamanga,-18.8792,47.5079,2023-03-01,2023,3,March,Rainy,18.77,14.14
Analamanga,-18.8792,47.5079,2023-04-01,2023,4,April,Rainy,17.69,6.51
Analamanga,-18.8792,47.5079,2023-05-01,2023,5,May,Dry,15.89,4.0
Analamanga,-18.8792,47.5079,2023-06-01,2023,6,June,Dry,13.68,1.35
Analamanga,-18.8792,47.5079,2023-07-01,2023,7,July,Dry,13.13,1.68
Analamanga,-18.8792,47.5079,2023-08-01,2023,8,August,Dry,14.66,5.03
Analamanga,-18.8792,47.5079,2023-09-01,2023,9,September,Dry,15.28,1.59
Analamanga,-18.8792,47.5079,2023-10-01,2023,10,October,Dry,19.13,5.35
Analamanga,-18.8792,47.5079,2023-11-01,2023,11,November,Rainy,19.1,8.6
Analamanga,-18.8792,47.5079,2023-12-01,2023,12,December,Rainy,20.45,6.06
Analamanga,-18.8792,47.5079,2024-01-01,2024,1,January,Rainy,20.25,17.53
Analamanga,-18.8792,47.5079,2024-02-01,2024,2,February,Rainy,19.53,21.5
Analamanga,-18.8792,47.5079,2024-03-01,2024,3,March,Rainy,18.91,10.88
Analamanga,-18.8792,47.5079,2024-04-01,2024,4,April,Rainy,18.63,5.42
Analamanga,-18.8792,47.5079,2024-05-01,2024,5,May,Dry,14.96,3.79
Analamanga,-18.8792,47.5079,2024-06-01,2024,6,June,Dry,14.18,2.3
Analamanga,-18.8792,47.5079,2024-07-01,2024,7,July,Dry,13.32,0.35
Analamanga,-18.8792,47.5079,2024-08-01,2024,8,August,Dry,13.6,2.55
Analamanga,-18.8792,47.5079,2024-09-01,2024,9,September,Dry,16.08,1.78
Analamanga,-18.8792,47.5079,2024-10-01,2024,10,October,Dry,17.29,2.11
Analamanga,-18.8792,47.5079,2024-11-01,2024,11,November,Rainy,19.98,5.93
Analamanga,-18.8792,47.5079,2024-12-01,2024,12,December,Rainy,20.16,6.4
Analanjirofo,-15.7167,49.6667,2005-01-01,2005,1,January,Rainy,23.39,8.58
Analanjirofo,-15.7167,49.6667,2005-02-01,2005,2,February,Rainy,24.0,13.89
Analanjirofo,-15.7167,49.6667,2005-03-01,2005,3,March,Rainy,23.8,5.7
Analanjirofo,-15.7167,49.6667,2005-04-01,2005,4,April,Rainy,22.43,3.04
Analanjirofo,-15.7167,49.6667,2005-05-01,2005,5,May,Dry,20.65,8.7
Analanjirofo,-15.7167,49.6667,2005-06-01,2005,6,June,Dry,18.57,8.01
Analanjirofo,-15.7167,49.6667,2005-07-01,2005,7,July,Dry,17.5,5.56
Analanjirofo,-15.7167,49.6667,2005-08-01,2005,8,August,Dry,17.07,6.22
Analanjirofo,-15.7167,49.6667,2005-09-01,2005,9,September,Dry,17.9,5.97
Analanjirofo,-15.7167,49.6667,2005-10-01,2005,10,October,Dry,18.83,2.48
Analanjirofo,-15.7167,49.6667,2005-11-01,2005,11,November,Rainy,20.98,3.84
Analanjirofo,-15.7167,49.6667,2005-12-01,2005,12,December,Rainy,22.63,7.7
Analanjirofo,-15.7167,49.6667,2006-01-01,2006,1,January,Rainy,22.53,16.38
Analanjirofo,-15.7167,49.6667,2006-02-01,2006,2,February,Rainy,22.77,18.8
Analanjirofo,-15.7167,49.6667,2006-03-01,2006,3,March,Rainy,22.73,17.33
Analanjirofo,-15.7167,49.6667,2006-04-01,2006,4,April,Rainy,21.83,5.37
Analanjirofo,-15.7167,49.6667,2006-05-01,2006,5,May,Dry,20.83,2.52
Analanjirofo,-15.7167,49.6667,2006-06-01,2006,6,June,Dry,18.91,6.4
Analanjirofo,-15.7167,49.6667,2006-07-01,2006,7,July,Dry,17.73,7.43
Analanjirofo,-15.7167,49.6667,2006-08-01,2006,8,August,Dry,17.67,3.98
Analanjirofo,-15.7167,49.6667,2006-09-01,2006,9,September,Dry,18.14,1.94
Analanjirofo,-15.7167,49.6667,2006-10-01,2006,10,October,Dry,19.36,3.0
Analanjirofo,-15.7167,49.6667,2006-11-01,2006,11,November,Rainy,21.63,10.24
Analanjirofo,-15.7167,49.6667,2006-12-01,2006,12,December,Rainy,22.7,24.45
Analanjirofo,-15.7167,49.6667,2007-01-01,2007,1,January,Rainy,23.5,14.29
Analanjirofo,-15.7167,49.6667,2007-02-01,2007,2,February,Rainy,23.49,13.85
Analanjirofo,-15.7167,49.6667,2007-03-01,2007,3,March,Rainy,22.66,14.59
Analanjirofo,-15.7167,49.6667,2007-04-01,2007,4,April,Rainy,21.63,7.45
Analanjirofo,-15.7167,49.6667,2007-05-01,2007,5,May,Dry,20.77,5.85
Analanjirofo,-15.7167,49.6667,2007-06-01,2007,6,June,Dry,18.25,2.5
Analanjirofo,-15.7167,49.6667,2007-07-01,2007,7,July,Dry,18.17,3.79
Analanjirofo,-15.7167,49.6667,2007-08-01,2007,8,August,Dry,17.89,3.92
Analanjirofo,-15.7167,49.6667,2007-09-01,2007,9,September,Dry,18.16,3.6
Analanjirofo,-15.7167,49.6667,2007-10-01,2007,10,October,Dry,19.43,3.98
Analanjirofo,-15.7167,49.6667,2007-11-01,2007,11,November,Rainy,21.07,2.79
Analanjirofo,-15.7167,49.6667,2007-12-01,2007,12,December,Rainy,22.36,5.2
Analanjirofo,-15.7167,49.6667,2008-01-01,2008,1,January,Rainy,22.86,11.99
Analanjirofo,-15.7167,49.6667,2008-02-01,2008,2,February,Rainy,22.68,12.31
Analanjirofo,-15.7167,49.6667,2008-03-01,2008,3,March,Rainy,22.07,10.01
Analanjirofo,-15.7167,49.6667,2008-04-01,2008,4,April,Rainy,21.33,3.41
Analanjirofo,-15.7167,49.6667,2008-05-01,2008,5,May,Dry,19.83,1.66
Analanjirofo,-15.7167,49.6667,2008-06-01,2008,6,June,Dry,18.16,2.71
Analanjirofo,-15.7167,49.6667,2008-07-01,2008,7,July,Dry,17.24,3.65
Analanjirofo,-15.7167,49.6667,2008-08-01,2008,8,August,Dry,17.66,3.42
Analanjirofo,-15.7167,49.6667,2008-09-01,2008,9,September,Dry,19.24,1.57
Analanjirofo,-15.7167,49.6667,2008-10-01,2008,10,October,Dry,20.42,4.33
Analanjirofo,-15.7167,49.6667,2008-11-01,2008,11,November,Rainy,22.38,4.43
Analanjirofo,-15.7167,49.6667,2008-12-01,2008,12,December,Rainy,23.01,5.22
Analanjirofo,-15.7167,49.6667,2009-01-01,2009,1,January,Rainy,23.73,6.88
Analanjirofo,-15.7167,49.6667,2009-02-01,2009,2,February,Rainy,22.77,10.78
Analanjirofo,-15.7167,49.6667,2009-03-01,2009,3,March,Rainy,23.06,8.55
Analanjirofo,-15.7167,49.6667,2009-04-01,2009,4,April,Rainy,22.2,9.96
Analanjirofo,-15.7167,49.6667,2009-05-01,2009,5,May,Dry,21.01,1.45
Analanjirofo,-15.7167,49.6667,2009-06-01,2009,6,June,Dry,19.37,2.47
Analanjirofo,-15.7167,49.6667,2009-07-01,2009,7,July,Dry,18.01,4.27
Analanjirofo,-15.7167,49.6667,2009-08-01,2009,8,August,Dry,18.15,4.68
Analanjirofo,-15.7167,49.6667,2009-09-01,2009,9,September,Dry,18.93,3.17
Analanjirofo,-15.7167,49.6667,2009-10-01,2009,10,October,Dry,20.46,2.97
Analanjirofo,-15.7167,49.6667,2009-11-01,2009,11,November,Rainy,22.48,5.93
Analanjirofo,-15.7167,49.6667,2009-12-01,2009,12,December,Rainy,23.14,5.79
Analanjirofo,-15.7167,49.6667,2010-01-01,2010,1,January,Rainy,23.34,14.6
Analanjirofo,-15.7167,49.6667,2010-02-01,2010,2,February,Rainy,23.24,8.42
Analanjirofo,-15.7167,49.6667,2010-03-01,2010,3,March,Rainy,23.05,12.4
Analanjirofo,-15.7167,49.6667,2010-04-01,2010,4,April,Rainy,21.88,6.15
Analanjirofo,-15.7167,49.6667,2010-05-01,2010,5,May,Dry,21.15,3.33
Analanjirofo,-15.7167,49.6667,2010-06-01,2010,6,June,Dry,19.48,4.44
Analanjirofo,-15.7167,49.6667,2010-07-01,2010,7,July,Dry,17.39,7.01
Analanjirofo,-15.7167,49.6667,2010-08-01,2010,8,August,Dry,17.47,5.77
Analanjirofo,-15.7167,49.6667,2010-09-01,2010,9,September,Dry,18.73,1.34
Analanjirofo,-15.7167,49.6667,2010-10-01,2010,10,October,Dry,20.4,1.78
Analanjirofo,-15.7167,49.6667,2010-11-01,2010,11,November,Rainy,20.96,3.97
Analanjirofo,-15.7167,49.6667,2010-12-01,2010,12,December,Rainy,22.67,5.14
Analanjirofo,-15.7167,49.6667,2011-01-01,2011,1,January,Rainy,22.7,12.36
Analanjirofo,-15.7167,49.6667,2011-02-01,2011,2,February,Rainy,23.22,13.29
Analanjirofo,-15.7167,49.6667,2011-03-01,2011,3,March,Rainy,22.52,13.11
Analanjirofo,-15.7167,49.6667,2011-04-01,2011,4,April,Rainy,22.35,6.99
Analanjirofo,-15.7167,49.6667,2011-05-01,2011,5,May,Dry,20.4,3.78
Analanjirofo,-15.7167,49.6667,2011-06-01,2011,6,June,Dry,19.32,4.55
Analanjirofo,-15.7167,49.6667,2011-07-01,2011,7,July,Dry,18.16,2.75
Analanjirofo,-15.7167,49.6667,2011-08-01,2011,8,August,Dry,18.34,2.45
Analanjirofo,-15.7167,49.6667,2011-09-01,2011,9,September,Dry,18.45,4.06
Analanjirofo,-15.7167,49.6667,2011-10-01,2011,10,October,Dry,20.53,2.26
Analanjirofo,-15.7167,49.6667,2011-11-01,2011,11,November,Rainy,21.93,2.29
Analanjirofo,-15.7167,49.6667,2011-12-01,2011,12,December,Rainy,23.33,4.29
Analanjirofo,-15.7167,49.6667,2012-01-01,2012,1,January,Rainy,23.01,13.59
Analanjirofo,-15.7167,49.6667,2012-02-01,2012,2,February,Rainy,23.28,13.69
Analanjirofo,-15.7167,49.6667,2012-03-01,2012,3,March,Rainy,22.28,9.02
Analanjirofo,-15.7167,49.6667,2012-04-01,2012,4,April,Rainy,22.11,10.93
Analanjirofo,-15.7167,49.6667,2012-05-01,2012,5,May,Dry,20.48,7.84
Analanjirofo,-15.7167,49.6667,2012-06-01,2012,6,June,Dry,18.54,5.35
Analanjirofo,-15.7167,49.6667,2012-07-01,2012,7,July,Dry,17.49,4.81
Analanjirofo,-15.7167,49.6667,2012-08-01,2012,8,August,Dry,17.8,2.09
Analanjirofo,-15.7167,49.6667,2012-09-01,2012,9,September,Dry,18.34,2.39
Analanjirofo,-15.7167,49.6667,2012-10-01,2012,10,October,Dry,19.74,1.74
Analanjirofo,-15.7167,49.6667,2012-11-01,2012,11,November,Rainy,21.75,3.72
Analanjirofo,-15.7167,49.6667,2012-12-01,2012,12,December,Rainy,22.69,7.33
Analanjirofo,-15.7167,49.6667,2013-01-01,2013,1,January,Rainy,23.26,12.63
Analanjirofo,-15.7167,49.6667,2013-02-01,2013,2,February,Rainy,23.43,6.65
Analanjirofo,-15.7167,49.6667,2013-03-01,2013,3,March,Rainy,22.58,5.35
Analanjirofo,-15.7167,49.6667,2013-04-01,2013,4,April,Rainy,21.62,6.06
Analanjirofo,-15.7167,49.6667,2013-05-01,2013,5,May,Dry,19.97,3.82
Analanjirofo,-15.7167,49.6667,2013-06-01,2013,6,June,Dry,17.82,3.02
Analanjirofo,-15.7167,49.6667,2013-07-01,2013,7,July,Dry,17.09,3.11
Analanjirofo,-15.7167,49.6667,2013-08-01,2013,8,August,Dry,17.42,2.97
Analanjirofo,-15.7167,49.6667,2013-09-01,2013,9,September,Dry,19.01,2.14
Analanjirofo,-15.7167,49.6667,2013-10-01,2013,10,October,Dry,20.88,3.09
Analanjirofo,-15.7167,49.6667,2013-11-01,2013,11,November,Rainy,23.02,2.95
Analanjirofo,-15.7167,49.6667,2013-12-01,2013,12,December,Rainy,23.56,6.09
Analanjirofo,-15.7167,49.6667,2014-01-01,2014,1,January,Rainy,22.99,13.51
Analanjirofo,-15.7167,49.6667,2014-02-01,2014,2,February,Rainy,22.84,12.23
Analanjirofo,-15.7167,49.6667,2014-03-01,2014,3,March,Rainy,22.55,11.35
Analanjirofo,-15.7167,49.6667,2014-04-01,2014,4,April,Rainy,21.49,4.67
Analanjirofo,-15.7167,49.6667,2014-05-01,2014,5,May,Dry,20.33,3.86
Analanjirofo,-15.7167,49.6667,2014-06-01,2014,6,June,Dry,18.63,6.55
Analanjirofo,-15.7167,49.6667,2014-07-01,2014,7,July,Dry,18.18,9.46
Analanjirofo,-15.7167,49.6667,2014-08-01,2014,8,August,Dry,18.04,2.14
Analanjirofo,-15.7167,49.6667,2014-09-01,2014,9,September,Dry,18.43,1.52
Analanjirofo,-15.7167,49.6667,2014-10-01,2014,10,October,Dry,21.5,0.91
Analanjirofo,-15.7167,49.6667,2014-11-01,2014,11,November,Rainy,22.38,4.25
Analanjirofo,-15.7167,49.6667,2014-12-01,2014,12,December,Rainy,24.11,3.75
Analanjirofo,-15.7167,49.6667,2015-01-01,2015,1,January,Rainy,23.1,15.84
Analanjirofo,-15.7167,49.6667,2015-02-01,2015,2,February,Rainy,23.04,11.59
Analanjirofo,-15.7167,49.6667,2015-03-01,2015,3,March,Rainy,22.35,9.05
Analanjirofo,-15.7167,49.6667,2015-04-01,2015,4,April,Rainy,21.92,3.61
Analanjirofo,-15.7167,49.6667,2015-05-01,2015,5,May,Dry,20.57,2.71
Analanjirofo,-15.7167,49.6667,2015-06-01,2015,6,June,Dry,19.33,5.04
Analanjirofo,-15.7167,49.6667,2015-07-01,2015,7,July,Dry,18.02,4.77
Analanjirofo,-15.7167,49.6667,2015-08-01,2015,8,August,Dry,17.75,2.99
Analanjirofo,-15.7167,49.6667,2015-09-01,2015,9,September,Dry,18.48,2.08
Analanjirofo,-15.7167,49.6667,2015-10-01,2015,10,October,Dry,20.29,6.31
Analanjirofo,-15.7167,49.6667,2015-11-01,2015,11,November,Rainy,21.41,3.81
Analanjirofo,-15.7167,49.6667,2015-12-01,2015,12,December,Rainy,23.47,5.9
Analanjirofo,-15.7167,49.6667,2016-01-01,2016,1,January,Rainy,23.21,15.62
Analanjirofo,-15.7167,49.6667,2016-02-01,2016,2,February,Rainy,23.52,13.0
Analanjirofo,-15.7167,49.6667,2016-03-01,2016,3,March,Rainy,23.5,15.47
Analanjirofo,-15.7167,49.6667,2016-04-01,2016,4,April,Rainy,21.91,9.63
Analanjirofo,-15.7167,49.6667,2016-05-01,2016,5,May,Dry,19.34,7.56
Analanjirofo,-15.7167,49.6667,2016-06-01,2016,6,June,Dry,18.19,6.59
Analanjirofo,-15.7167,49.6667,2016-07-01,2016,7,July,Dry,17.07,5.19
Analanjirofo,-15.7167,49.6667,2016-08-01,2016,8,August,Dry,17.66,2.83
Analanjirofo,-15.7167,49.6667,2016-09-01,2016,9,September,Dry,17.73,3.44
Analanjirofo,-15.7167,49.6667,2016-10-01,2016,10,October,Dry,20.05,2.04
Analanjirofo,-15.7167,49.6667,2016-11-01,2016,11,November,Rainy,21.1,1.85
Analanjirofo,-15.7167,49.6667,2016-12-01,2016,12,December,Rainy,21.89,10.29
Analanjirofo,-15.7167,49.6667,2017-01-01,2017,1,January,Rainy,22.36,11.22
Analanjirofo,-15.7167,49.6667,2017-02-01,2017,2,February,Rainy,23.31,9.39
Analanjirofo,-15.7167,49.6667,2017-03-01,2017,3,March,Rainy,23.18,20.14
Analanjirofo,-15.7167,49.6667,2017-04-01,2017,4,April,Rainy,22.29,8.7
Analanjirofo,-15.7167,49.6667,2017-05-01,2017,5,May,Dry,20.64,9.61
Analanjirofo,-15.7167,49.6667,2017-06-01,2017,6,June,Dry,19.4,5.12
Analanjirofo,-15.7167,49.6667,2017-07-01,2017,7,July,Dry,18.02,6.71
Analanjirofo,-15.7167,49.6667,2017-08-01,2017,8,August,Dry,18.16,3.55
Analanjirofo,-15.7167,49.6667,2017-09-01,2017,9,September,Dry,18.87,0.68
Analanjirofo,-15.7167,49.6667,2017-10-01,2017,10,October,Dry,20.38,3.1
Analanjirofo,-15.7167,49.6667,2017-11-01,2017,11,November,Rainy,21.8,6.57
Analanjirofo,-15.7167,49.6667,2017-12-01,2017,12,December,Rainy,22.58,12.2
Analanjirofo,-15.7167,49.6667,2018-01-01,2018,1,January,Rainy,22.75,24.04
Analanjirofo,-15.7167,49.6667,2018-02-01,2018,2,February,Rainy,22.9,8.81
Analanjirofo,-15.7167,49.6667,2018-03-01,2018,3,March,Rainy,22.76,20.89
Analanjirofo,-15.7167,49.6667,2018-04-01,2018,4,April,Rainy,21.54,11.15
Analanjirofo,-15.7167,49.6667,2018-05-01,2018,5,May,Dry,20.46,7.57
Analanjirofo,-15.7167,49.6667,2018-06-01,2018,6,June,Dry,18.95,3.97
Analanjirofo,-15.7167,49.6667,2018-07-01,2018,7,July,Dry,17.52,8.26
Analanjirofo,-15.7167,49.6667,2018-08-01,2018,8,August,Dry,18.17,3.63
Analanjirofo,-15.7167,49.6667,2018-09-01,2018,9,September,Dry,18.88,3.03
Analanjirofo,-15.7167,49.6667,2018-10-01,2018,10,October,Dry,20.15,1.49
Analanjirofo,-15.7167,49.6667,2018-11-01,2018,11,November,Rainy,21.76,5.72
Analanjirofo,-15.7167,49.6667,2018-12-01,2018,12,December,Rainy,22.74,12.13
Analanjirofo,-15.7167,49.6667,2019-01-01,2019,1,January,Rainy,23.45,16.26
Analanjirofo,-15.7167,49.6667,2019-02-01,2019,2,February,Rainy,23.29,11.95
Analanjirofo,-15.7167,49.6667,2019-03-01,2019,3,March,Rainy,23.37,12.13
Analanjirofo,-15.7167,49.6667,2019-04-01,2019,4,April,Rainy,23.02,10.79
Analanjirofo,-15.7167,49.6667,2019-05-01,2019,5,May,Dry,20.74,5.61
Analanjirofo,-15.7167,49.6667,2019-06-01,2019,6,June,Dry,19.14,6.77
Analanjirofo,-15.7167,49.6667,2019-07-01,2019,7,July,Dry,18.47,5.3
Analanjirofo,-15.7167,49.6667,2019-08-01,2019,8,August,Dry,18.29,2.81
Analanjirofo,-15.7167,49.6667,2019-09-01,2019,9,September,Dry,19.07,2.88
Analanjirofo,-15.7167,49.6667,2019-10-01,2019,10,October,Dry,20.92,3.16
Analanjirofo,-15.7167,49.6667,2019-11-01,2019,11,November,Rainy,22.64,12.67
Analanjirofo,-15.7167,49.6667,2019-12-01,2019,12,December,Rainy,23.54,15.28
Analanjirofo,-15.7167,49.6667,2020-01-01,2020,1,January,Rainy,23.22,16.38
Analanjirofo,-15.7167,49.6667,2020-02-01,2020,2,February,Rainy,23.14,11.92
Analanjirofo,-15.7167,49.6667,2020-03-01,2020,3,March,Rainy,23.32,16.28
Analanjirofo,-15.7167,49.6667,2020-04-01,2020,4,April,Rainy,21.79,10.35
Analanjirofo,-15.7167,49.6667,2020-05-01,2020,5,May,Dry,20.31,6.64
Analanjirofo,-15.7167,49.6667,2020-06-01,2020,6,June,Dry,18.59,9.3
Analanjirofo,-15.7167,49.6667,2020-07-01,2020,7,July,Dry,17.69,7.21
Analanjirofo,-15.7167,49.6667,2020-08-01,2020,8,August,Dry,17.57,2.8
Analanjirofo,-15.7167,49.6667,2020-09-01,2020,9,September,Dry,18.18,11.15
Analanjirofo,-15.7167,49.6667,2020-10-01,2020,10,October,Dry,20.45,4.81
Analanjirofo,-15.7167,49.6667,2020-11-01,2020,11,November,Rainy,20.94,4.63
Analanjirofo,-15.7167,49.6667,2020-12-01,2020,12,December,Rainy,22.43,12.95
Analanjirofo,-15.7167,49.6667,2021-01-01,2021,1,January,Rainy,23.28,12.32
Analanjirofo,-15.7167,49.6667,2021-02-01,2021,2,February,Rainy,23.14,12.03
Analanjirofo,-15.7167,49.6667,2021-03-01,2021,3,March,Rainy,23.03,8.11
Analanjirofo,-15.7167,49.6667,2021-04-01,2021,4,April,Rainy,22.05,16.37
Analanjirofo,-15.7167,49.6667,2021-05-01,2021,5,May,Dry,20.5,3.95
Analanjirofo,-15.7167,49.6667,2021-06-01,2021,6,June,Dry,18.55,5.22
Analanjirofo,-15.7167,49.6667,2021-07-01,2021,7,July,Dry,17.65,7.4
Analanjirofo,-15.7167,49.6667,2021-08-01,2021,8,August,Dry,17.91,3.54
Analanjirofo,-15.7167,49.6667,2021-09-01,2021,9,September,Dry,18.41,2.93
Analanjirofo,-15.7167,49.6667,2021-10-01,2021,10,October,Dry,20.08,3.79
Analanjirofo,-15.7167,49.6667,2021-11-01,2021,11,November,Rainy,22.07,2.32
Analanjirofo,-15.7167,49.6667,2021-12-01,2021,12,December,Rainy,22.81,12.27
Analanjirofo,-15.7167,49.6667,2022-01-01,2022,1,January,Rainy,23.02,14.89
Analanjirofo,-15.7167,49.6667,2022-02-01,2022,2,February,Rainy,23.25,9.84
Analanjirofo,-15.7167,49.6667,2022-03-01,2022,3,March,Rainy,23.09,14.35
Analanjirofo,-15.7167,49.6667,2022-04-01,2022,4,April,Rainy,22.05,12.98
Analanjirofo,-15.7167,49.6667,2022-05-01,2022,5,May,Dry,20.25,6.01
Analanjirofo,-15.7167,49.6667,2022-06-01,2022,6,June,Dry,18.32,5.03
Analanjirofo,-15.7167,49.6667,2022-07-01,2022,7,July,Dry,17.24,6.82
Analanjirofo,-15.7167,49.6667,2022-08-01,2022,8,August,Dry,17.27,2.39
Analanjirofo,-15.7167,49.6667,2022-09-01,2022,9,September,Dry,17.77,5.62
Analanjirofo,-15.7167,49.6667,2022-10-01,2022,10,October,Dry,18.72,1.6
Analanjirofo,-15.7167,49.6667,2022-11-01,2022,11,November,Rainy,20.91,3.82
Analanjirofo,-15.7167,49.6667,2022-12-01,2022,12,December,Rainy,22.26,7.76
Analanjirofo,-15.7167,49.6667,2023-01-01,2023,1,January,Rainy,22.86,13.46
Analanjirofo,-15.7167,49.6667,2023-02-01,2023,2,February,Rainy,22.79,10.55
Analanjirofo,-15.7167,49.6667,2023-03-01,2023,3,March,Rainy,22.99,6.46
Analanjirofo,-15.7167,49.6667,2023-04-01,2023,4,April,Rainy,22.49,8.28
Analanjirofo,-15.7167,49.6667,2023-05-01,2023,5,May,Dry,21.1,6.79
Analanjirofo,-15.7167,49.6667,2023-06-01,2023,6,June,Dry,18.9,3.38
Analanjirofo,-15.7167,49.6667,2023-07-01,2023,7,July,Dry,18.43,5.93
Analanjirofo,-15.7167,49.6667,2023-08-01,2023,8,August,Dry,19.01,6.36
Analanjirofo,-15.7167,49.6667,2023-09-01,2023,9,September,Dry,19.11,4.62
Analanjirofo,-15.7167,49.6667,2023-10-01,2023,10,October,Dry,21.68,2.13
Analanjirofo,-15.7167,49.6667,2023-11-01,2023,11,November,Rainy,22.6,4.14
Analanjirofo,-15.7167,49.6667,2023-12-01,2023,12,December,Rainy,23.82,4.51
Analanjirofo,-15.7167,49.6667,2024-01-01,2024,1,January,Rainy,23.97,19.79
Analanjirofo,-15.7167,49.6667,2024-02-01,2024,2,February,Rainy,23.81,18.28
Analanjirofo,-15.7167,49.6667,2024-03-01,2024,3,March,Rainy,23.26,16.11
Analanjirofo,-15.7167,49.6667,2024-04-01,2024,4,April,Rainy,23.22,11.78
Analanjirofo,-15.7167,49.6667,2024-05-01,2024,5,May,Dry,20.65,14.14
Analanjirofo,-15.7167,49.6667,2024-06-01,2024,6,June,Dry,19.12,3.95
Analanjirofo,-15.7167,49.6667,2024-07-01,2024,7,July,Dry,18.11,1.32
Analanjirofo,-15.7167,49.6667,2024-08-01,2024,8,August,Dry,17.87,3.29
Analanjirofo,-15.7167,49.6667,2024-09-01,2024,9,September,Dry,19.26,2.04
Analanjirofo,-15.7167,49.6667,2024-10-01,2024,10,October,Dry,20.5,1.82
Analanjirofo,-15.7167,49.6667,2024-11-01,2024,11,November,Rainy,22.19,5.91
Analanjirofo,-15.7167,49.6667,2024-12-01,2024,12,December,Rainy,22.63,5.25
Androy,-25.0333,46.0833,2005-01-01,2005,1,January,Rainy,25.68,14.49
Androy,-25.0333,46.0833,2005-02-01,2005,2,February,Rainy,24.81,7.52
Androy,-25.0333,46.0833,2005-03-01,2005,3,March,Rainy,24.08,15.97
Androy,-25.0333,46.0833,2005-04-01,2005,4,April,Rainy,22.52,10.67
Androy,-25.0333,46.0833,2005-05-01,2005,5,May,Dry,20.85,0.7
Androy,-25.0333,46.0833,2005-06-01,2005,6,June,Dry,19.75,0.99
Androy,-25.0333,46.0833,2005-07-01,2005,7,July,Dry,17.98,1.25
Androy,-25.0333,46.0833,2005-08-01,2005,8,August,Dry,20.41,0.16
Androy,-25.0333,46.0833,2005-09-01,2005,9,September,Dry,23.04,0.35
Androy,-25.0333,46.0833,2005-10-01,2005,10,October,Dry,24.57,0.63
Androy,-25.0333,46.0833,2005-11-01,2005,11,November,Rainy,26.14,1.44
Androy,-25.0333,46.0833,2005-12-01,2005,12,December,Rainy,26.18,8.76
Androy,-25.0333,46.0833,2006-01-01,2006,1,January,Rainy,26.84,2.0
Androy,-25.0333,46.0833,2006-02-01,2006,2,February,Rainy,27.84,2.53
Androy,-25.0333,46.0833,2006-03-01,2006,3,March,Rainy,27.29,3.49
Androy,-25.0333,46.0833,2006-04-01,2006,4,April,Rainy,24.4,3.95
Androy,-25.0333,46.0833,2006-05-01,2006,5,May,Dry,22.37,2.08
Androy,-25.0333,46.0833,2006-06-01,2006,6,June,Dry,21.04,0.48
Androy,-25.0333,46.0833,2006-07-01,2006,7,July,Dry,20.51,0.25
Androy,-25.0333,46.0833,2006-08-01,2006,8,August,Dry,21.57,1.6
Androy,-25.0333,46.0833,2006-09-01,2006,9,September,Dry,21.12,2.59
Androy,-25.0333,46.0833,2006-10-01,2006,10,October,Dry,24.97,0.38
Androy,-25.0333,46.0833,2006-11-01,2006,11,November,Rainy,26.49,2.15
Androy,-25.0333,46.0833,2006-12-01,2006,12,December,Rainy,27.47,4.96
Androy,-25.0333,46.0833,2007-01-01,2007,1,January,Rainy,26.14,7.52
Androy,-25.0333,46.0833,2007-02-01,2007,2,February,Rainy,26.23,12.74
Androy,-25.0333,46.0833,2007-03-01,2007,3,March,Rainy,24.9,2.74
Androy,-25.0333,46.0833,2007-04-01,2007,4,April,Rainy,24.04,3.86
Androy,-25.0333,46.0833,2007-05-01,2007,5,May,Dry,21.73,1.8
Androy,-25.0333,46.0833,2007-06-01,2007,6,June,Dry,19.48,1.42
Androy,-25.0333,46.0833,2007-07-01,2007,7,July,Dry,19.57,0.74
Androy,-25.0333,46.0833,2007-08-01,2007,8,August,Dry,20.69,0.36
Androy,-25.0333,46.0833,2007-09-01,2007,9,September,Dry,22.31,1.4
Androy,-25.0333,46.0833,2007-10-01,2007,10,October,Dry,24.84,1.34
Androy,-25.0333,46.0833,2007-11-01,2007,11,November,Rainy,26.46,2.09
Androy,-25.0333,46.0833,2007-12-01,2007,12,December,Rainy,27.6,2.99
Androy,-25.0333,46.0833,2008-01-01,2008,1,January,Rainy,27.63,3.59
Androy,-25.0333,46.0833,2008-02-01,2008,2,February,Rainy,25.8,8.3
Androy,-25.0333,46.0833,2008-03-01,2008,3,March,Rainy,24.29,2.07
Androy,-25.0333,46.0833,2008-04-01,2008,4,April,Rainy,24.19,0.52
Androy,-25.0333,46.0833,2008-05-01,2008,5,May,Dry,21.63,1.88
Androy,-25.0333,46.0833,2008-06-01,2008,6,June,Dry,19.54,0.89
Androy,-25.0333,46.0833,2008-07-01,2008,7,July,Dry,19.42,2.93
Androy,-25.0333,46.0833,2008-08-01,2008,8,August,Dry,19.83,0.87
Androy,-25.0333,46.0833,2008-09-01,2008,9,September,Dry,23.17,0.99
Androy,-25.0333,46.0833,2008-10-01,2008,10,October,Dry,25.37,3.53
Androy,-25.0333,46.0833,2008-11-01,2008,11,November,Rainy,25.06,3.42
Androy,-25.0333,46.0833,2008-12-01,2008,12,December,Rainy,27.62,3.01
Androy,-25.0333,46.0833,2009-01-01,2009,1,January,Rainy,26.78,8.67
Androy,-25.0333,46.0833,2009-02-01,2009,2,February,Rainy,26.16,2.84
Androy,-25.0333,46.0833,2009-03-01,2009,3,March,Rainy,26.23,6.18
Androy,-25.0333,46.0833,2009-04-01,2009,4,April,Rainy,22.06,4.35
Androy,-25.0333,46.0833,2009-05-01,2009,5,May,Dry,21.44,2.84
Androy,-25.0333,46.0833,2009-06-01,2009,6,June,Dry,20.9,0.55
Androy,-25.0333,46.0833,2009-07-01,2009,7,July,Dry,19.24,0.96
Androy,-25.0333,46.0833,2009-08-01,2009,8,August,Dry,20.17,1.8
Androy,-25.0333,46.0833,2009-09-01,2009,9,September,Dry,22.44,2.76
Androy,-25.0333,46.0833,2009-10-01,2009,10,October,Dry,23.37,3.47
Androy,-25.0333,46.0833,2009-11-01,2009,11,November,Rainy,23.49,7.08
Androy,-25.0333,46.0833,2009-12-01,2009,12,December,Rainy,25.73,3.93
Androy,-25.0333,46.0833,2010-01-01,2010,1,January,Rainy,26.08,3.99
Androy,-25.0333,46.0833,2010-02-01,2010,2,February,Rainy,26.93,2.18
Androy,-25.0333,46.0833,2010-03-01,2010,3,March,Rainy,24.96,12.85
Androy,-25.0333,46.0833,2010-04-01,2010,4,April,Rainy,23.83,1.72
Androy,-25.0333,46.0833,2010-05-01,2010,5,May,Dry,22.74,2.69
Androy,-25.0333,46.0833,2010-06-01,2010,6,June,Dry,20.43,1.54
Androy,-25.0333,46.0833,2010-07-01,2010,7,July,Dry,19.44,1.3
Androy,-25.0333,46.0833,2010-08-01,2010,8,August,Dry,20.3,2.47
Androy,-25.0333,46.0833,2010-09-01,2010,9,September,Dry,21.37,0.76
Androy,-25.0333,46.0833,2010-10-01,2010,10,October,Dry,24.48,3.26
Androy,-25.0333,46.0833,2010-11-01,2010,11,November,Rainy,27.3,1.16
Androy,-25.0333,46.0833,2010-12-01,2010,12,December,Rainy,25.64,9.62
Androy,-25.0333,46.0833,2011-01-01,2011,1,January,Rainy,26.56,7.35
Androy,-25.0333,46.0833,2011-02-01,2011,2,February,Rainy,24.71,12.92
Androy,-25.0333,46.0833,2011-03-01,2011,3,March,Rainy,24.82,4.47
Androy,-25.0333,46.0833,2011-04-01,2011,4,April,Rainy,23.57,7.54
Androy,-25.0333,46.0833,2011-05-01,2011,5,May,Dry,21.17,5.12
Androy,-25.0333,46.0833,2011-06-01,2011,6,June,Dry,19.72,1.46
Androy,-25.0333,46.0833,2011-07-01,2011,7,July,Dry,18.5,0.81
Androy,-25.0333,46.0833,2011-08-01,2011,8,August,Dry,19.8,4.19
Androy,-25.0333,46.0833,2011-09-01,2011,9,September,Dry,21.39,0.06
Androy,-25.0333,46.0833,2011-10-01,2011,10,October,Dry,24.08,0.72
Androy,-25.0333,46.0833,2011-11-01,2011,11,November,Rainy,26.13,2.02
Androy,-25.0333,46.0833,2011-12-01,2011,12,December,Rainy,26.74,3.88
Androy,-25.0333,46.0833,2012-01-01,2012,1,January,Rainy,25.79,6.81
Androy,-25.0333,46.0833,2012-02-01,2012,2,February,Rainy,27.2,3.29
Androy,-25.0333,46.0833,2012-03-01,2012,3,March,Rainy,25.43,4.86
Androy,-25.0333,46.0833,2012-04-01,2012,4,April,Rainy,23.12,7.41
Androy,-25.0333,46.0833,2012-05-01,2012,5,May,Dry,21.7,0.3
Androy,-25.0333,46.0833,2012-06-01,2012,6,June,Dry,21.07,0.14
Androy,-25.0333,46.0833,2012-07-01,2012,7,July,Dry,20.79,0.09
Androy,-25.0333,46.0833,2012-08-01,2012,8,August,Dry,22.4,0.07
Androy,-25.0333,46.0833,2012-09-01,2012,9,September,Dry,22.59,4.88
Androy,-25.0333,46.0833,2012-10-01,2012,10,October,Dry,24.59,5.32
Androy,-25.0333,46.0833,2012-11-01,2012,11,November,Rainy,23.19,6.98
Androy,-25.0333,46.0833,2012-12-01,2012,12,December,Rainy,25.23,4.33
Androy,-25.0333,46.0833,2013-01-01,2013,1,January,Rainy,27.41,6.22
Androy,-25.0333,46.0833,2013-02-01,2013,2,February,Rainy,24.35,20.91
Androy,-25.0333,46.0833,2013-03-01,2013,3,March,Rainy,23.8,4.2
Androy,-25.0333,46.0833,2013-04-01,2013,4,April,Rainy,22.78,2.76
Androy,-25.0333,46.0833,2013-05-01,2013,5,May,Dry,20.45,3.91
Androy,-25.0333,46.0833,2013-06-01,2013,6,June,Dry,18.67,2.82
Androy,-25.0333,46.0833,2013-07-01,2013,7,July,Dry,18.19,1.35
Androy,-25.0333,46.0833,2013-08-01,2013,8,August,Dry,19.42,2.14
Androy,-25.0333,46.0833,2013-09-01,2013,9,September,Dry,22.83,0.48
Androy,-25.0333,46.0833,2013-10-01,2013,10,October,Dry,22.97,5.02
Androy,-25.0333,46.0833,2013-11-01,2013,11,November,Rainy,24.56,6.58
Androy,-25.0333,46.0833,2013-12-01,2013,12,December,Rainy,24.34,4.9
Androy,-25.0333,46.0833,2014-01-01,2014,1,January,Rainy,25.96,8.42
Androy,-25.0333,46.0833,2014-02-01,2014,2,February,Rainy,25.53,6.62
Androy,-25.0333,46.0833,2014-03-01,2014,3,March,Rainy,25.68,3.69
Androy,-25.0333,46.0833,2014-04-01,2014,4,April,Rainy,23.9,2.39
Androy,-25.0333,46.0833,2014-05-01,2014,5,May,Dry,21.87,1.34
Androy,-25.0333,46.0833,2014-06-01,2014,6,June,Dry,20.68,0.67
Androy,-25.0333,46.0833,2014-07-01,2014,7,July,Dry,20.16,0.86
Androy,-25.0333,46.0833,2014-08-01,2014,8,August,Dry,20.59,2.4
Androy,-25.0333,46.0833,2014-09-01,2014,9,September,Dry,22.03,2.59
Androy,-25.0333,46.0833,2014-10-01,2014,10,October,Dry,22.85,5.28
Androy,-25.0333,46.0833,2014-11-01,2014,11,November,Rainy,24.01,5.24
Androy,-25.0333,46.0833,2014-12-01,2014,12,December,Rainy,25.13,7.53
Androy,-25.0333,46.0833,2015-01-01,2015,1,January,Rainy,24.85,23.11
Androy,-25.0333,46.0833,2015-02-01,2015,2,February,Rainy,25.22,4.35
Androy,-25.0333,46.0833,2015-03-01,2015,3,March,Rainy,24.32,9.34
Androy,-25.0333,46.0833,2015-04-01,2015,4,April,Rainy,23.04,4.63
Androy,-25.0333,46.0833,2015-05-01,2015,5,May,Dry,21.39,3.23
Androy,-25.0333,46.0833,2015-06-01,2015,6,June,Dry,19.66,3.23
Androy,-25.0333,46.0833,2015-07-01,2015,7,July,Dry,18.99,3.02
Androy,-25.0333,46.0833,2015-08-01,2015,8,August,Dry,19.99,0.56
Androy,-25.0333,46.0833,2015-09-01,2015,9,September,Dry,21.7,1.35
Androy,-25.0333,46.0833,2015-10-01,2015,10,October,Dry,25.51,1.41
Androy,-25.0333,46.0833,2015-11-01,2015,11,November,Rainy,24.9,5.25
Androy,-25.0333,46.0833,2015-12-01,2015,12,December,Rainy,26.08,6.3
Androy,-25.0333,46.0833,2016-01-01,2016,1,January,Rainy,26.32,3.33
Androy,-25.0333,46.0833,2016-02-01,2016,2,February,Rainy,26.9,2.91
Androy,-25.0333,46.0833,2016-03-01,2016,3,March,Rainy,26.71,4.75
Androy,-25.0333,46.0833,2016-04-01,2016,4,April,Rainy,24.57,1.05
Androy,-25.0333,46.0833,2016-05-01,2016,5,May,Dry,20.82,3.49
Androy,-25.0333,46.0833,2016-06-01,2016,6,June,Dry,19.33,5.34
Androy,-25.0333,46.0833,2016-07-01,2016,7,July,Dry,19.06,2.13
Androy,-25.0333,46.0833,2016-08-01,2016,8,August,Dry,20.15,0.34
Androy,-25.0333,46.0833,2016-09-01,2016,9,September,Dry,23.02,0.23
Androy,-25.0333,46.0833,2016-10-01,2016,10,October,Dry,24.66,2.48
Androy,-25.0333,46.0833,2016-11-01,2016,11,November,Rainy,25.06,4.73
Androy,-25.0333,46.0833,2016-12-01,2016,12,December,Rainy,27.5,1.23
Androy,-25.0333,46.0833,2017-01-01,2017,1,January,Rainy,28.7,2.75
Androy,-25.0333,46.0833,2017-02-01,2017,2,February,Rainy,26.76,14.19
Androy,-25.0333,46.0833,2017-03-01,2017,3,March,Rainy,24.93,12.95
Androy,-25.0333,46.0833,2017-04-01,2017,4,April,Rainy,22.97,2.52
Androy,-25.0333,46.0833,2017-05-01,2017,5,May,Dry,22.07,1.2
Androy,-25.0333,46.0833,2017-06-01,2017,6,June,Dry,20.67,1.87
Androy,-25.0333,46.0833,2017-07-01,2017,7,July,Dry,19.73,2.19
Androy,-25.0333,46.0833,2017-08-01,2017,8,August,Dry,19.58,6.15
Androy,-25.0333,46.0833,2017-09-01,2017,9,September,Dry,21.06,0.63
Androy,-25.0333,46.0833,2017-10-01,2017,10,October,Dry,24.85,1.35
Androy,-25.0333,46.0833,2017-11-01,2017,11,November,Rainy,24.45,2.62
Androy,-25.0333,46.0833,2017-12-01,2017,12,December,Rainy,25.3,8.62
Androy,-25.0333,46.0833,2018-01-01,2018,1,January,Rainy,24.59,6.05
Androy,-25.0333,46.0833,2018-02-01,2018,2,February,Rainy,24.71,15.56
Androy,-25.0333,46.0833,2018-03-01,2018,3,March,Rainy,24.8,4.78
Androy,-25.0333,46.0833,2018-04-01,2018,4,April,Rainy,22.72,7.12
Androy,-25.0333,46.0833,2018-05-01,2018,5,May,Dry,21.51,3.15
Androy,-25.0333,46.0833,2018-06-01,2018,6,June,Dry,19.92,0.64
Androy,-25.0333,46.0833,2018-07-01,2018,7,July,Dry,18.79,6.08
Androy,-25.0333,46.0833,2018-08-01,2018,8,August,Dry,20.38,0.1
Androy,-25.0333,46.0833,2018-09-01,2018,9,September,Dry,23.56,1.07
Androy,-25.0333,46.0833,2018-10-01,2018,10,October,Dry,23.11,2.14
Androy,-25.0333,46.0833,2018-11-01,2018,11,November,Rainy,24.55,4.89
Androy,-25.0333,46.0833,2018-12-01,2018,12,December,Rainy,27.06,2.39
Androy,-25.0333,46.0833,2019-01-01,2019,1,January,Rainy,27.04,7.26
Androy,-25.0333,46.0833,2019-02-01,2019,2,February,Rainy,26.12,3.07
Androy,-25.0333,46.0833,2019-03-01,2019,3,March,Rainy,25.72,8.97
Androy,-25.0333,46.0833,2019-04-01,2019,4,April,Rainy,24.25,7.22
Androy,-25.0333,46.0833,2019-05-01,2019,5,May,Dry,21.34,4.59
Androy,-25.0333,46.0833,2019-06-01,2019,6,June,Dry,19.76,4.08
Androy,-25.0333,46.0833,2019-07-01,2019,7,July,Dry,18.8,2.76
Androy,-25.0333,46.0833,2019-08-01,2019,8,August,Dry,20.23,1.34
Androy,-25.0333,46.0833,2019-09-01,2019,9,September,Dry,21.01,5.36
Androy,-25.0333,46.0833,2019-10-01,2019,10,October,Dry,24.12,3.15
Androy,-25.0333,46.0833,2019-11-01,2019,11,November,Rainy,24.05,6.49
Androy,-25.0333,46.0833,2019-12-01,2019,12,December,Rainy,25.56,8.28
Androy,-25.0333,46.0833,2020-01-01,2020,1,January,Rainy,25.46,4.81
Androy,-25.0333,46.0833,2020-02-01,2020,2,February,Rainy,26.82,2.46
Androy,-25.0333,46.0833,2020-03-01,2020,3,March,Rainy,23.83,10.33
Androy,-25.0333,46.0833,2020-04-01,2020,4,April,Rainy,22.71,6.58
Androy,-25.0333,46.0833,2020-05-01,2020,5,May,Dry,20.4,5.52
Androy,-25.0333,46.0833,2020-06-01,2020,6,June,Dry,19.0,4.8
Androy,-25.0333,46.0833,2020-07-01,2020,7,July,Dry,18.23,1.76
Androy,-25.0333,46.0833,2020-08-01,2020,8,August,Dry,19.83,0.65
Androy,-25.0333,46.0833,2020-09-01,2020,9,September,Dry,21.22,3.56
Androy,-25.0333,46.0833,2020-10-01,2020,10,October,Dry,21.94,6.39
Androy,-25.0333,46.0833,2020-11-01,2020,11,November,Rainy,26.06,0.98
Androy,-25.0333,46.0833,2020-12-01,2020,12,December,Rainy,27.72,0.75
Androy,-25.0333,46.0833,2021-01-01,2021,1,January,Rainy,29.17,2.16
Androy,-25.0333,46.0833,2021-02-01,2021,2,February,Rainy,28.38,4.64
Androy,-25.0333,46.0833,2021-03-01,2021,3,March,Rainy,25.47,5.95
Androy,-25.0333,46.0833,2021-04-01,2021,4,April,Rainy,23.81,1.51
Androy,-25.0333,46.0833,2021-05-01,2021,5,May,Dry,21.76,1.82
Androy,-25.0333,46.0833,2021-06-01,2021,6,June,Dry,19.38,5.42
Androy,-25.0333,46.0833,2021-07-01,2021,7,July,Dry,19.53,9.38
Androy,-25.0333,46.0833,2021-08-01,2021,8,August,Dry,19.25,1.18
Androy,-25.0333,46.0833,2021-09-01,2021,9,September,Dry,21.56,2.16
Androy,-25.0333,46.0833,2021-10-01,2021,10,October,Dry,23.33,1.63
Androy,-25.0333,46.0833,2021-11-01,2021,11,November,Rainy,25.7,1.64
Androy,-25.0333,46.0833,2021-12-01,2021,12,December,Rainy,27.39,4.59
Androy,-25.0333,46.0833,2022-01-01,2022,1,January,Rainy,24.74,7.87
Androy,-25.0333,46.0833,2022-02-01,2022,2,February,Rainy,25.33,12.97
Androy,-25.0333,46.0833,2022-03-01,2022,3,March,Rainy,24.32,8.26
Androy,-25.0333,46.0833,2022-04-01,2022,4,April,Rainy,23.62,10.01
Androy,-25.0333,46.0833,2022-05-01,2022,5,May,Dry,20.78,1.9
Androy,-25.0333,46.0833,2022-06-01,2022,6,June,Dry,18.54,3.83
Androy,-25.0333,46.0833,2022-07-01,2022,7,July,Dry,19.05,1.83
Androy,-25.0333,46.0833,2022-08-01,2022,8,August,Dry,19.96,3.35
Androy,-25.0333,46.0833,2022-09-01,2022,9,September,Dry,21.48,1.67
Androy,-25.0333,46.0833,2022-10-01,2022,10,October,Dry,25.32,0.38
Androy,-25.0333,46.0833,2022-11-01,2022,11,November,Rainy,26.31,2.27
Androy,-25.0333,46.0833,2022-12-01,2022,12,December,Rainy,26.02,10.72
Androy,-25.0333,46.0833,2023-01-01,2023,1,January,Rainy,25.48,14.2
Androy,-25.0333,46.0833,2023-02-01,2023,2,February,Rainy,25.73,2.19
Androy,-25.0333,46.0833,2023-03-01,2023,3,March,Rainy,24.18,11.88
Androy,-25.0333,46.0833,2023-04-01,2023,4,April,Rainy,23.05,2.34
Androy,-25.0333,46.0833,2023-05-01,2023,5,May,Dry,21.48,1.31
Androy,-25.0333,46.0833,2023-06-01,2023,6,June,Dry,20.41,2.43
Androy,-25.0333,46.0833,2023-07-01,2023,7,July,Dry,19.24,1.63
Androy,-25.0333,46.0833,2023-08-01,2023,8,August,Dry,20.5,1.42
Androy,-25.0333,46.0833,2023-09-01,2023,9,September,Dry,24.36,0.14
Androy,-25.0333,46.0833,2023-10-01,2023,10,October,Dry,24.82,2.72
Androy,-25.0333,46.0833,2023-11-01,2023,11,November,Rainy,25.43,4.91
Androy,-25.0333,46.0833,2023-12-01,2023,12,December,Rainy,26.42,5.87
Androy,-25.0333,46.0833,2024-01-01,2024,1,January,Rainy,25.02,11.75
Androy,-25.0333,46.0833,2024-02-01,2024,2,February,Rainy,25.29,12.55
Androy,-25.0333,46.0833,2024-03-01,2024,3,March,Rainy,25.04,19.38
Androy,-25.0333,46.0833,2024-04-01,2024,4,April,Rainy,22.62,17.62
Androy,-25.0333,46.0833,2024-05-01,2024,5,May,Dry,20.81,7.87
Androy,-25.0333,46.0833,2024-06-01,2024,6,June,Dry,19.6,6.9
Androy,-25.0333,46.0833,2024-07-01,2024,7,July,Dry,19.07,1.31
Androy,-25.0333,46.0833,2024-08-01,2024,8,August,Dry,19.94,4.09
Androy,-25.0333,46.0833,2024-09-01,2024,9,September,Dry,21.8,6.79
Androy,-25.0333,46.0833,2024-10-01,2024,10,October,Dry,23.41,1.36
Androy,-25.0333,46.0833,2024-11-01,2024,11,November,Rainy,28.34,0.88
Androy,-25.0333,46.0833,2024-12-01,2024,12,December,Rainy,29.64,0.72
Anosy,-25.0333,46.9833,2005-01-01,2005,1,January,Rainy,25.11,13.84
Anosy,-25.0333,46.9833,2005-02-01,2005,2,February,Rainy,24.66,7.03
Anosy,-25.0333,46.9833,2005-03-01,2005,3,March,Rainy,23.96,15.73
Anosy,-25.0333,46.9833,2005-04-01,2005,4,April,Rainy,22.58,10.82
Anosy,-25.0333,46.9833,2005-05-01,2005,5,May,Dry,21.19,1.25
Anosy,-25.0333,46.9833,2005-06-01,2005,6,June,Dry,20.15,1.3
Anosy,-25.0333,46.9833,2005-07-01,2005,7,July,Dry,18.61,1.51
Anosy,-25.0333,46.9833,2005-08-01,2005,8,August,Dry,19.97,0.23
Anosy,-25.0333,46.9833,2005-09-01,2005,9,September,Dry,21.26,0.38
Anosy,-25.0333,46.9833,2005-10-01,2005,10,October,Dry,22.56,0.62
Anosy,-25.0333,46.9833,2005-11-01,2005,11,November,Rainy,24.01,1.57
Anosy,-25.0333,46.9833,2005-12-01,2005,12,December,Rainy,25.07,7.75
Anosy,-25.0333,46.9833,2006-01-01,2006,1,January,Rainy,25.57,1.79
Anosy,-25.0333,46.9833,2006-02-01,2006,2,February,Rainy,26.28,1.8
Anosy,-25.0333,46.9833,2006-03-01,2006,3,March,Rainy,26.16,3.18
Anosy,-25.0333,46.9833,2006-04-01,2006,4,April,Rainy,23.76,4.56
Anosy,-25.0333,46.9833,2006-05-01,2006,5,May,Dry,22.06,2.61
Anosy,-25.0333,46.9833,2006-06-01,2006,6,June,Dry,20.92,0.63
Anosy,-25.0333,46.9833,2006-07-01,2006,7,July,Dry,20.23,0.47
Anosy,-25.0333,46.9833,2006-08-01,2006,8,August,Dry,20.64,2.27
Anosy,-25.0333,46.9833,2006-09-01,2006,9,September,Dry,20.3,2.58
Anosy,-25.0333,46.9833,2006-10-01,2006,10,October,Dry,22.87,0.58
Anosy,-25.0333,46.9833,2006-11-01,2006,11,November,Rainy,24.52,2.15
Anosy,-25.0333,46.9833,2006-12-01,2006,12,December,Rainy,25.8,4.26
Anosy,-25.0333,46.9833,2007-01-01,2007,1,January,Rainy,25.07,6.33
Anosy,-25.0333,46.9833,2007-02-01,2007,2,February,Rainy,25.63,11.68
Anosy,-25.0333,46.9833,2007-03-01,2007,3,March,Rainy,24.65,2.79
Anosy,-25.0333,46.9833,2007-04-01,2007,4,April,Rainy,23.75,4.39
Anosy,-25.0333,46.9833,2007-05-01,2007,5,May,Dry,21.6,2.39
Anosy,-25.0333,46.9833,2007-06-01,2007,6,June,Dry,19.69,1.5
Anosy,-25.0333,46.9833,2007-07-01,2007,7,July,Dry,19.62,0.82
Anosy,-25.0333,46.9833,2007-08-01,2007,8,August,Dry,20.17,0.48
Anosy,-25.0333,46.9833,2007-09-01,2007,9,September,Dry,21.22,1.41
Anosy,-25.0333,46.9833,2007-10-01,2007,10,October,Dry,22.59,1.29
Anosy,-25.0333,46.9833,2007-11-01,2007,11,November,Rainy,24.57,2.02
Anosy,-25.0333,46.9833,2007-12-01,2007,12,December,Rainy,25.63,2.72
Anosy,-25.0333,46.9833,2008-01-01,2008,1,January,Rainy,26.3,3.09
Anosy,-25.0333,46.9833,2008-02-01,2008,2,February,Rainy,24.88,10.02
Anosy,-25.0333,46.9833,2008-03-01,2008,3,March,Rainy,23.72,1.99
Anosy,-25.0333,46.9833,2008-04-01,2008,4,April,Rainy,23.3,0.84
Anosy,-25.0333,46.9833,2008-05-01,2008,5,May,Dry,21.19,2.28
Anosy,-25.0333,46.9833,2008-06-01,2008,6,June,Dry,19.64,1.17
Anosy,-25.0333,46.9833,2008-07-01,2008,7,July,Dry,19.33,3.65
Anosy,-25.0333,46.9833,2008-08-01,2008,8,August,Dry,19.45,1.03
Anosy,-25.0333,46.9833,2008-09-01,2008,9,September,Dry,21.98,1.19
Anosy,-25.0333,46.9833,2008-10-01,2008,10,October,Dry,23.62,3.53
Anosy,-25.0333,46.9833,2008-11-01,2008,11,November,Rainy,23.56,2.8
Anosy,-25.0333,46.9833,2008-12-01,2008,12,December,Rainy,25.93,2.46
Anosy,-25.0333,46.9833,2009-01-01,2009,1,January,Rainy,25.9,8.17
Anosy,-25.0333,46.9833,2009-02-01,2009,2,February,Rainy,25.29,2.4
Anosy,-25.0333,46.9833,2009-03-01,2009,3,March,Rainy,25.41,6.04
Anosy,-25.0333,46.9833,2009-04-01,2009,4,April,Rainy,22.18,4.77
Anosy,-25.0333,46.9833,2009-05-01,2009,5,May,Dry,21.42,3.19
Anosy,-25.0333,46.9833,2009-06-01,2009,6,June,Dry,20.79,0.73
Anosy,-25.0333,46.9833,2009-07-01,2009,7,July,Dry,19.26,1.2
Anosy,-25.0333,46.9833,2009-08-01,2009,8,August,Dry,19.63,2.21
Anosy,-25.0333,46.9833,2009-09-01,2009,9,September,Dry,21.35,2.82
Anosy,-25.0333,46.9833,2009-10-01,2009,10,October,Dry,22.28,3.26
Anosy,-25.0333,46.9833,2009-11-01,2009,11,November,Rainy,22.44,6.62
Anosy,-25.0333,46.9833,2009-12-01,2009,12,December,Rainy,24.61,3.9
Anosy,-25.0333,46.9833,2010-01-01,2010,1,January,Rainy,24.88,3.62
Anosy,-25.0333,46.9833,2010-02-01,2010,2,February,Rainy,25.35,2.08
Anosy,-25.0333,46.9833,2010-03-01,2010,3,March,Rainy,24.56,13.8
Anosy,-25.0333,46.9833,2010-04-01,2010,4,April,Rainy,23.62,1.64
Anosy,-25.0333,46.9833,2010-05-01,2010,5,May,Dry,22.56,3.0
Anosy,-25.0333,46.9833,2010-06-01,2010,6,June,Dry,20.51,1.61
Anosy,-25.0333,46.9833,2010-07-01,2010,7,July,Dry,19.6,1.66
Anosy,-25.0333,46.9833,2010-08-01,2010,8,August,Dry,19.83,3.04
Anosy,-25.0333,46.9833,2010-09-01,2010,9,September,Dry,20.51,0.86
Anosy,-25.0333,46.9833,2010-10-01,2010,10,October,Dry,23.09,2.81
Anosy,-25.0333,46.9833,2010-11-01,2010,11,November,Rainy,25.03,0.62
Anosy,-25.0333,46.9833,2010-12-01,2010,12,December,Rainy,24.88,7.13
Anosy,-25.0333,46.9833,2011-01-01,2011,1,January,Rainy,25.58,6.23
Anosy,-25.0333,46.9833,2011-02-01,2011,2,February,Rainy,24.49,12.8
Anosy,-25.0333,46.9833,2011-03-01,2011,3,March,Rainy,24.63,4.29
Anosy,-25.0333,46.9833,2011-04-01,2011,4,April,Rainy,23.52,8.68
Anosy,-25.0333,46.9833,2011-05-01,2011,5,May,Dry,21.37,5.83
Anosy,-25.0333,46.9833,2011-06-01,2011,6,June,Dry,20.25,1.55
Anosy,-25.0333,46.9833,2011-07-01,2011,7,July,Dry,18.91,0.82
Anosy,-25.0333,46.9833,2011-08-01,2011,8,August,Dry,19.81,4.39
Anosy,-25.0333,46.9833,2011-09-01,2011,9,September,Dry,20.78,0.11
Anosy,-25.0333,46.9833,2011-10-01,2011,10,October,Dry,22.48,0.7
Anosy,-25.0333,46.9833,2011-11-01,2011,11,November,Rainy,24.37,2.39
Anosy,-25.0333,46.9833,2011-12-01,2011,12,December,Rainy,24.97,3.28
Anosy,-25.0333,46.9833,2012-01-01,2012,1,January,Rainy,24.64,7.17
Anosy,-25.0333,46.9833,2012-02-01,2012,2,February,Rainy,25.85,3.38
Anosy,-25.0333,46.9833,2012-03-01,2012,3,March,Rainy,24.5,6.38
Anosy,-25.0333,46.9833,2012-04-01,2012,4,April,Rainy,23.07,6.87
Anosy,-25.0333,46.9833,2012-05-01,2012,5,May,Dry,21.61,0.43
Anosy,-25.0333,46.9833,2012-06-01,2012,6,June,Dry,20.79,0.25
Anosy,-25.0333,46.9833,2012-07-01,2012,7,July,Dry,20.39,0.11
Anosy,-25.0333,46.9833,2012-08-01,2012,8,August,Dry,21.32,0.15
Anosy,-25.0333,46.9833,2012-09-01,2012,9,September,Dry,21.56,4.76
Anosy,-25.0333,46.9833,2012-10-01,2012,10,October,Dry,23.31,5.0
Anosy,-25.0333,46.9833,2012-11-01,2012,11,November,Rainy,22.56,6.45
Anosy,-25.0333,46.9833,2012-12-01,2012,12,December,Rainy,24.1,2.93
Anosy,-25.0333,46.9833,2013-01-01,2013,1,January,Rainy,25.74,5.25
Anosy,-25.0333,46.9833,2013-02-01,2013,2,February,Rainy,24.08,19.31
Anosy,-25.0333,46.9833,2013-03-01,2013,3,March,Rainy,23.57,4.04
Anosy,-25.0333,46.9833,2013-04-01,2013,4,April,Rainy,22.75,2.76
Anosy,-25.0333,46.9833,2013-05-01,2013,5,May,Dry,20.61,4.27
Anosy,-25.0333,46.9833,2013-06-01,2013,6,June,Dry,19.19,3.19
Anosy,-25.0333,46.9833,2013-07-01,2013,7,July,Dry,18.54,1.46
Anosy,-25.0333,46.9833,2013-08-01,2013,8,August,Dry,19.14,2.42
Anosy,-25.0333,46.9833,2013-09-01,2013,9,September,Dry,21.5,0.47
Anosy,-25.0333,46.9833,2013-10-01,2013,10,October,Dry,21.73,5.11
Anosy,-25.0333,46.9833,2013-11-01,2013,11,November,Rainy,23.6,6.43
Anosy,-25.0333,46.9833,2013-12-01,2013,12,December,Rainy,23.65,4.22
Anosy,-25.0333,46.9833,2014-01-01,2014,1,January,Rainy,25.31,7.02
Anosy,-25.0333,46.9833,2014-02-01,2014,2,February,Rainy,25.1,5.87
Anosy,-25.0333,46.9833,2014-03-01,2014,3,March,Rainy,25.02,3.95
Anosy,-25.0333,46.9833,2014-04-01,2014,4,April,Rainy,23.48,2.82
Anosy,-25.0333,46.9833,2014-05-01,2014,5,May,Dry,21.58,1.5
Anosy,-25.0333,46.9833,2014-06-01,2014,6,June,Dry,20.6,0.74
Anosy,-25.0333,46.9833,2014-07-01,2014,7,July,Dry,19.92,1.27
Anosy,-25.0333,46.9833,2014-08-01,2014,8,August,Dry,20.21,3.15
Anosy,-25.0333,46.9833,2014-09-01,2014,9,September,Dry,21.03,2.89
Anosy,-25.0333,46.9833,2014-10-01,2014,10,October,Dry,21.97,6.13
Anosy,-25.0333,46.9833,2014-11-01,2014,11,November,Rainy,22.94,5.22
Anosy,-25.0333,46.9833,2014-12-01,2014,12,December,Rainy,24.48,8.66
Anosy,-25.0333,46.9833,2015-01-01,2015,1,January,Rainy,24.54,19.55
Anosy,-25.0333,46.9833,2015-02-01,2015,2,February,Rainy,24.6,4.42
Anosy,-25.0333,46.9833,2015-03-01,2015,3,March,Rainy,23.97,8.21
Anosy,-25.0333,46.9833,2015-04-01,2015,4,April,Rainy,22.86,3.77
Anosy,-25.0333,46.9833,2015-05-01,2015,5,May,Dry,21.59,2.76
Anosy,-25.0333,46.9833,2015-06-01,2015,6,June,Dry,19.9,2.65
Anosy,-25.0333,46.9833,2015-07-01,2015,7,July,Dry,19.32,2.57
Anosy,-25.0333,46.9833,2015-08-01,2015,8,August,Dry,19.85,0.55
Anosy,-25.0333,46.9833,2015-09-01,2015,9,September,Dry,20.76,1.18
Anosy,-25.0333,46.9833,2015-10-01,2015,10,October,Dry,23.74,1.37
Anosy,-25.0333,46.9833,2015-11-01,2015,11,November,Rainy,23.88,4.7
Anosy,-25.0333,46.9833,2015-12-01,2015,12,December,Rainy,25.28,5.53
Anosy,-25.0333,46.9833,2016-01-01,2016,1,January,Rainy,25.23,2.82
Anosy,-25.0333,46.9833,2016-02-01,2016,2,February,Rainy,25.76,2.75
Anosy,-25.0333,46.9833,2016-03-01,2016,3,March,Rainy,25.41,4.45
Anosy,-25.0333,46.9833,2016-04-01,2016,4,April,Rainy,24.01,0.93
Anosy,-25.0333,46.9833,2016-05-01,2016,5,May,Dry,20.92,3.05
Anosy,-25.0333,46.9833,2016-06-01,2016,6,June,Dry,19.75,4.41
Anosy,-25.0333,46.9833,2016-07-01,2016,7,July,Dry,19.38,1.71
Anosy,-25.0333,46.9833,2016-08-01,2016,8,August,Dry,19.95,0.34
Anosy,-25.0333,46.9833,2016-09-01,2016,9,September,Dry,21.64,0.22
Anosy,-25.0333,46.9833,2016-10-01,2016,10,October,Dry,23.44,2.32
Anosy,-25.0333,46.9833,2016-11-01,2016,11,November,Rainy,24.02,4.22
Anosy,-25.0333,46.9833,2016-12-01,2016,12,December,Rainy,25.85,1.3
Anosy,-25.0333,46.9833,2017-01-01,2017,1,January,Rainy,26.74,2.58
Anosy,-25.0333,46.9833,2017-02-01,2017,2,February,Rainy,25.91,13.16
Anosy,-25.0333,46.9833,2017-03-01,2017,3,March,Rainy,24.77,11.49
Anosy,-25.0333,46.9833,2017-04-01,2017,4,April,Rainy,23.04,2.24
Anosy,-25.0333,46.9833,2017-05-01,2017,5,May,Dry,22.13,1.26
Anosy,-25.0333,46.9833,2017-06-01,2017,6,June,Dry,20.84,1.67
Anosy,-25.0333,46.9833,2017-07-01,2017,7,July,Dry,20.02,1.78
Anosy,-25.0333,46.9833,2017-08-01,2017,8,August,Dry,19.69,5.13
Anosy,-25.0333,46.9833,2017-09-01,2017,9,September,Dry,20.69,0.63
Anosy,-25.0333,46.9833,2017-10-01,2017,10,October,Dry,23.46,1.21
Anosy,-25.0333,46.9833,2017-11-01,2017,11,November,Rainy,23.02,2.5
Anosy,-25.0333,46.9833,2017-12-01,2017,12,December,Rainy,24.48,8.02
Anosy,-25.0333,46.9833,2018-01-01,2018,1,January,Rainy,24.16,5.06
Anosy,-25.0333,46.9833,2018-02-01,2018,2,February,Rainy,24.43,14.11
Anosy,-25.0333,46.9833,2018-03-01,2018,3,March,Rainy,24.6,3.94
Anosy,-25.0333,46.9833,2018-04-01,2018,4,April,Rainy,22.72,6.36
Anosy,-25.0333,46.9833,2018-05-01,2018,5,May,Dry,21.51,2.74
Anosy,-25.0333,46.9833,2018-06-01,2018,6,June,Dry,20.15,0.6
Anosy,-25.0333,46.9833,2018-07-01,2018,7,July,Dry,19.36,4.89
Anosy,-25.0333,46.9833,2018-08-01,2018,8,August,Dry,20.66,0.11
Anosy,-25.0333,46.9833,2018-09-01,2018,9,September,Dry,22.64,1.13
Anosy,-25.0333,46.9833,2018-10-01,2018,10,October,Dry,22.02,2.0
Anosy,-25.0333,46.9833,2018-11-01,2018,11,November,Rainy,23.31,4.54
Anosy,-25.0333,46.9833,2018-12-01,2018,12,December,Rainy,25.49,2.44
Anosy,-25.0333,46.9833,2019-01-01,2019,1,January,Rainy,26.03,7.04
Anosy,-25.0333,46.9833,2019-02-01,2019,2,February,Rainy,25.24,2.67
Anosy,-25.0333,46.9833,2019-03-01,2019,3,March,Rainy,25.12,7.75
Anosy,-25.0333,46.9833,2019-04-01,2019,4,April,Rainy,24.11,6.58
Anosy,-25.0333,46.9833,2019-05-01,2019,5,May,Dry,21.57,4.18
Anosy,-25.0333,46.9833,2019-06-01,2019,6,June,Dry,20.27,3.4
Anosy,-25.0333,46.9833,2019-07-01,2019,7,July,Dry,19.25,2.17
Anosy,-25.0333,46.9833,2019-08-01,2019,8,August,Dry,20.31,1.12
Anosy,-25.0333,46.9833,2019-09-01,2019,9,September,Dry,20.69,4.91
Anosy,-25.0333,46.9833,2019-10-01,2019,10,October,Dry,23.37,2.69
Anosy,-25.0333,46.9833,2019-11-01,2019,11,November,Rainy,23.54,6.28
Anosy,-25.0333,46.9833,2019-12-01,2019,12,December,Rainy,24.79,7.56
Anosy,-25.0333,46.9833,2020-01-01,2020,1,January,Rainy,24.74,4.06
Anosy,-25.0333,46.9833,2020-02-01,2020,2,February,Rainy,25.34,2.16
Anosy,-25.0333,46.9833,2020-03-01,2020,3,March,Rainy,23.46,9.39
Anosy,-25.0333,46.9833,2020-04-01,2020,4,April,Rainy,22.62,6.64
Anosy,-25.0333,46.9833,2020-05-01,2020,5,May,Dry,20.57,4.76
Anosy,-25.0333,46.9833,2020-06-01,2020,6,June,Dry,19.4,4.18
Anosy,-25.0333,46.9833,2020-07-01,2020,7,July,Dry,18.66,1.5
Anosy,-25.0333,46.9833,2020-08-01,2020,8,August,Dry,19.69,0.59
Anosy,-25.0333,46.9833,2020-09-01,2020,9,September,Dry,20.71,3.04
Anosy,-25.0333,46.9833,2020-10-01,2020,10,October,Dry,21.22,5.53
Anosy,-25.0333,46.9833,2020-11-01,2020,11,November,Rainy,23.99,0.89
Anosy,-25.0333,46.9833,2020-12-01,2020,12,December,Rainy,25.35,0.89
Anosy,-25.0333,46.9833,2021-01-01,2021,1,January,Rainy,27.18,1.82
Anosy,-25.0333,46.9833,2021-02-01,2021,2,February,Rainy,26.88,4.77
Anosy,-25.0333,46.9833,2021-03-01,2021,3,March,Rainy,24.86,5.53
Anosy,-25.0333,46.9833,2021-04-01,2021,4,April,Rainy,23.39,1.43
Anosy,-25.0333,46.9833,2021-05-01,2021,5,May,Dry,21.69,1.98
Anosy,-25.0333,46.9833,2021-06-01,2021,6,June,Dry,19.86,4.55
Anosy,-25.0333,46.9833,2021-07-01,2021,7,July,Dry,19.74,7.59
Anosy,-25.0333,46.9833,2021-08-01,2021,8,August,Dry,19.41,1.08
Anosy,-25.0333,46.9833,2021-09-01,2021,9,September,Dry,21.02,1.86
Anosy,-25.0333,46.9833,2021-10-01,2021,10,October,Dry,22.18,1.54
Anosy,-25.0333,46.9833,2021-11-01,2021,11,November,Rainy,24.38,1.48
Anosy,-25.0333,46.9833,2021-12-01,2021,12,December,Rainy,25.18,4.48
Anosy,-25.0333,46.9833,2022-01-01,2022,1,January,Rainy,24.33,6.82
Anosy,-25.0333,46.9833,2022-02-01,2022,2,February,Rainy,24.95,11.85
Anosy,-25.0333,46.9833,2022-03-01,2022,3,March,Rainy,24.24,7.44
Anosy,-25.0333,46.9833,2022-04-01,2022,4,April,Rainy,23.43,8.17
Anosy,-25.0333,46.9833,2022-05-01,2022,5,May,Dry,21.22,1.77
Anosy,-25.0333,46.9833,2022-06-01,2022,6,June,Dry,19.17,3.15
Anosy,-25.0333,46.9833,2022-07-01,2022,7,July,Dry,19.52,1.5
Anosy,-25.0333,46.9833,2022-08-01,2022,8,August,Dry,19.88,2.91
Anosy,-25.0333,46.9833,2022-09-01,2022,9,September,Dry,20.92,1.44
Anosy,-25.0333,46.9833,2022-10-01,2022,10,October,Dry,23.46,0.37
Anosy,-25.0333,46.9833,2022-11-01,2022,11,November,Rainy,24.55,2.23
Anosy,-25.0333,46.9833,2022-12-01,2022,12,December,Rainy,24.66,9.5
Anosy,-25.0333,46.9833,2023-01-01,2023,1,January,Rainy,24.93,12.39
Anosy,-25.0333,46.9833,2023-02-01,2023,2,February,Rainy,24.91,2.09
Anosy,-25.0333,46.9833,2023-03-01,2023,3,March,Rainy,23.93,11.48
Anosy,-25.0333,46.9833,2023-04-01,2023,4,April,Rainy,23.04,2.27
Anosy,-25.0333,46.9833,2023-05-01,2023,5,May,Dry,21.54,1.51
Anosy,-25.0333,46.9833,2023-06-01,2023,6,June,Dry,20.22,2.03
Anosy,-25.0333,46.9833,2023-07-01,2023,7,July,Dry,19.52,1.42
Anosy,-25.0333,46.9833,2023-08-01,2023,8,August,Dry,20.21,1.44
Anosy,-25.0333,46.9833,2023-09-01,2023,9,September,Dry,22.74,0.14
Anosy,-25.0333,46.9833,2023-10-01,2023,10,October,Dry,23.51,2.37
Anosy,-25.0333,46.9833,2023-11-01,2023,11,November,Rainy,23.8,4.24
Anosy,-25.0333,46.9833,2023-12-01,2023,12,December,Rainy,25.18,5.59
Anosy,-25.0333,46.9833,2024-01-01,2024,1,January,Rainy,24.65,10.66
Anosy,-25.0333,46.9833,2024-02-01,2024,2,February,Rainy,24.73,11.21
Anosy,-25.0333,46.9833,2024-03-01,2024,3,March,Rainy,24.64,16.35
Anosy,-25.0333,46.9833,2024-04-01,2024,4,April,Rainy,22.61,14.87
Anosy,-25.0333,46.9833,2024-05-01,2024,5,May,Dry,21.27,6.55
Anosy,-25.0333,46.9833,2024-06-01,2024,6,June,Dry,19.96,6.77
Anosy,-25.0333,46.9833,2024-07-01,2024,7,July,Dry,19.65,1.12
Anosy,-25.0333,46.9833,2024-08-01,2024,8,August,Dry,20.0,3.46
Anosy,-25.0333,46.9833,2024-09-01,2024,9,September,Dry,21.46,5.7
Anosy,-25.0333,46.9833,2024-10-01,2024,10,October,Dry,22.27,1.19
Anosy,-25.0333,46.9833,2024-11-01,2024,11,November,Rainy,25.93,0.84
Anosy,-25.0333,46.9833,2024-12-01,2024,12,December,Rainy,27.27,0.59
Atsimo-Andrefana,-23.35,43.6667,2005-01-01,2005,1,January,Rainy,27.28,11.74
Atsimo-Andrefana,-23.35,43.6667,2005-02-01,2005,2,February,Rainy,26.6,3.18
Atsimo-Andrefana,-23.35,43.6667,2005-03-01,2005,3,March,Rainy,26.2,2.69
Atsimo-Andrefana,-23.35,43.6667,2005-04-01,2005,4,April,Rainy,24.71,0.75
Atsimo-Andrefana,-23.35,43.6667,2005-05-01,2005,5,May,Dry,24.14,0.29
Atsimo-Andrefana,-23.35,43.6667,2005-06-01,2005,6,June,Dry,22.95,0.07
Atsimo-Andrefana,-23.35,43.6667,2005-07-01,2005,7,July,Dry,20.91,0.71
Atsimo-Andrefana,-23.35,43.6667,2005-08-01,2005,8,August,Dry,22.88,0.0
Atsimo-Andrefana,-23.35,43.6667,2005-09-01,2005,9,September,Dry,24.81,0.29
Atsimo-Andrefana,-23.35,43.6667,2005-10-01,2005,10,October,Dry,26.73,0.12
Atsimo-Andrefana,-23.35,43.6667,2005-11-01,2005,11,November,Rainy,27.26,0.33
Atsimo-Andrefana,-23.35,43.6667,2005-12-01,2005,12,December,Rainy,28.1,1.81
Atsimo-Andrefana,-23.35,43.6667,2006-01-01,2006,1,January,Rainy,29.23,2.42
Atsimo-Andrefana,-23.35,43.6667,2006-02-01,2006,2,February,Rainy,28.88,2.4
Atsimo-Andrefana,-23.35,43.6667,2006-03-01,2006,3,March,Rainy,29.6,0.84
Atsimo-Andrefana,-23.35,43.6667,2006-04-01,2006,4,April,Rainy,26.77,0.63
Atsimo-Andrefana,-23.35,43.6667,2006-05-01,2006,5,May,Dry,23.42,0.1
Atsimo-Andrefana,-23.35,43.6667,2006-06-01,2006,6,June,Dry,22.84,0.18
Atsimo-Andrefana,-23.35,43.6667,2006-07-01,2006,7,July,Dry,22.16,0.09
Atsimo-Andrefana,-23.35,43.6667,2006-08-01,2006,8,August,Dry,22.75,1.28
Atsimo-Andrefana,-23.35,43.6667,2006-09-01,2006,9,September,Dry,22.85,0.86
Atsimo-Andrefana,-23.35,43.6667,2006-10-01,2006,10,October,Dry,25.95,0.06
Atsimo-Andrefana,-23.35,43.6667,2006-11-01,2006,11,November,Rainy,27.74,1.23
Atsimo-Andrefana,-23.35,43.6667,2006-12-01,2006,12,December,Rainy,28.75,4.15
Atsimo-Andrefana,-23.35,43.6667,2007-01-01,2007,1,January,Rainy,27.44,8.64
Atsimo-Andrefana,-23.35,43.6667,2007-02-01,2007,2,February,Rainy,27.42,5.77
Atsimo-Andrefana,-23.35,43.6667,2007-03-01,2007,3,March,Rainy,27.1,0.49
Atsimo-Andrefana,-23.35,43.6667,2007-04-01,2007,4,April,Rainy,26.32,2.71
Atsimo-Andrefana,-23.35,43.6667,2007-05-01,2007,5,May,Dry,24.05,0.92
Atsimo-Andrefana,-23.35,43.6667,2007-06-01,2007,6,June,Dry,21.31,0.28
Atsimo-Andrefana,-23.35,43.6667,2007-07-01,2007,7,July,Dry,21.09,0.07
Atsimo-Andrefana,-23.35,43.6667,2007-08-01,2007,8,August,Dry,21.84,0.3
Atsimo-Andrefana,-23.35,43.6667,2007-09-01,2007,9,September,Dry,24.36,0.03
Atsimo-Andrefana,-23.35,43.6667,2007-10-01,2007,10,October,Dry,25.73,0.37
Atsimo-Andrefana,-23.35,43.6667,2007-11-01,2007,11,November,Rainy,27.76,0.8
Atsimo-Andrefana,-23.35,43.6667,2007-12-01,2007,12,December,Rainy,28.72,2.39
Atsimo-Andrefana,-23.35,43.6667,2008-01-01,2008,1,January,Rainy,27.82,5.09
Atsimo-Andrefana,-23.35,43.6667,2008-02-01,2008,2,February,Rainy,27.68,5.1
Atsimo-Andrefana,-23.35,43.6667,2008-03-01,2008,3,March,Rainy,26.52,1.5
Atsimo-Andrefana,-23.35,43.6667,2008-04-01,2008,4,April,Rainy,24.65,0.13
Atsimo-Andrefana,-23.35,43.6667,2008-05-01,2008,5,May,Dry,23.27,0.39
Atsimo-Andrefana,-23.35,43.6667,2008-06-01,2008,6,June,Dry,20.98,0.34
Atsimo-Andrefana,-23.35,43.6667,2008-07-01,2008,7,July,Dry,21.44,0.24
Atsimo-Andrefana,-23.35,43.6667,2008-08-01,2008,8,August,Dry,22.26,0.21
Atsimo-Andrefana,-23.35,43.6667,2008-09-01,2008,9,September,Dry,23.56,0.33
Atsimo-Andrefana,-23.35,43.6667,2008-10-01,2008,10,October,Dry,26.78,1.24
Atsimo-Andrefana,-23.35,43.6667,2008-11-01,2008,11,November,Rainy,27.01,2.55
Atsimo-Andrefana,-23.35,43.6667,2008-12-01,2008,12,December,Rainy,28.3,1.89
Atsimo-Andrefana,-23.35,43.6667,2009-01-01,2009,1,January,Rainy,28.58,4.05
Atsimo-Andrefana,-23.35,43.6667,2009-02-01,2009,2,February,Rainy,29.42,1.3
Atsimo-Andrefana,-23.35,43.6667,2009-03-01,2009,3,March,Rainy,27.8,3.87
Atsimo-Andrefana,-23.35,43.6667,2009-04-01,2009,4,April,Rainy,25.01,0.38
Atsimo-Andrefana,-23.35,43.6667,2009-05-01,2009,5,May,Dry,23.65,0.34
Atsimo-Andrefana,-23.35,43.6667,2009-06-01,2009,6,June,Dry,22.7,0.15
Atsimo-Andrefana,-23.35,43.6667,2009-07-01,2009,7,July,Dry,21.21,0.07
Atsimo-Andrefana,-23.35,43.6667,2009-08-01,2009,8,August,Dry,22.46,0.09
Atsimo-Andrefana,-23.35,43.6667,2009-09-01,2009,9,September,Dry,24.47,0.07
Atsimo-Andrefana,-23.35,43.6667,2009-10-01,2009,10,October,Dry,25.77,0.94
Atsimo-Andrefana,-23.35,43.6667,2009-11-01,2009,11,November,Rainy,26.22,2.18
Atsimo-Andrefana,-23.35,43.6667,2009-12-01,2009,12,December,Rainy,28.21,1.74
Atsimo-Andrefana,-23.35,43.6667,2010-01-01,2010,1,January,Rainy,28.97,2.85
Atsimo-Andrefana,-23.35,43.6667,2010-02-01,2010,2,February,Rainy,29.21,1.41
Atsimo-Andrefana,-23.35,43.6667,2010-03-01,2010,3,March,Rainy,27.38,6.26
Atsimo-Andrefana,-23.35,43.6667,2010-04-01,2010,4,April,Rainy,26.79,1.23
Atsimo-Andrefana,-23.35,43.6667,2010-05-01,2010,5,May,Dry,24.28,1.93
Atsimo-Andrefana,-23.35,43.6667,2010-06-01,2010,6,June,Dry,21.98,0.97
Atsimo-Andrefana,-23.35,43.6667,2010-07-01,2010,7,July,Dry,21.92,0.17
Atsimo-Andrefana,-23.35,43.6667,2010-08-01,2010,8,August,Dry,22.51,0.14
Atsimo-Andrefana,-23.35,43.6667,2010-09-01,2010,9,September,Dry,23.49,0.08
Atsimo-Andrefana,-23.35,43.6667,2010-10-01,2010,10,October,Dry,26.24,2.28
Atsimo-Andrefana,-23.35,43.6667,2010-11-01,2010,11,November,Rainy,27.58,1.48
Atsimo-Andrefana,-23.35,43.6667,2010-12-01,2010,12,December,Rainy,27.64,4.71
Atsimo-Andrefana,-23.35,43.6667,2011-01-01,2011,1,January,Rainy,28.39,4.57
Atsimo-Andrefana,-23.35,43.6667,2011-02-01,2011,2,February,Rainy,26.9,5.17
Atsimo-Andrefana,-23.35,43.6667,2011-03-01,2011,3,March,Rainy,27.75,3.29
Atsimo-Andrefana,-23.35,43.6667,2011-04-01,2011,4,April,Rainy,25.36,1.58
Atsimo-Andrefana,-23.35,43.6667,2011-05-01,2011,5,May,Dry,23.6,0.51
Atsimo-Andrefana,-23.35,43.6667,2011-06-01,2011,6,June,Dry,22.2,0.29
Atsimo-Andrefana,-23.35,43.6667,2011-07-01,2011,7,July,Dry,20.59,0.19
Atsimo-Andrefana,-23.35,43.6667,2011-08-01,2011,8,August,Dry,22.34,0.85
Atsimo-Andrefana,-23.35,43.6667,2011-09-01,2011,9,September,Dry,23.8,0.01
Atsimo-Andrefana,-23.35,43.6667,2011-10-01,2011,10,October,Dry,25.72,0.26
Atsimo-Andrefana,-23.35,43.6667,2011-11-01,2011,11,November,Rainy,27.33,0.7
Atsimo-Andrefana,-23.35,43.6667,2011-12-01,2011,12,December,Rainy,27.55,1.53
Atsimo-Andrefana,-23.35,43.6667,2012-01-01,2012,1,January,Rainy,27.96,4.91
Atsimo-Andrefana,-23.35,43.6667,2012-02-01,2012,2,February,Rainy,28.63,1.21
Atsimo-Andrefana,-23.35,43.6667,2012-03-01,2012,3,March,Rainy,27.47,2.85
Atsimo-Andrefana,-23.35,43.6667,2012-04-01,2012,4,April,Rainy,25.43,1.45
Atsimo-Andrefana,-23.35,43.6667,2012-05-01,2012,5,May,Dry,24.43,0.1
Atsimo-Andrefana,-23.35,43.6667,2012-06-01,2012,6,June,Dry,22.51,0.05
Atsimo-Andrefana,-23.35,43.6667,2012-07-01,2012,7,July,Dry,21.52,0.04
Atsimo-Andrefana,-23.35,43.6667,2012-08-01,2012,8,August,Dry,22.94,0.0
Atsimo-Andrefana,-23.35,43.6667,2012-09-01,2012,9,September,Dry,24.63,0.52
Atsimo-Andrefana,-23.35,43.6667,2012-10-01,2012,10,October,Dry,26.63,2.15
Atsimo-Andrefana,-23.35,43.6667,2012-11-01,2012,11,November,Rainy,25.74,3.92
Atsimo-Andrefana,-23.35,43.6667,2012-12-01,2012,12,December,Rainy,27.5,5.47
Atsimo-Andrefana,-23.35,43.6667,2013-01-01,2013,1,January,Rainy,28.85,4.42
Atsimo-Andrefana,-23.35,43.6667,2013-02-01,2013,2,February,Rainy,26.4,15.67
Atsimo-Andrefana,-23.35,43.6667,2013-03-01,2013,3,March,Rainy,25.57,1.19
Atsimo-Andrefana,-23.35,43.6667,2013-04-01,2013,4,April,Rainy,24.91,0.62
Atsimo-Andrefana,-23.35,43.6667,2013-05-01,2013,5,May,Dry,22.72,1.12
Atsimo-Andrefana,-23.35,43.6667,2013-06-01,2013,6,June,Dry,21.0,0.2
Atsimo-Andrefana,-23.35,43.6667,2013-07-01,2013,7,July,Dry,20.48,0.12
Atsimo-Andrefana,-23.35,43.6667,2013-08-01,2013,8,August,Dry,22.32,0.1
Atsimo-Andrefana,-23.35,43.6667,2013-09-01,2013,9,September,Dry,24.74,0.22
Atsimo-Andrefana,-23.35,43.6667,2013-10-01,2013,10,October,Dry,25.12,1.21
Atsimo-Andrefana,-23.35,43.6667,2013-11-01,2013,11,November,Rainy,26.91,2.53
Atsimo-Andrefana,-23.35,43.6667,2013-12-01,2013,12,December,Rainy,27.28,2.2
Atsimo-Andrefana,-23.35,43.6667,2014-01-01,2014,1,January,Rainy,27.03,16.04
Atsimo-Andrefana,-23.35,43.6667,2014-02-01,2014,2,February,Rainy,26.65,2.19
Atsimo-Andrefana,-23.35,43.6667,2014-03-01,2014,3,March,Rainy,27.19,0.64
Atsimo-Andrefana,-23.35,43.6667,2014-04-01,2014,4,April,Rainy,25.52,0.39
Atsimo-Andrefana,-23.35,43.6667,2014-05-01,2014,5,May,Dry,23.46,0.55
Atsimo-Andrefana,-23.35,43.6667,2014-06-01,2014,6,June,Dry,22.09,0.13
Atsimo-Andrefana,-23.35,43.6667,2014-07-01,2014,7,July,Dry,22.0,0.22
Atsimo-Andrefana,-23.35,43.6667,2014-08-01,2014,8,August,Dry,22.71,0.4
Atsimo-Andrefana,-23.35,43.6667,2014-09-01,2014,9,September,Dry,24.25,0.65
Atsimo-Andrefana,-23.35,43.6667,2014-10-01,2014,10,October,Dry,24.16,0.87
Atsimo-Andrefana,-23.35,43.6667,2014-11-01,2014,11,November,Rainy,26.2,0.76
Atsimo-Andrefana,-23.35,43.6667,2014-12-01,2014,12,December,Rainy,26.78,3.14
Atsimo-Andrefana,-23.35,43.6667,2015-01-01,2015,1,January,Rainy,27.82,6.88
Atsimo-Andrefana,-23.35,43.6667,2015-02-01,2015,2,February,Rainy,26.92,7.89
Atsimo-Andrefana,-23.35,43.6667,2015-03-01,2015,3,March,Rainy,25.99,3.54
Atsimo-Andrefana,-23.35,43.6667,2015-04-01,2015,4,April,Rainy,25.33,0.69
Atsimo-Andrefana,-23.35,43.6667,2015-05-01,2015,5,May,Dry,23.66,0.35
Atsimo-Andrefana,-23.35,43.6667,2015-06-01,2015,6,June,Dry,22.2,0.53
Atsimo-Andrefana,-23.35,43.6667,2015-07-01,2015,7,July,Dry,21.49,0.1
Atsimo-Andrefana,-23.35,43.6667,2015-08-01,2015,8,August,Dry,22.36,0.16
Atsimo-Andrefana,-23.35,43.6667,2015-09-01,2015,9,September,Dry,24.29,0.87
Atsimo-Andrefana,-23.35,43.6667,2015-10-01,2015,10,October,Dry,26.67,2.07
Atsimo-Andrefana,-23.35,43.6667,2015-11-01,2015,11,November,Rainy,25.66,2.63
Atsimo-Andrefana,-23.35,43.6667,2015-12-01,2015,12,December,Rainy,27.46,7.53
Atsimo-Andrefana,-23.35,43.6667,2016-01-01,2016,1,January,Rainy,27.76,3.04
Atsimo-Andrefana,-23.35,43.6667,2016-02-01,2016,2,February,Rainy,27.94,3.09
Atsimo-Andrefana,-23.35,43.6667,2016-03-01,2016,3,March,Rainy,28.05,4.75
Atsimo-Andrefana,-23.35,43.6667,2016-04-01,2016,4,April,Rainy,26.21,0.1
Atsimo-Andrefana,-23.35,43.6667,2016-05-01,2016,5,May,Dry,23.0,0.23
Atsimo-Andrefana,-23.35,43.6667,2016-06-01,2016,6,June,Dry,22.06,0.41
Atsimo-Andrefana,-23.35,43.6667,2016-07-01,2016,7,July,Dry,22.45,0.11
Atsimo-Andrefana,-23.35,43.6667,2016-08-01,2016,8,August,Dry,22.66,0.02
Atsimo-Andrefana,-23.35,43.6667,2016-09-01,2016,9,September,Dry,24.92,0.02
Atsimo-Andrefana,-23.35,43.6667,2016-10-01,2016,10,October,Dry,25.74,0.61
Atsimo-Andrefana,-23.35,43.6667,2016-11-01,2016,11,November,Rainy,27.32,1.24
Atsimo-Andrefana,-23.35,43.6667,2016-12-01,2016,12,December,Rainy,28.3,1.18
Atsimo-Andrefana,-23.35,43.6667,2017-01-01,2017,1,January,Rainy,28.84,2.03
Atsimo-Andrefana,-23.35,43.6667,2017-02-01,2017,2,February,Rainy,28.96,4.17
Atsimo-Andrefana,-23.35,43.6667,2017-03-01,2017,3,March,Rainy,27.59,2.26
Atsimo-Andrefana,-23.35,43.6667,2017-04-01,2017,4,April,Rainy,26.73,0.29
Atsimo-Andrefana,-23.35,43.6667,2017-05-01,2017,5,May,Dry,24.9,0.53
Atsimo-Andrefana,-23.35,43.6667,2017-06-01,2017,6,June,Dry,23.85,0.13
Atsimo-Andrefana,-23.35,43.6667,2017-07-01,2017,7,July,Dry,22.38,0.05
Atsimo-Andrefana,-23.35,43.6667,2017-08-01,2017,8,August,Dry,22.58,0.11
Atsimo-Andrefana,-23.35,43.6667,2017-09-01,2017,9,September,Dry,23.99,0.07
Atsimo-Andrefana,-23.35,43.6667,2017-10-01,2017,10,October,Dry,26.29,0.12
Atsimo-Andrefana,-23.35,43.6667,2017-11-01,2017,11,November,Rainy,26.42,0.78
Atsimo-Andrefana,-23.35,43.6667,2017-12-01,2017,12,December,Rainy,27.35,2.16
Atsimo-Andrefana,-23.35,43.6667,2018-01-01,2018,1,January,Rainy,28.48,0.67
Atsimo-Andrefana,-23.35,43.6667,2018-02-01,2018,2,February,Rainy,27.97,2.2
Atsimo-Andrefana,-23.35,43.6667,2018-03-01,2018,3,March,Rainy,28.94,0.91
Atsimo-Andrefana,-23.35,43.6667,2018-04-01,2018,4,April,Rainy,26.83,1.4
Atsimo-Andrefana,-23.35,43.6667,2018-05-01,2018,5,May,Dry,24.54,0.08
Atsimo-Andrefana,-23.35,43.6667,2018-06-01,2018,6,June,Dry,22.49,1.32
Atsimo-Andrefana,-23.35,43.6667,2018-07-01,2018,7,July,Dry,21.92,0.23
Atsimo-Andrefana,-23.35,43.6667,2018-08-01,2018,8,August,Dry,23.27,0.0
Atsimo-Andrefana,-23.35,43.6667,2018-09-01,2018,9,September,Dry,24.66,1.29
Atsimo-Andrefana,-23.35,43.6667,2018-10-01,2018,10,October,Dry,24.28,0.9
Atsimo-Andrefana,-23.35,43.6667,2018-11-01,2018,11,November,Rainy,26.32,0.49
Atsimo-Andrefana,-23.35,43.6667,2018-12-01,2018,12,December,Rainy,28.22,1.13
Atsimo-Andrefana,-23.35,43.6667,2019-01-01,2019,1,January,Rainy,27.85,6.09
Atsimo-Andrefana,-23.35,43.6667,2019-02-01,2019,2,February,Rainy,27.64,2.34
Atsimo-Andrefana,-23.35,43.6667,2019-03-01,2019,3,March,Rainy,27.93,1.87
Atsimo-Andrefana,-23.35,43.6667,2019-04-01,2019,4,April,Rainy,26.51,0.64
Atsimo-Andrefana,-23.35,43.6667,2019-05-01,2019,5,May,Dry,24.48,0.43
Atsimo-Andrefana,-23.35,43.6667,2019-06-01,2019,6,June,Dry,22.72,0.82
Atsimo-Andrefana,-23.35,43.6667,2019-07-01,2019,7,July,Dry,21.65,0.27
Atsimo-Andrefana,-23.35,43.6667,2019-08-01,2019,8,August,Dry,23.38,0.09
Atsimo-Andrefana,-23.35,43.6667,2019-09-01,2019,9,September,Dry,23.55,0.76
Atsimo-Andrefana,-23.35,43.6667,2019-10-01,2019,10,October,Dry,27.4,0.3
Atsimo-Andrefana,-23.35,43.6667,2019-11-01,2019,11,November,Rainy,27.74,1.39
Atsimo-Andrefana,-23.35,43.6667,2019-12-01,2019,12,December,Rainy,28.49,4.72
Atsimo-Andrefana,-23.35,43.6667,2020-01-01,2020,1,January,Rainy,28.56,3.78
Atsimo-Andrefana,-23.35,43.6667,2020-02-01,2020,2,February,Rainy,28.89,3.6
Atsimo-Andrefana,-23.35,43.6667,2020-03-01,2020,3,March,Rainy,27.33,0.81
Atsimo-Andrefana,-23.35,43.6667,2020-04-01,2020,4,April,Rainy,26.08,1.7
Atsimo-Andrefana,-23.35,43.6667,2020-05-01,2020,5,May,Dry,22.98,1.08
Atsimo-Andrefana,-23.35,43.6667,2020-06-01,2020,6,June,Dry,22.2,0.36
Atsimo-Andrefana,-23.35,43.6667,2020-07-01,2020,7,July,Dry,20.8,0.12
Atsimo-Andrefana,-23.35,43.6667,2020-08-01,2020,8,August,Dry,22.38,0.03
Atsimo-Andrefana,-23.35,43.6667,2020-09-01,2020,9,September,Dry,24.54,0.37
Atsimo-Andrefana,-23.35,43.6667,2020-10-01,2020,10,October,Dry,25.78,1.09
Atsimo-Andrefana,-23.35,43.6667,2020-11-01,2020,11,November,Rainy,27.09,0.19
Atsimo-Andrefana,-23.35,43.6667,2020-12-01,2020,12,December,Rainy,29.34,0.47
Atsimo-Andrefana,-23.35,43.6667,2021-01-01,2021,1,January,Rainy,30.26,2.3
Atsimo-Andrefana,-23.35,43.6667,2021-02-01,2021,2,February,Rainy,28.48,4.35
Atsimo-Andrefana,-23.35,43.6667,2021-03-01,2021,3,March,Rainy,27.46,2.35
Atsimo-Andrefana,-23.35,43.6667,2021-04-01,2021,4,April,Rainy,25.96,0.33
Atsimo-Andrefana,-23.35,43.6667,2021-05-01,2021,5,May,Dry,23.54,0.1
Atsimo-Andrefana,-23.35,43.6667,2021-06-01,2021,6,June,Dry,22.25,0.42
Atsimo-Andrefana,-23.35,43.6667,2021-07-01,2021,7,July,Dry,22.33,0.08
Atsimo-Andrefana,-23.35,43.6667,2021-08-01,2021,8,August,Dry,22.64,0.03
Atsimo-Andrefana,-23.35,43.6667,2021-09-01,2021,9,September,Dry,24.64,0.06
Atsimo-Andrefana,-23.35,43.6667,2021-10-01,2021,10,October,Dry,25.24,0.04
Atsimo-Andrefana,-23.35,43.6667,2021-11-01,2021,11,November,Rainy,26.82,0.9
Atsimo-Andrefana,-23.35,43.6667,2021-12-01,2021,12,December,Rainy,28.51,0.5
Atsimo-Andrefana,-23.35,43.6667,2022-01-01,2022,1,January,Rainy,29.57,0.76
Atsimo-Andrefana,-23.35,43.6667,2022-02-01,2022,2,February,Rainy,29.42,3.07
Atsimo-Andrefana,-23.35,43.6667,2022-03-01,2022,3,March,Rainy,28.35,1.15
Atsimo-Andrefana,-23.35,43.6667,2022-04-01,2022,4,April,Rainy,27.35,1.4
Atsimo-Andrefana,-23.35,43.6667,2022-05-01,2022,5,May,Dry,23.93,0.26
Atsimo-Andrefana,-23.35,43.6667,2022-06-01,2022,6,June,Dry,21.75,0.28
Atsimo-Andrefana,-23.35,43.6667,2022-07-01,2022,7,July,Dry,22.23,0.05
Atsimo-Andrefana,-23.35,43.6667,2022-08-01,2022,8,August,Dry,22.94,0.57
Atsimo-Andrefana,-23.35,43.6667,2022-09-01,2022,9,September,Dry,24.65,0.05
Atsimo-Andrefana,-23.35,43.6667,2022-10-01,2022,10,October,Dry,26.8,0.14
Atsimo-Andrefana,-23.35,43.6667,2022-11-01,2022,11,November,Rainy,27.09,1.41
Atsimo-Andrefana,-23.35,43.6667,2022-12-01,2022,12,December,Rainy,27.64,3.46
Atsimo-Andrefana,-23.35,43.6667,2023-01-01,2023,1,January,Rainy,28.58,3.46
Atsimo-Andrefana,-23.35,43.6667,2023-02-01,2023,2,February,Rainy,28.69,0.89
Atsimo-Andrefana,-23.35,43.6667,2023-03-01,2023,3,March,Rainy,26.17,8.42
Atsimo-Andrefana,-23.35,43.6667,2023-04-01,2023,4,April,Rainy,25.28,0.27
Atsimo-Andrefana,-23.35,43.6667,2023-05-01,2023,5,May,Dry,23.68,0.28
Atsimo-Andrefana,-23.35,43.6667,2023-06-01,2023,6,June,Dry,22.56,0.07
Atsimo-Andrefana,-23.35,43.6667,2023-07-01,2023,7,July,Dry,21.41,0.04
Atsimo-Andrefana,-23.35,43.6667,2023-08-01,2023,8,August,Dry,22.45,0.03
Atsimo-Andrefana,-23.35,43.6667,2023-09-01,2023,9,September,Dry,25.55,0.0
Atsimo-Andrefana,-23.35,43.6667,2023-10-01,2023,10,October,Dry,26.29,0.27
Atsimo-Andrefana,-23.35,43.6667,2023-11-01,2023,11,November,Rainy,27.41,0.56
Atsimo-Andrefana,-23.35,43.6667,2023-12-01,2023,12,December,Rainy,29.1,1.35
Atsimo-Andrefana,-23.35,43.6667,2024-01-01,2024,1,January,Rainy,29.0,1.79
Atsimo-Andrefana,-23.35,43.6667,2024-02-01,2024,2,February,Rainy,29.47,2.82
Atsimo-Andrefana,-23.35,43.6667,2024-03-01,2024,3,March,Rainy,28.18,2.98
Atsimo-Andrefana,-23.35,43.6667,2024-04-01,2024,4,April,Rainy,25.96,1.84
Atsimo-Andrefana,-23.35,43.6667,2024-05-01,2024,5,May,Dry,24.34,0.07
Atsimo-Andrefana,-23.35,43.6667,2024-06-01,2024,6,June,Dry,22.97,0.19
Atsimo-Andrefana,-23.35,43.6667,2024-07-01,2024,7,July,Dry,21.82,0.07
Atsimo-Andrefana,-23.35,43.6667,2024-08-01,2024,8,August,Dry,22.91,0.21
Atsimo-Andrefana,-23.35,43.6667,2024-09-01,2024,9,September,Dry,25.21,0.05
Atsimo-Andrefana,-23.35,43.6667,2024-10-01,2024,10,October,Dry,26.29,0.29
Atsimo-Andrefana,-23.35,43.6667,2024-11-01,2024,11,November,Rainy,28.08,0.96
Atsimo-Andrefana,-23.35,43.6667,2024-12-01,2024,12,December,Rainy,29.89,0.5
Atsimo-Atsinanana,-24.7,47.75,2005-01-01,2005,1,January,Rainy,26.22,10.03
Atsimo-Atsinanana,-24.7,47.75,2005-02-01,2005,2,February,Rainy,26.09,9.64
Atsimo-Atsinanana,-24.7,47.75,2005-03-01,2005,3,March,Rainy,25.7,12.28
Atsimo-Atsinanana,-24.7,47.75,2005-04-01,2005,4,April,Rainy,24.4,6.59
Atsimo-Atsinanana,-24.7,47.75,2005-05-01,2005,5,May,Dry,23.33,2.71
Atsimo-Atsinanana,-24.7,47.75,2005-06-01,2005,6,June,Dry,22.28,2.05
Atsimo-Atsinanana,-24.7,47.75,2005-07-01,2005,7,July,Dry,20.8,2.19
Atsimo-Atsinanana,-24.7,47.75,2005-08-01,2005,8,August,Dry,21.36,0.47
Atsimo-Atsinanana,-24.7,47.75,2005-09-01,2005,9,September,Dry,21.82,0.61
Atsimo-Atsinanana,-24.7,47.75,2005-10-01,2005,10,October,Dry,22.75,0.4
Atsimo-Atsinanana,-24.7,47.75,2005-11-01,2005,11,November,Rainy,24.22,1.77
Atsimo-Atsinanana,-24.7,47.75,2005-12-01,2005,12,December,Rainy,25.29,7.98
Atsimo-Atsinanana,-24.7,47.75,2006-01-01,2006,1,January,Rainy,26.34,1.74
Atsimo-Atsinanana,-24.7,47.75,2006-02-01,2006,2,February,Rainy,26.89,1.42
Atsimo-Atsinanana,-24.7,47.75,2006-03-01,2006,3,March,Rainy,26.98,3.28
Atsimo-Atsinanana,-24.7,47.75,2006-04-01,2006,4,April,Rainy,25.15,4.72
Atsimo-Atsinanana,-24.7,47.75,2006-05-01,2006,5,May,Dry,23.75,1.87
Atsimo-Atsinanana,-24.7,47.75,2006-06-01,2006,6,June,Dry,22.73,0.74
Atsimo-Atsinanana,-24.7,47.75,2006-07-01,2006,7,July,Dry,21.92,0.62
Atsimo-Atsinanana,-24.7,47.75,2006-08-01,2006,8,August,Dry,21.91,2.68
Atsimo-Atsinanana,-24.7,47.75,2006-09-01,2006,9,September,Dry,21.44,1.81
Atsimo-Atsinanana,-24.7,47.75,2006-10-01,2006,10,October,Dry,22.97,0.42
Atsimo-Atsinanana,-24.7,47.75,2006-11-01,2006,11,November,Rainy,24.48,3.01
Atsimo-Atsinanana,-24.7,47.75,2006-12-01,2006,12,December,Rainy,25.79,5.72
Atsimo-Atsinanana,-24.7,47.75,2007-01-01,2007,1,January,Rainy,25.79,6.36
Atsimo-Atsinanana,-24.7,47.75,2007-02-01,2007,2,February,Rainy,26.68,9.79
Atsimo-Atsinanana,-24.7,47.75,2007-03-01,2007,3,March,Rainy,26.03,2.25
Atsimo-Atsinanana,-24.7,47.75,2007-04-01,2007,4,April,Rainy,25.21,4.3
Atsimo-Atsinanana,-24.7,47.75,2007-05-01,2007,5,May,Dry,23.43,2.06
Atsimo-Atsinanana,-24.7,47.75,2007-06-01,2007,6,June,Dry,21.87,1.11
Atsimo-Atsinanana,-24.7,47.75,2007-07-01,2007,7,July,Dry,21.39,0.62
Atsimo-Atsinanana,-24.7,47.75,2007-08-01,2007,8,August,Dry,21.59,0.31
Atsimo-Atsinanana,-24.7,47.75,2007-09-01,2007,9,September,Dry,22.04,0.76
Atsimo-Atsinanana,-24.7,47.75,2007-10-01,2007,10,October,Dry,22.86,1.07
Atsimo-Atsinanana,-24.7,47.75,2007-11-01,2007,11,November,Rainy,24.47,3.06
Atsimo-Atsinanana,-24.7,47.75,2007-12-01,2007,12,December,Rainy,25.83,3.79
Atsimo-Atsinanana,-24.7,47.75,2008-01-01,2008,1,January,Rainy,26.49,3.92
Atsimo-Atsinanana,-24.7,47.75,2008-02-01,2008,2,February,Rainy,25.81,10.79
Atsimo-Atsinanana,-24.7,47.75,2008-03-01,2008,3,March,Rainy,25.14,1.84
Atsimo-Atsinanana,-24.7,47.75,2008-04-01,2008,4,April,Rainy,24.72,0.86
Atsimo-Atsinanana,-24.7,47.75,2008-05-01,2008,5,May,Dry,22.93,2.05
Atsimo-Atsinanana,-24.7,47.75,2008-06-01,2008,6,June,Dry,21.6,1.01
Atsimo-Atsinanana,-24.7,47.75,2008-07-01,2008,7,July,Dry,21.14,2.82
Atsimo-Atsinanana,-24.7,47.75,2008-08-01,2008,8,August,Dry,20.87,0.73
Atsimo-Atsinanana,-24.7,47.75,2008-09-01,2008,9,September,Dry,22.58,0.92
Atsimo-Atsinanana,-24.7,47.75,2008-10-01,2008,10,October,Dry,23.78,3.55
Atsimo-Atsinanana,-24.7,47.75,2008-11-01,2008,11,November,Rainy,23.94,2.66
Atsimo-Atsinanana,-24.7,47.75,2008-12-01,2008,12,December,Rainy,26.14,2.45
Atsimo-Atsinanana,-24.7,47.75,2009-01-01,2009,1,January,Rainy,26.75,7.14
Atsimo-Atsinanana,-24.7,47.75,2009-02-01,2009,2,February,Rainy,26.39,2.79
Atsimo-Atsinanana,-24.7,47.75,2009-03-01,2009,3,March,Rainy,26.45,6.52
Atsimo-Atsinanana,-24.7,47.75,2009-04-01,2009,4,April,Rainy,24.02,2.65
Atsimo-Atsinanana,-24.7,47.75,2009-05-01,2009,5,May,Dry,23.56,2.69
Atsimo-Atsinanana,-24.7,47.75,2009-06-01,2009,6,June,Dry,22.71,0.61
Atsimo-Atsinanana,-24.7,47.75,2009-07-01,2009,7,July,Dry,21.04,1.15
Atsimo-Atsinanana,-24.7,47.75,2009-08-01,2009,8,August,Dry,21.14,2.12
Atsimo-Atsinanana,-24.7,47.75,2009-09-01,2009,9,September,Dry,22.27,1.62
Atsimo-Atsinanana,-24.7,47.75,2009-10-01,2009,10,October,Dry,23.2,2.72
Atsimo-Atsinanana,-24.7,47.75,2009-11-01,2009,11,November,Rainy,23.46,5.4
Atsimo-Atsinanana,-24.7,47.75,2009-12-01,2009,12,December,Rainy,25.56,4.1
Atsimo-Atsinanana,-24.7,47.75,2010-01-01,2010,1,January,Rainy,25.9,3.42
Atsimo-Atsinanana,-24.7,47.75,2010-02-01,2010,2,February,Rainy,26.25,1.79
Atsimo-Atsinanana,-24.7,47.75,2010-03-01,2010,3,March,Rainy,25.93,11.1
Atsimo-Atsinanana,-24.7,47.75,2010-04-01,2010,4,April,Rainy,25.22,1.62
Atsimo-Atsinanana,-24.7,47.75,2010-05-01,2010,5,May,Dry,24.29,2.84
Atsimo-Atsinanana,-24.7,47.75,2010-06-01,2010,6,June,Dry,22.68,1.48
Atsimo-Atsinanana,-24.7,47.75,2010-07-01,2010,7,July,Dry,21.59,1.53
Atsimo-Atsinanana,-24.7,47.75,2010-08-01,2010,8,August,Dry,21.41,1.76
Atsimo-Atsinanana,-24.7,47.75,2010-09-01,2010,9,September,Dry,21.76,0.47
Atsimo-Atsinanana,-24.7,47.75,2010-10-01,2010,10,October,Dry,23.58,2.52
Atsimo-Atsinanana,-24.7,47.75,2010-11-01,2010,11,November,Rainy,24.99,0.89
Atsimo-Atsinanana,-24.7,47.75,2010-12-01,2010,12,December,Rainy,25.54,6.67
Atsimo-Atsinanana,-24.7,47.75,2011-01-01,2011,1,January,Rainy,26.18,7.44
Atsimo-Atsinanana,-24.7,47.75,2011-02-01,2011,2,February,Rainy,25.97,10.45
Atsimo-Atsinanana,-24.7,47.75,2011-03-01,2011,3,March,Rainy,25.99,4.4
Atsimo-Atsinanana,-24.7,47.75,2011-04-01,2011,4,April,Rainy,25.32,7.95
Atsimo-Atsinanana,-24.7,47.75,2011-05-01,2011,5,May,Dry,23.5,4.38
Atsimo-Atsinanana,-24.7,47.75,2011-06-01,2011,6,June,Dry,22.73,1.24
Atsimo-Atsinanana,-24.7,47.75,2011-07-01,2011,7,July,Dry,21.32,0.65
Atsimo-Atsinanana,-24.7,47.75,2011-08-01,2011,8,August,Dry,21.64,3.77
Atsimo-Atsinanana,-24.7,47.75,2011-09-01,2011,9,September,Dry,22.07,0.11
Atsimo-Atsinanana,-24.7,47.75,2011-10-01,2011,10,October,Dry,22.98,0.57
Atsimo-Atsinanana,-24.7,47.75,2011-11-01,2011,11,November,Rainy,24.41,3.16
Atsimo-Atsinanana,-24.7,47.75,2011-12-01,2011,12,December,Rainy,25.36,3.62
Atsimo-Atsinanana,-24.7,47.75,2012-01-01,2012,1,January,Rainy,25.54,9.01
Atsimo-Atsinanana,-24.7,47.75,2012-02-01,2012,2,February,Rainy,26.41,4.33
Atsimo-Atsinanana,-24.7,47.75,2012-03-01,2012,3,March,Rainy,25.64,6.52
Atsimo-Atsinanana,-24.7,47.75,2012-04-01,2012,4,April,Rainy,24.85,4.89
Atsimo-Atsinanana,-24.7,47.75,2012-05-01,2012,5,May,Dry,23.52,0.57
Atsimo-Atsinanana,-24.7,47.75,2012-06-01,2012,6,June,Dry,22.47,0.37
Atsimo-Atsinanana,-24.7,47.75,2012-07-01,2012,7,July,Dry,21.86,0.11
Atsimo-Atsinanana,-24.7,47.75,2012-08-01,2012,8,August,Dry,22.29,0.32
Atsimo-Atsinanana,-24.7,47.75,2012-09-01,2012,9,September,Dry,22.3,2.95
Atsimo-Atsinanana,-24.7,47.75,2012-10-01,2012,10,October,Dry,23.66,4.08
Atsimo-Atsinanana,-24.7,47.75,2012-11-01,2012,11,November,Rainy,23.54,6.25
Atsimo-Atsinanana,-24.7,47.75,2012-12-01,2012,12,December,Rainy,24.92,3.5
Atsimo-Atsinanana,-24.7,47.75,2013-01-01,2013,1,January,Rainy,26.27,4.52
Atsimo-Atsinanana,-24.7,47.75,2013-02-01,2013,2,February,Rainy,25.6,19.52
Atsimo-Atsinanana,-24.7,47.75,2013-03-01,2013,3,March,Rainy,25.06,3.7
Atsimo-Atsinanana,-24.7,47.75,2013-04-01,2013,4,April,Rainy,24.43,2.71
Atsimo-Atsinanana,-24.7,47.75,2013-05-01,2013,5,May,Dry,22.67,2.9
Atsimo-Atsinanana,-24.7,47.75,2013-06-01,2013,6,June,Dry,21.52,2.62
Atsimo-Atsinanana,-24.7,47.75,2013-07-01,2013,7,July,Dry,20.64,1.41
Atsimo-Atsinanana,-24.7,47.75,2013-08-01,2013,8,August,Dry,20.82,2.19
Atsimo-Atsinanana,-24.7,47.75,2013-09-01,2013,9,September,Dry,22.15,0.73
Atsimo-Atsinanana,-24.7,47.75,2013-10-01,2013,10,October,Dry,22.37,4.63
Atsimo-Atsinanana,-24.7,47.75,2013-11-01,2013,11,November,Rainy,24.47,6.19
Atsimo-Atsinanana,-24.7,47.75,2013-12-01,2013,12,December,Rainy,24.77,4.79
Atsimo-Atsinanana,-24.7,47.75,2014-01-01,2014,1,January,Rainy,26.29,9.58
Atsimo-Atsinanana,-24.7,47.75,2014-02-01,2014,2,February,Rainy,26.31,3.84
Atsimo-Atsinanana,-24.7,47.75,2014-03-01,2014,3,March,Rainy,26.03,3.41
Atsimo-Atsinanana,-24.7,47.75,2014-04-01,2014,4,April,Rainy,24.83,2.25
Atsimo-Atsinanana,-24.7,47.75,2014-05-01,2014,5,May,Dry,23.34,1.47
Atsimo-Atsinanana,-24.7,47.75,2014-06-01,2014,6,June,Dry,22.48,0.77
Atsimo-Atsinanana,-24.7,47.75,2014-07-01,2014,7,July,Dry,21.53,2.22
Atsimo-Atsinanana,-24.7,47.75,2014-08-01,2014,8,August,Dry,21.68,2.44
Atsimo-Atsinanana,-24.7,47.75,2014-09-01,2014,9,September,Dry,22.19,2.37
Atsimo-Atsinanana,-24.7,47.75,2014-10-01,2014,10,October,Dry,23.18,4.61
Atsimo-Atsinanana,-24.7,47.75,2014-11-01,2014,11,November,Rainy,23.95,4.88
Atsimo-Atsinanana,-24.7,47.75,2014-12-01,2014,12,December,Rainy,25.49,8.07
Atsimo-Atsinanana,-24.7,47.75,2015-01-01,2015,1,January,Rainy,25.9,12.67
Atsimo-Atsinanana,-24.7,47.75,2015-02-01,2015,2,February,Rainy,25.68,6.99
Atsimo-Atsinanana,-24.7,47.75,2015-03-01,2015,3,March,Rainy,25.31,8.26
Atsimo-Atsinanana,-24.7,47.75,2015-04-01,2015,4,April,Rainy,24.58,2.87
Atsimo-Atsinanana,-24.7,47.75,2015-05-01,2015,5,May,Dry,23.6,1.78
Atsimo-Atsinanana,-24.7,47.75,2015-06-01,2015,6,June,Dry,21.96,2.1
Atsimo-Atsinanana,-24.7,47.75,2015-07-01,2015,7,July,Dry,21.3,1.78
Atsimo-Atsinanana,-24.7,47.75,2015-08-01,2015,8,August,Dry,21.18,0.5
Atsimo-Atsinanana,-24.7,47.75,2015-09-01,2015,9,September,Dry,21.45,0.62
Atsimo-Atsinanana,-24.7,47.75,2015-10-01,2015,10,October,Dry,23.51,1.95
Atsimo-Atsinanana,-24.7,47.75,2015-11-01,2015,11,November,Rainy,23.97,5.19
Atsimo-Atsinanana,-24.7,47.75,2015-12-01,2015,12,December,Rainy,25.78,7.63
Atsimo-Atsinanana,-24.7,47.75,2016-01-01,2016,1,January,Rainy,25.87,3.41
Atsimo-Atsinanana,-24.7,47.75,2016-02-01,2016,2,February,Rainy,26.44,2.71
Atsimo-Atsinanana,-24.7,47.75,2016-03-01,2016,3,March,Rainy,26.06,4.89
Atsimo-Atsinanana,-24.7,47.75,2016-04-01,2016,4,April,Rainy,25.2,0.64
Atsimo-Atsinanana,-24.7,47.75,2016-05-01,2016,5,May,Dry,22.82,2.5
Atsimo-Atsinanana,-24.7,47.75,2016-06-01,2016,6,June,Dry,21.62,3.63
Atsimo-Atsinanana,-24.7,47.75,2016-07-01,2016,7,July,Dry,21.13,1.64
Atsimo-Atsinanana,-24.7,47.75,2016-08-01,2016,8,August,Dry,21.19,0.32
Atsimo-Atsinanana,-24.7,47.75,2016-09-01,2016,9,September,Dry,22.03,0.33
Atsimo-Atsinanana,-24.7,47.75,2016-10-01,2016,10,October,Dry,23.6,2.89
Atsimo-Atsinanana,-24.7,47.75,2016-11-01,2016,11,November,Rainy,24.16,4.19
Atsimo-Atsinanana,-24.7,47.75,2016-12-01,2016,12,December,Rainy,25.77,1.95
Atsimo-Atsinanana,-24.7,47.75,2017-01-01,2017,1,January,Rainy,26.76,3.62
Atsimo-Atsinanana,-24.7,47.75,2017-02-01,2017,2,February,Rainy,26.94,10.49
Atsimo-Atsinanana,-24.7,47.75,2017-03-01,2017,3,March,Rainy,26.32,9.98
Atsimo-Atsinanana,-24.7,47.75,2017-04-01,2017,4,April,Rainy,24.98,1.81
Atsimo-Atsinanana,-24.7,47.75,2017-05-01,2017,5,May,Dry,24.08,1.12
Atsimo-Atsinanana,-24.7,47.75,2017-06-01,2017,6,June,Dry,22.9,1.79
Atsimo-Atsinanana,-24.7,47.75,2017-07-01,2017,7,July,Dry,21.86,2.07
Atsimo-Atsinanana,-24.7,47.75,2017-08-01,2017,8,August,Dry,21.42,2.6
Atsimo-Atsinanana,-24.7,47.75,2017-09-01,2017,9,September,Dry,21.84,0.69
Atsimo-Atsinanana,-24.7,47.75,2017-10-01,2017,10,October,Dry,23.74,0.43
Atsimo-Atsinanana,-24.7,47.75,2017-11-01,2017,11,November,Rainy,23.73,5.66
Atsimo-Atsinanana,-24.7,47.75,2017-12-01,2017,12,December,Rainy,25.37,8.61
Atsimo-Atsinanana,-24.7,47.75,2018-01-01,2018,1,January,Rainy,25.36,5.3
Atsimo-Atsinanana,-24.7,47.75,2018-02-01,2018,2,February,Rainy,25.67,10.05
Atsimo-Atsinanana,-24.7,47.75,2018-03-01,2018,3,March,Rainy,25.83,3.43
Atsimo-Atsinanana,-24.7,47.75,2018-04-01,2018,4,April,Rainy,24.52,4.61
Atsimo-Atsinanana,-24.7,47.75,2018-05-01,2018,5,May,Dry,23.62,1.8
Atsimo-Atsinanana,-24.7,47.75,2018-06-01,2018,6,June,Dry,22.31,0.48
Atsimo-Atsinanana,-24.7,47.75,2018-07-01,2018,7,July,Dry,21.52,3.59
Atsimo-Atsinanana,-24.7,47.75,2018-08-01,2018,8,August,Dry,22.08,0.11
Atsimo-Atsinanana,-24.7,47.75,2018-09-01,2018,9,September,Dry,23.0,0.49
Atsimo-Atsinanana,-24.7,47.75,2018-10-01,2018,10,October,Dry,22.65,2.04
Atsimo-Atsinanana,-24.7,47.75,2018-11-01,2018,11,November,Rainy,23.87,6.08
Atsimo-Atsinanana,-24.7,47.75,2018-12-01,2018,12,December,Rainy,25.79,3.61
Atsimo-Atsinanana,-24.7,47.75,2019-01-01,2019,1,January,Rainy,26.74,8.89
Atsimo-Atsinanana,-24.7,47.75,2019-02-01,2019,2,February,Rainy,26.06,4.89
Atsimo-Atsinanana,-24.7,47.75,2019-03-01,2019,3,March,Rainy,26.04,6.4
Atsimo-Atsinanana,-24.7,47.75,2019-04-01,2019,4,April,Rainy,25.87,4.67
Atsimo-Atsinanana,-24.7,47.75,2019-05-01,2019,5,May,Dry,23.77,3.52
Atsimo-Atsinanana,-24.7,47.75,2019-06-01,2019,6,June,Dry,22.41,3.16
Atsimo-Atsinanana,-24.7,47.75,2019-07-01,2019,7,July,Dry,21.34,1.41
Atsimo-Atsinanana,-24.7,47.75,2019-08-01,2019,8,August,Dry,21.75,0.69
Atsimo-Atsinanana,-24.7,47.75,2019-09-01,2019,9,September,Dry,22.01,3.65
Atsimo-Atsinanana,-24.7,47.75,2019-10-01,2019,10,October,Dry,23.85,3.12
Atsimo-Atsinanana,-24.7,47.75,2019-11-01,2019,11,November,Rainy,24.5,7.37
Atsimo-Atsinanana,-24.7,47.75,2019-12-01,2019,12,December,Rainy,25.86,6.56
Atsimo-Atsinanana,-24.7,47.75,2020-01-01,2020,1,January,Rainy,25.85,6.15
Atsimo-Atsinanana,-24.7,47.75,2020-02-01,2020,2,February,Rainy,25.97,2.28
Atsimo-Atsinanana,-24.7,47.75,2020-03-01,2020,3,March,Rainy,25.03,9.65
Atsimo-Atsinanana,-24.7,47.75,2020-04-01,2020,4,April,Rainy,24.48,18.51
Atsimo-Atsinanana,-24.7,47.75,2020-05-01,2020,5,May,Dry,22.72,5.32
Atsimo-Atsinanana,-24.7,47.75,2020-06-01,2020,6,June,Dry,21.81,5.34
Atsimo-Atsinanana,-24.7,47.75,2020-07-01,2020,7,July,Dry,20.83,2.76
Atsimo-Atsinanana,-24.7,47.75,2020-08-01,2020,8,August,Dry,21.07,0.46
Atsimo-Atsinanana,-24.7,47.75,2020-09-01,2020,9,September,Dry,21.5,2.42
Atsimo-Atsinanana,-24.7,47.75,2020-10-01,2020,10,October,Dry,22.32,3.07
Atsimo-Atsinanana,-24.7,47.75,2020-11-01,2020,11,November,Rainy,23.75,1.8
Atsimo-Atsinanana,-24.7,47.75,2020-12-01,2020,12,December,Rainy,25.25,3.26
Atsimo-Atsinanana,-24.7,47.75,2021-01-01,2021,1,January,Rainy,27.01,3.37
Atsimo-Atsinanana,-24.7,47.75,2021-02-01,2021,2,February,Rainy,27.13,5.81
Atsimo-Atsinanana,-24.7,47.75,2021-03-01,2021,3,March,Rainy,26.09,7.54
Atsimo-Atsinanana,-24.7,47.75,2021-04-01,2021,4,April,Rainy,24.77,1.64
Atsimo-Atsinanana,-24.7,47.75,2021-05-01,2021,5,May,Dry,23.46,2.96
Atsimo-Atsinanana,-24.7,47.75,2021-06-01,2021,6,June,Dry,21.98,4.0
Atsimo-Atsinanana,-24.7,47.75,2021-07-01,2021,7,July,Dry,21.45,4.44
Atsimo-Atsinanana,-24.7,47.75,2021-08-01,2021,8,August,Dry,21.18,2.82
Atsimo-Atsinanana,-24.7,47.75,2021-09-01,2021,9,September,Dry,22.02,2.04
Atsimo-Atsinanana,-24.7,47.75,2021-10-01,2021,10,October,Dry,22.8,1.11
Atsimo-Atsinanana,-24.7,47.75,2021-11-01,2021,11,November,Rainy,24.52,2.11
Atsimo-Atsinanana,-24.7,47.75,2021-12-01,2021,12,December,Rainy,25.64,7.81
Atsimo-Atsinanana,-24.7,47.75,2022-01-01,2022,1,January,Rainy,25.46,6.94
Atsimo-Atsinanana,-24.7,47.75,2022-02-01,2022,2,February,Rainy,26.02,11.19
Atsimo-Atsinanana,-24.7,47.75,2022-03-01,2022,3,March,Rainy,25.72,6.65
Atsimo-Atsinanana,-24.7,47.75,2022-04-01,2022,4,April,Rainy,25.03,7.31
Atsimo-Atsinanana,-24.7,47.75,2022-05-01,2022,5,May,Dry,23.24,4.05
Atsimo-Atsinanana,-24.7,47.75,2022-06-01,2022,6,June,Dry,21.45,3.46
Atsimo-Atsinanana,-24.7,47.75,2022-07-01,2022,7,July,Dry,21.37,1.99
Atsimo-Atsinanana,-24.7,47.75,2022-08-01,2022,8,August,Dry,21.32,2.48
Atsimo-Atsinanana,-24.7,47.75,2022-09-01,2022,9,September,Dry,21.76,1.1
Atsimo-Atsinanana,-24.7,47.75,2022-10-01,2022,10,October,Dry,23.05,1.03
Atsimo-Atsinanana,-24.7,47.75,2022-11-01,2022,11,November,Rainy,24.34,2.9
Atsimo-Atsinanana,-24.7,47.75,2022-12-01,2022,12,December,Rainy,25.17,8.5
Atsimo-Atsinanana,-24.7,47.75,2023-01-01,2023,1,January,Rainy,26.07,8.58
Atsimo-Atsinanana,-24.7,47.75,2023-02-01,2023,2,February,Rainy,26.12,5.05
Atsimo-Atsinanana,-24.7,47.75,2023-03-01,2023,3,March,Rainy,25.57,13.81
Atsimo-Atsinanana,-24.7,47.75,2023-04-01,2023,4,April,Rainy,24.88,5.4
Atsimo-Atsinanana,-24.7,47.75,2023-05-01,2023,5,May,Dry,23.62,3.57
Atsimo-Atsinanana,-24.7,47.75,2023-06-01,2023,6,June,Dry,22.26,1.18
Atsimo-Atsinanana,-24.7,47.75,2023-07-01,2023,7,July,Dry,21.5,2.48
Atsimo-Atsinanana,-24.7,47.75,2023-08-01,2023,8,August,Dry,21.61,3.03
Atsimo-Atsinanana,-24.7,47.75,2023-09-01,2023,9,September,Dry,22.95,0.54
Atsimo-Atsinanana,-24.7,47.75,2023-10-01,2023,10,October,Dry,23.64,2.08
Atsimo-Atsinanana,-24.7,47.75,2023-11-01,2023,11,November,Rainy,24.2,2.56
Atsimo-Atsinanana,-24.7,47.75,2023-12-01,2023,12,December,Rainy,25.8,7.81
Atsimo-Atsinanana,-24.7,47.75,2024-01-01,2024,1,January,Rainy,26.08,9.39
Atsimo-Atsinanana,-24.7,47.75,2024-02-01,2024,2,February,Rainy,26.1,11.36
Atsimo-Atsinanana,-24.7,47.75,2024-03-01,2024,3,March,Rainy,26.04,11.06
Atsimo-Atsinanana,-24.7,47.75,2024-04-01,2024,4,April,Rainy,24.67,10.8
Atsimo-Atsinanana,-24.7,47.75,2024-05-01,2024,5,May,Dry,23.53,6.16
Atsimo-Atsinanana,-24.7,47.75,2024-06-01,2024,6,June,Dry,22.14,5.06
Atsimo-Atsinanana,-24.7,47.75,2024-07-01,2024,7,July,Dry,21.94,1.1
Atsimo-Atsinanana,-24.7,47.75,2024-08-01,2024,8,August,Dry,21.77,1.65
Atsimo-Atsinanana,-24.7,47.75,2024-09-01,2024,9,September,Dry,22.48,4.02
Atsimo-Atsinanana,-24.7,47.75,2024-10-01,2024,10,October,Dry,23.06,0.49
Atsimo-Atsinanana,-24.7,47.75,2024-11-01,2024,11,November,Rainy,25.61,0.71
Atsimo-Atsinanana,-24.7,47.75,2024-12-01,2024,12,December,Rainy,26.71,0.66
Atsinanana,-18.1492,49.4023,2005-01-01,2005,1,January,Rainy,26.13,5.86
Atsinanana,-18.1492,49.4023,2005-02-01,2005,2,February,Rainy,26.53,8.09
Atsinanana,-18.1492,49.4023,2005-03-01,2005,3,March,Rainy,26.44,7.38
Atsinanana,-18.1492,49.4023,2005-04-01,2005,4,April,Rainy,25.31,2.35
Atsinanana,-18.1492,49.4023,2005-05-01,2005,5,May,Dry,23.93,7.51
Atsinanana,-18.1492,49.4023,2005-06-01,2005,6,June,Dry,22.38,6.96
Atsinanana,-18.1492,49.4023,2005-07-01,2005,7,July,Dry,21.15,4.31
Atsinanana,-18.1492,49.4023,2005-08-01,2005,8,August,Dry,20.82,3.24
Atsinanana,-18.1492,49.4023,2005-09-01,2005,9,September,Dry,21.26,3.13
Atsinanana,-18.1492,49.4023,2005-10-01,2005,10,October,Dry,22.15,1.15
Atsinanana,-18.1492,49.4023,2005-11-01,2005,11,November,Rainy,23.9,2.92
Atsinanana,-18.1492,49.4023,2005-12-01,2005,12,December,Rainy,25.49,5.37
Atsinanana,-18.1492,49.4023,2006-01-01,2006,1,January,Rainy,25.54,10.97
Atsinanana,-18.1492,49.4023,2006-02-01,2006,2,February,Rainy,25.96,12.24
Atsinanana,-18.1492,49.4023,2006-03-01,2006,3,March,Rainy,25.84,13.05
Atsinanana,-18.1492,49.4023,2006-04-01,2006,4,April,Rainy,24.77,3.3
Atsinanana,-18.1492,49.4023,2006-05-01,2006,5,May,Dry,23.82,1.68
Atsinanana,-18.1492,49.4023,2006-06-01,2006,6,June,Dry,22.61,4.72
Atsinanana,-18.1492,49.4023,2006-07-01,2006,7,July,Dry,21.31,5.54
Atsinanana,-18.1492,49.4023,2006-08-01,2006,8,August,Dry,21.1,2.69
Atsinanana,-18.1492,49.4023,2006-09-01,2006,9,September,Dry,21.2,1.66
Atsinanana,-18.1492,49.4023,2006-10-01,2006,10,October,Dry,22.23,2.15
Atsinanana,-18.1492,49.4023,2006-11-01,2006,11,November,Rainy,24.31,6.45
Atsinanana,-18.1492,49.4023,2006-12-01,2006,12,December,Rainy,25.38,9.44
Atsinanana,-18.1492,49.4023,2007-01-01,2007,1,January,Rainy,26.06,17.53
Atsinanana,-18.1492,49.4023,2007-02-01,2007,2,February,Rainy,26.55,11.28
Atsinanana,-18.1492,49.4023,2007-03-01,2007,3,March,Rainy,25.53,6.14
Atsinanana,-18.1492,49.4023,2007-04-01,2007,4,April,Rainy,24.7,7.24
Atsinanana,-18.1492,49.4023,2007-05-01,2007,5,May,Dry,23.74,4.12
Atsinanana,-18.1492,49.4023,2007-06-01,2007,6,June,Dry,21.84,2.71
Atsinanana,-18.1492,49.4023,2007-07-01,2007,7,July,Dry,21.41,4.48
Atsinanana,-18.1492,49.4023,2007-08-01,2007,8,August,Dry,21.02,3.73
Atsinanana,-18.1492,49.4023,2007-09-01,2007,9,September,Dry,21.36,3.41
Atsinanana,-18.1492,49.4023,2007-10-01,2007,10,October,Dry,22.27,2.93
Atsinanana,-18.1492,49.4023,2007-11-01,2007,11,November,Rainy,23.82,2.54
Atsinanana,-18.1492,49.4023,2007-12-01,2007,12,December,Rainy,25.08,4.13
Atsinanana,-18.1492,49.4023,2008-01-01,2008,1,January,Rainy,26.05,6.65
Atsinanana,-18.1492,49.4023,2008-02-01,2008,2,February,Rainy,25.6,13.97
Atsinanana,-18.1492,49.4023,2008-03-01,2008,3,March,Rainy,25.02,7.36
Atsinanana,-18.1492,49.4023,2008-04-01,2008,4,April,Rainy,24.63,3.04
Atsinanana,-18.1492,49.4023,2008-05-01,2008,5,May,Dry,23.05,2.42
Atsinanana,-18.1492,49.4023,2008-06-01,2008,6,June,Dry,21.56,3.06
Atsinanana,-18.1492,49.4023,2008-07-01,2008,7,July,Dry,20.8,3.26
Atsinanana,-18.1492,49.4023,2008-08-01,2008,8,August,Dry,20.62,2.04
Atsinanana,-18.1492,49.4023,2008-09-01,2008,9,September,Dry,21.95,1.88
Atsinanana,-18.1492,49.4023,2008-10-01,2008,10,October,Dry,23.02,3.81
Atsinanana,-18.1492,49.4023,2008-11-01,2008,11,November,Rainy,24.33,3.66
Atsinanana,-18.1492,49.4023,2008-12-01,2008,12,December,Rainy,25.62,3.58
Atsinanana,-18.1492,49.4023,2009-01-01,2009,1,January,Rainy,26.68,8.48
Atsinanana,-18.1492,49.4023,2009-02-01,2009,2,February,Rainy,25.74,13.34
Atsinanana,-18.1492,49.4023,2009-03-01,2009,3,March,Rainy,25.95,8.03
Atsinanana,-18.1492,49.4023,2009-04-01,2009,4,April,Rainy,24.83,10.65
Atsinanana,-18.1492,49.4023,2009-05-01,2009,5,May,Dry,23.86,1.9
Atsinanana,-18.1492,49.4023,2009-06-01,2009,6,June,Dry,22.61,1.66
Atsinanana,-18.1492,49.4023,2009-07-01,2009,7,July,Dry,21.34,3.58
Atsinanana,-18.1492,49.4023,2009-08-01,2009,8,August,Dry,21.33,4.59
Atsinanana,-18.1492,49.4023,2009-09-01,2009,9,September,Dry,22.03,2.04
Atsinanana,-18.1492,49.4023,2009-10-01,2009,10,October,Dry,22.93,2.16
Atsinanana,-18.1492,49.4023,2009-11-01,2009,11,November,Rainy,24.26,3.67
Atsinanana,-18.1492,49.4023,2009-12-01,2009,12,December,Rainy,25.68,4.41
Atsinanana,-18.1492,49.4023,2010-01-01,2010,1,January,Rainy,26.29,13.33
Atsinanana,-18.1492,49.4023,2010-02-01,2010,2,February,Rainy,26.18,6.49
Atsinanana,-18.1492,49.4023,2010-03-01,2010,3,March,Rainy,26.14,11.11
Atsinanana,-18.1492,49.4023,2010-04-01,2010,4,April,Rainy,25.06,3.73
Atsinanana,-18.1492,49.4023,2010-05-01,2010,5,May,Dry,24.46,2.83
Atsinanana,-18.1492,49.4023,2010-06-01,2010,6,June,Dry,22.98,4.13
Atsinanana,-18.1492,49.4023,2010-07-01,2010,7,July,Dry,21.21,5.24
Atsinanana,-18.1492,49.4023,2010-08-01,2010,8,August,Dry,21.0,4.25
Atsinanana,-18.1492,49.4023,2010-09-01,2010,9,September,Dry,22.03,0.73
Atsinanana,-18.1492,49.4023,2010-10-01,2010,10,October,Dry,23.24,0.79
Atsinanana,-18.1492,49.4023,2010-11-01,2010,11,November,Rainy,23.99,1.9
Atsinanana,-18.1492,49.4023,2010-12-01,2010,12,December,Rainy,25.42,2.43
Atsinanana,-18.1492,49.4023,2011-01-01,2011,1,January,Rainy,26.0,5.93
Atsinanana,-18.1492,49.4023,2011-02-01,2011,2,February,Rainy,26.27,9.82
Atsinanana,-18.1492,49.4023,2011-03-01,2011,3,March,Rainy,25.53,8.6
Atsinanana,-18.1492,49.4023,2011-04-01,2011,4,April,Rainy,25.45,3.77
Atsinanana,-18.1492,49.4023,2011-05-01,2011,5,May,Dry,23.89,1.93
Atsinanana,-18.1492,49.4023,2011-06-01,2011,6,June,Dry,23.04,2.07
Atsinanana,-18.1492,49.4023,2011-07-01,2011,7,July,Dry,21.8,1.55
Atsinanana,-18.1492,49.4023,2011-08-01,2011,8,August,Dry,21.66,2.36
Atsinanana,-18.1492,49.4023,2011-09-01,2011,9,September,Dry,21.88,1.84
Atsinanana,-18.1492,49.4023,2011-10-01,2011,10,October,Dry,23.19,2.21
Atsinanana,-18.1492,49.4023,2011-11-01,2011,11,November,Rainy,24.81,1.06
Atsinanana,-18.1492,49.4023,2011-12-01,2011,12,December,Rainy,26.42,2.32
Atsinanana,-18.1492,49.4023,2012-01-01,2012,1,January,Rainy,26.06,6.67
Atsinanana,-18.1492,49.4023,2012-02-01,2012,2,February,Rainy,26.2,15.33
Atsinanana,-18.1492,49.4023,2012-03-01,2012,3,March,Rainy,25.11,9.34
Atsinanana,-18.1492,49.4023,2012-04-01,2012,4,April,Rainy,25.06,9.1
Atsinanana,-18.1492,49.4023,2012-05-01,2012,5,May,Dry,23.72,5.64
Atsinanana,-18.1492,49.4023,2012-06-01,2012,6,June,Dry,22.1,6.47
Atsinanana,-18.1492,49.4023,2012-07-01,2012,7,July,Dry,21.16,3.97
Atsinanana,-18.1492,49.4023,2012-08-01,2012,8,August,Dry,21.25,1.72
Atsinanana,-18.1492,49.4023,2012-09-01,2012,9,September,Dry,21.42,2.79
Atsinanana,-18.1492,49.4023,2012-10-01,2012,10,October,Dry,22.82,2.42
Atsinanana,-18.1492,49.4023,2012-11-01,2012,11,November,Rainy,24.13,2.89
Atsinanana,-18.1492,49.4023,2012-12-01,2012,12,December,Rainy,25.13,6.35
Atsinanana,-18.1492,49.4023,2013-01-01,2013,1,January,Rainy,26.08,9.93
Atsinanana,-18.1492,49.4023,2013-02-01,2013,2,February,Rainy,26.23,8.54
Atsinanana,-18.1492,49.4023,2013-03-01,2013,3,March,Rainy,25.41,7.66
Atsinanana,-18.1492,49.4023,2013-04-01,2013,4,April,Rainy,24.48,4.92
Atsinanana,-18.1492,49.4023,2013-05-01,2013,5,May,Dry,23.31,3.0
Atsinanana,-18.1492,49.4023,2013-06-01,2013,6,June,Dry,21.53,2.52
Atsinanana,-18.1492,49.4023,2013-07-01,2013,7,July,Dry,20.51,2.55
Atsinanana,-18.1492,49.4023,2013-08-01,2013,8,August,Dry,20.67,2.63
Atsinanana,-18.1492,49.4023,2013-09-01,2013,9,September,Dry,21.55,1.37
Atsinanana,-18.1492,49.4023,2013-10-01,2013,10,October,Dry,22.99,4.37
Atsinanana,-18.1492,49.4023,2013-11-01,2013,11,November,Rainy,24.95,2.93
Atsinanana,-18.1492,49.4023,2013-12-01,2013,12,December,Rainy,25.76,7.05
Atsinanana,-18.1492,49.4023,2014-01-01,2014,1,January,Rainy,26.15,9.64
Atsinanana,-18.1492,49.4023,2014-02-01,2014,2,February,Rainy,26.03,9.71
Atsinanana,-18.1492,49.4023,2014-03-01,2014,3,March,Rainy,25.51,10.89
Atsinanana,-18.1492,49.4023,2014-04-01,2014,4,April,Rainy,24.48,3.19
Atsinanana,-18.1492,49.4023,2014-05-01,2014,5,May,Dry,23.5,3.95
Atsinanana,-18.1492,49.4023,2014-06-01,2014,6,June,Dry,22.2,5.19
Atsinanana,-18.1492,49.4023,2014-07-01,2014,7,July,Dry,21.34,8.84
Atsinanana,-18.1492,49.4023,2014-08-01,2014,8,August,Dry,21.24,1.68
Atsinanana,-18.1492,49.4023,2014-09-01,2014,9,September,Dry,21.56,1.69
Atsinanana,-18.1492,49.4023,2014-10-01,2014,10,October,Dry,23.98,0.8
Atsinanana,-18.1492,49.4023,2014-11-01,2014,11,November,Rainy,24.76,4.34
Atsinanana,-18.1492,49.4023,2014-12-01,2014,12,December,Rainy,26.2,5.12
Atsinanana,-18.1492,49.4023,2015-01-01,2015,1,January,Rainy,26.35,10.55
Atsinanana,-18.1492,49.4023,2015-02-01,2015,2,February,Rainy,25.42,11.76
Atsinanana,-18.1492,49.4023,2015-03-01,2015,3,March,Rainy,25.22,7.68
Atsinanana,-18.1492,49.4023,2015-04-01,2015,4,April,Rainy,24.74,2.44
Atsinanana,-18.1492,49.4023,2015-05-01,2015,5,May,Dry,23.68,3.1
Atsinanana,-18.1492,49.4023,2015-06-01,2015,6,June,Dry,22.44,5.11
Atsinanana,-18.1492,49.4023,2015-07-01,2015,7,July,Dry,21.3,3.19
Atsinanana,-18.1492,49.4023,2015-08-01,2015,8,August,Dry,20.95,2.82
Atsinanana,-18.1492,49.4023,2015-09-01,2015,9,September,Dry,21.49,2.24
Atsinanana,-18.1492,49.4023,2015-10-01,2015,10,October,Dry,22.88,5.23
Atsinanana,-18.1492,49.4023,2015-11-01,2015,11,November,Rainy,24.06,2.02
Atsinanana,-18.1492,49.4023,2015-12-01,2015,12,December,Rainy,25.96,6.93
Atsinanana,-18.1492,49.4023,2016-01-01,2016,1,January,Rainy,25.82,10.53
Atsinanana,-18.1492,49.4023,2016-02-01,2016,2,February,Rainy,26.34,5.56
Atsinanana,-18.1492,49.4023,2016-03-01,2016,3,March,Rainy,26.27,10.2
Atsinanana,-18.1492,49.4023,2016-04-01,2016,4,April,Rainy,25.0,4.2
Atsinanana,-18.1492,49.4023,2016-05-01,2016,5,May,Dry,23.08,5.04
Atsinanana,-18.1492,49.4023,2016-06-01,2016,6,June,Dry,21.7,4.84
Atsinanana,-18.1492,49.4023,2016-07-01,2016,7,July,Dry,20.74,3.76
Atsinanana,-18.1492,49.4023,2016-08-01,2016,8,August,Dry,20.86,2.42
Atsinanana,-18.1492,49.4023,2016-09-01,2016,9,September,Dry,21.06,1.77
Atsinanana,-18.1492,49.4023,2016-10-01,2016,10,October,Dry,23.21,1.04
Atsinanana,-18.1492,49.4023,2016-11-01,2016,11,November,Rainy,24.16,2.25
Atsinanana,-18.1492,49.4023,2016-12-01,2016,12,December,Rainy,25.04,3.01
Atsinanana,-18.1492,49.4023,2017-01-01,2017,1,January,Rainy,25.65,3.99
Atsinanana,-18.1492,49.4023,2017-02-01,2017,2,February,Rainy,26.54,3.92
Atsinanana,-18.1492,49.4023,2017-03-01,2017,3,March,Rainy,26.08,16.61
Atsinanana,-18.1492,49.4023,2017-04-01,2017,4,April,Rainy,25.09,6.9
Atsinanana,-18.1492,49.4023,2017-05-01,2017,5,May,Dry,23.87,6.69
Atsinanana,-18.1492,49.4023,2017-06-01,2017,6,June,Dry,22.82,4.36
Atsinanana,-18.1492,49.4023,2017-07-01,2017,7,July,Dry,21.57,5.01
Atsinanana,-18.1492,49.4023,2017-08-01,2017,8,August,Dry,21.48,3.82
Atsinanana,-18.1492,49.4023,2017-09-01,2017,9,September,Dry,21.93,0.66
Atsinanana,-18.1492,49.4023,2017-10-01,2017,10,October,Dry,23.61,2.93
Atsinanana,-18.1492,49.4023,2017-11-01,2017,11,November,Rainy,24.39,6.31
Atsinanana,-18.1492,49.4023,2017-12-01,2017,12,December,Rainy,25.61,6.92
Atsinanana,-18.1492,49.4023,2018-01-01,2018,1,January,Rainy,25.82,12.19
Atsinanana,-18.1492,49.4023,2018-02-01,2018,2,February,Rainy,25.97,7.27
Atsinanana,-18.1492,49.4023,2018-03-01,2018,3,March,Rainy,25.65,17.53
Atsinanana,-18.1492,49.4023,2018-04-01,2018,4,April,Rainy,24.62,6.93
Atsinanana,-18.1492,49.4023,2018-05-01,2018,5,May,Dry,23.8,3.99
Atsinanana,-18.1492,49.4023,2018-06-01,2018,6,June,Dry,22.48,4.11
Atsinanana,-18.1492,49.4023,2018-07-01,2018,7,July,Dry,21.27,6.33
Atsinanana,-18.1492,49.4023,2018-08-01,2018,8,August,Dry,21.55,1.36
Atsinanana,-18.1492,49.4023,2018-09-01,2018,9,September,Dry,22.03,1.96
Atsinanana,-18.1492,49.4023,2018-10-01,2018,10,October,Dry,22.9,1.47
Atsinanana,-18.1492,49.4023,2018-11-01,2018,11,November,Rainy,24.64,2.46
Atsinanana,-18.1492,49.4023,2018-12-01,2018,12,December,Rainy,25.94,3.63
Atsinanana,-18.1492,49.4023,2019-01-01,2019,1,January,Rainy,26.59,12.36
Atsinanana,-18.1492,49.4023,2019-02-01,2019,2,February,Rainy,26.16,5.46
Atsinanana,-18.1492,49.4023,2019-03-01,2019,3,March,Rainy,26.25,6.25
Atsinanana,-18.1492,49.4023,2019-04-01,2019,4,April,Rainy,26.06,7.47
Atsinanana,-18.1492,49.4023,2019-05-01,2019,5,May,Dry,24.09,5.33
Atsinanana,-18.1492,49.4023,2019-06-01,2019,6,June,Dry,22.61,4.98
Atsinanana,-18.1492,49.4023,2019-07-01,2019,7,July,Dry,21.66,2.93
Atsinanana,-18.1492,49.4023,2019-08-01,2019,8,August,Dry,21.47,1.45
Atsinanana,-18.1492,49.4023,2019-09-01,2019,9,September,Dry,22.13,2.56
Atsinanana,-18.1492,49.4023,2019-10-01,2019,10,October,Dry,23.9,1.59
Atsinanana,-18.1492,49.4023,2019-11-01,2019,11,November,Rainy,25.42,6.39
Atsinanana,-18.1492,49.4023,2019-12-01,2019,12,December,Rainy,26.46,7.45
Atsinanana,-18.1492,49.4023,2020-01-01,2020,1,January,Rainy,25.97,9.85
Atsinanana,-18.1492,49.4023,2020-02-01,2020,2,February,Rainy,25.8,9.26
Atsinanana,-18.1492,49.4023,2020-03-01,2020,3,March,Rainy,25.93,8.83
Atsinanana,-18.1492,49.4023,2020-04-01,2020,4,April,Rainy,24.88,18.81
Atsinanana,-18.1492,49.4023,2020-05-01,2020,5,May,Dry,23.6,3.63
Atsinanana,-18.1492,49.4023,2020-06-01,2020,6,June,Dry,21.97,5.07
Atsinanana,-18.1492,49.4023,2020-07-01,2020,7,July,Dry,21.0,4.15
Atsinanana,-18.1492,49.4023,2020-08-01,2020,8,August,Dry,20.75,1.55
Atsinanana,-18.1492,49.4023,2020-09-01,2020,9,September,Dry,21.46,2.02
Atsinanana,-18.1492,49.4023,2020-10-01,2020,10,October,Dry,23.39,2.74
Atsinanana,-18.1492,49.4023,2020-11-01,2020,11,November,Rainy,23.86,1.69
Atsinanana,-18.1492,49.4023,2020-12-01,2020,12,December,Rainy,25.38,14.76
Atsinanana,-18.1492,49.4023,2021-01-01,2021,1,January,Rainy,26.15,4.65
Atsinanana,-18.1492,49.4023,2021-02-01,2021,2,February,Rainy,26.13,7.77
Atsinanana,-18.1492,49.4023,2021-03-01,2021,3,March,Rainy,26.16,6.3
Atsinanana,-18.1492,49.4023,2021-04-01,2021,4,April,Rainy,24.98,10.88
Atsinanana,-18.1492,49.4023,2021-05-01,2021,5,May,Dry,23.84,2.17
Atsinanana,-18.1492,49.4023,2021-06-01,2021,6,June,Dry,22.12,3.71
Atsinanana,-18.1492,49.4023,2021-07-01,2021,7,July,Dry,21.36,6.4
Atsinanana,-18.1492,49.4023,2021-08-01,2021,8,August,Dry,21.08,3.42
Atsinanana,-18.1492,49.4023,2021-09-01,2021,9,September,Dry,21.65,2.16
Atsinanana,-18.1492,49.4023,2021-10-01,2021,10,October,Dry,23.03,2.13
Atsinanana,-18.1492,49.4023,2021-11-01,2021,11,November,Rainy,25.04,1.71
Atsinanana,-18.1492,49.4023,2021-12-01,2021,12,December,Rainy,25.88,4.2
Atsinanana,-18.1492,49.4023,2022-01-01,2022,1,January,Rainy,26.18,19.14
Atsinanana,-18.1492,49.4023,2022-02-01,2022,2,February,Rainy,26.14,10.48
Atsinanana,-18.1492,49.4023,2022-03-01,2022,3,March,Rainy,25.75,8.35
Atsinanana,-18.1492,49.4023,2022-04-01,2022,4,April,Rainy,24.91,7.82
Atsinanana,-18.1492,49.4023,2022-05-01,2022,5,May,Dry,23.51,3.65
Atsinanana,-18.1492,49.4023,2022-06-01,2022,6,June,Dry,21.93,2.7
Atsinanana,-18.1492,49.4023,2022-07-01,2022,7,July,Dry,20.91,4.03
Atsinanana,-18.1492,49.4023,2022-08-01,2022,8,August,Dry,20.92,1.43
Atsinanana,-18.1492,49.4023,2022-09-01,2022,9,September,Dry,21.12,1.81
Atsinanana,-18.1492,49.4023,2022-10-01,2022,10,October,Dry,22.21,0.49
Atsinanana,-18.1492,49.4023,2022-11-01,2022,11,November,Rainy,24.04,2.18
Atsinanana,-18.1492,49.4023,2022-12-01,2022,12,December,Rainy,25.04,5.56
Atsinanana,-18.1492,49.4023,2023-01-01,2023,1,January,Rainy,25.95,10.41
Atsinanana,-18.1492,49.4023,2023-02-01,2023,2,February,Rainy,25.61,7.78
Atsinanana,-18.1492,49.4023,2023-03-01,2023,3,March,Rainy,26.01,6.91
Atsinanana,-18.1492,49.4023,2023-04-01,2023,4,April,Rainy,25.19,5.04
Atsinanana,-18.1492,49.4023,2023-05-01,2023,5,May,Dry,24.35,5.2
Atsinanana,-18.1492,49.4023,2023-06-01,2023,6,June,Dry,22.57,2.29
Atsinanana,-18.1492,49.4023,2023-07-01,2023,7,July,Dry,21.95,3.06
Atsinanana,-18.1492,49.4023,2023-08-01,2023,8,August,Dry,22.02,5.56
Atsinanana,-18.1492,49.4023,2023-09-01,2023,9,September,Dry,22.56,2.6
Atsinanana,-18.1492,49.4023,2023-10-01,2023,10,October,Dry,24.47,2.19
Atsinanana,-18.1492,49.4023,2023-11-01,2023,11,November,Rainy,24.89,4.27
Atsinanana,-18.1492,49.4023,2023-12-01,2023,12,December,Rainy,26.29,3.41
Atsinanana,-18.1492,49.4023,2024-01-01,2024,1,January,Rainy,26.81,10.65
Atsinanana,-18.1492,49.4023,2024-02-01,2024,2,February,Rainy,26.33,14.47
Atsinanana,-18.1492,49.4023,2024-03-01,2024,3,March,Rainy,26.12,13.66
Atsinanana,-18.1492,49.4023,2024-04-01,2024,4,April,Rainy,25.84,7.23
Atsinanana,-18.1492,49.4023,2024-05-01,2024,5,May,Dry,23.82,7.4
Atsinanana,-18.1492,49.4023,2024-06-01,2024,6,June,Dry,22.54,2.43
Atsinanana,-18.1492,49.4023,2024-07-01,2024,7,July,Dry,21.6,0.45
Atsinanana,-18.1492,49.4023,2024-08-01,2024,8,August,Dry,21.53,2.64
Atsinanana,-18.1492,49.4023,2024-09-01,2024,9,September,Dry,22.39,1.13
Atsinanana,-18.1492,49.4023,2024-10-01,2024,10,October,Dry,23.37,1.29
Atsinanana,-18.1492,49.4023,2024-11-01,2024,11,November,Rainy,25.35,1.33
Atsinanana,-18.1492,49.4023,2024-12-01,2024,12,December,Rainy,26.01,2.55
Betsiboka,-16.4667,46.7167,2005-01-01,2005,1,January,Rainy,26.61,9.07
Betsiboka,-16.4667,46.7167,2005-02-01,2005,2,February,Rainy,26.79,17.86
Betsiboka,-16.4667,46.7167,2005-03-01,2005,3,March,Rainy,26.64,8.67
Betsiboka,-16.4667,46.7167,2005-04-01,2005,4,April,Rainy,25.95,2.47
Betsiboka,-16.4667,46.7167,2005-05-01,2005,5,May,Dry,24.13,0.44
Betsiboka,-16.4667,46.7167,2005-06-01,2005,6,June,Dry,22.44,0.79
Betsiboka,-16.4667,46.7167,2005-07-01,2005,7,July,Dry,21.41,2.2
Betsiboka,-16.4667,46.7167,2005-08-01,2005,8,August,Dry,22.11,0.3
Betsiboka,-16.4667,46.7167,2005-09-01,2005,9,September,Dry,24.84,0.37
Betsiboka,-16.4667,46.7167,2005-10-01,2005,10,October,Dry,28.0,0.13
Betsiboka,-16.4667,46.7167,2005-11-01,2005,11,November,Rainy,29.13,2.14
Betsiboka,-16.4667,46.7167,2005-12-01,2005,12,December,Rainy,27.3,12.0
Betsiboka,-16.4667,46.7167,2006-01-01,2006,1,January,Rainy,26.95,8.77
Betsiboka,-16.4667,46.7167,2006-02-01,2006,2,February,Rainy,26.84,10.88
Betsiboka,-16.4667,46.7167,2006-03-01,2006,3,March,Rainy,26.59,7.0
Betsiboka,-16.4667,46.7167,2006-04-01,2006,4,April,Rainy,26.14,2.69
Betsiboka,-16.4667,46.7167,2006-05-01,2006,5,May,Dry,24.19,0.66
Betsiboka,-16.4667,46.7167,2006-06-01,2006,6,June,Dry,23.16,0.47
Betsiboka,-16.4667,46.7167,2006-07-01,2006,7,July,Dry,22.92,0.95
Betsiboka,-16.4667,46.7167,2006-08-01,2006,8,August,Dry,23.98,0.8
Betsiboka,-16.4667,46.7167,2006-09-01,2006,9,September,Dry,26.22,0.26
Betsiboka,-16.4667,46.7167,2006-10-01,2006,10,October,Dry,28.89,0.2
Betsiboka,-16.4667,46.7167,2006-11-01,2006,11,November,Rainy,28.32,11.2
Betsiboka,-16.4667,46.7167,2006-12-01,2006,12,December,Rainy,27.45,8.44
Betsiboka,-16.4667,46.7167,2007-01-01,2007,1,January,Rainy,26.33,22.61
Betsiboka,-16.4667,46.7167,2007-02-01,2007,2,February,Rainy,26.05,21.38
Betsiboka,-16.4667,46.7167,2007-03-01,2007,3,March,Rainy,26.27,9.58
Betsiboka,-16.4667,46.7167,2007-04-01,2007,4,April,Rainy,25.65,1.37
Betsiboka,-16.4667,46.7167,2007-05-01,2007,5,May,Dry,24.74,0.51
Betsiboka,-16.4667,46.7167,2007-06-01,2007,6,June,Dry,21.78,0.07
Betsiboka,-16.4667,46.7167,2007-07-01,2007,7,July,Dry,22.72,0.66
Betsiboka,-16.4667,46.7167,2007-08-01,2007,8,August,Dry,23.56,0.15
Betsiboka,-16.4667,46.7167,2007-09-01,2007,9,September,Dry,25.67,0.53
Betsiboka,-16.4667,46.7167,2007-10-01,2007,10,October,Dry,27.98,2.13
Betsiboka,-16.4667,46.7167,2007-11-01,2007,11,November,Rainy,29.2,4.62
Betsiboka,-16.4667,46.7167,2007-12-01,2007,12,December,Rainy,27.3,6.91
Betsiboka,-16.4667,46.7167,2008-01-01,2008,1,January,Rainy,26.67,12.26
Betsiboka,-16.4667,46.7167,2008-02-01,2008,2,February,Rainy,25.76,22.66
Betsiboka,-16.4667,46.7167,2008-03-01,2008,3,March,Rainy,26.02,2.86
Betsiboka,-16.4667,46.7167,2008-04-01,2008,4,April,Rainy,25.62,1.67
Betsiboka,-16.4667,46.7167,2008-05-01,2008,5,May,Dry,23.53,0.29
Betsiboka,-16.4667,46.7167,2008-06-01,2008,6,June,Dry,21.98,0.07
Betsiboka,-16.4667,46.7167,2008-07-01,2008,7,July,Dry,22.23,0.09
Betsiboka,-16.4667,46.7167,2008-08-01,2008,8,August,Dry,24.37,0.14
Betsiboka,-16.4667,46.7167,2008-09-01,2008,9,September,Dry,27.14,0.99
Betsiboka,-16.4667,46.7167,2008-10-01,2008,10,October,Dry,28.87,1.36
Betsiboka,-16.4667,46.7167,2008-11-01,2008,11,November,Rainy,28.87,4.26
Betsiboka,-16.4667,46.7167,2008-12-01,2008,12,December,Rainy,28.25,4.73
Betsiboka,-16.4667,46.7167,2009-01-01,2009,1,January,Rainy,27.14,9.81
Betsiboka,-16.4667,46.7167,2009-02-01,2009,2,February,Rainy,26.46,16.84
Betsiboka,-16.4667,46.7167,2009-03-01,2009,3,March,Rainy,26.68,7.91
Betsiboka,-16.4667,46.7167,2009-04-01,2009,4,April,Rainy,25.59,3.82
Betsiboka,-16.4667,46.7167,2009-05-01,2009,5,May,Dry,24.25,0.14
Betsiboka,-16.4667,46.7167,2009-06-01,2009,6,June,Dry,22.82,0.19
Betsiboka,-16.4667,46.7167,2009-07-01,2009,7,July,Dry,22.5,0.29
Betsiboka,-16.4667,46.7167,2009-08-01,2009,8,August,Dry,24.52,0.45
Betsiboka,-16.4667,46.7167,2009-09-01,2009,9,September,Dry,26.81,0.22
Betsiboka,-16.4667,46.7167,2009-10-01,2009,10,October,Dry,29.05,0.8
Betsiboka,-16.4667,46.7167,2009-11-01,2009,11,November,Rainy,30.48,1.5
Betsiboka,-16.4667,46.7167,2009-12-01,2009,12,December,Rainy,28.94,6.62
Betsiboka,-16.4667,46.7167,2010-01-01,2010,1,January,Rainy,26.44,23.42
Betsiboka,-16.4667,46.7167,2010-02-01,2010,2,February,Rainy,26.94,6.51
Betsiboka,-16.4667,46.7167,2010-03-01,2010,3,March,Rainy,26.66,8.6
Betsiboka,-16.4667,46.7167,2010-04-01,2010,4,April,Rainy,25.89,0.24
Betsiboka,-16.4667,46.7167,2010-05-01,2010,5,May,Dry,25.1,0.29
Betsiboka,-16.4667,46.7167,2010-06-01,2010,6,June,Dry,23.39,0.45
Betsiboka,-16.4667,46.7167,2010-07-01,2010,7,July,Dry,22.25,0.38
Betsiboka,-16.4667,46.7167,2010-08-01,2010,8,August,Dry,23.75,0.44
Betsiboka,-16.4667,46.7167,2010-09-01,2010,9,September,Dry,25.99,0.12
Betsiboka,-16.4667,46.7167,2010-10-01,2010,10,October,Dry,29.34,1.35
Betsiboka,-16.4667,46.7167,2010-11-01,2010,11,November,Rainy,29.29,3.03
Betsiboka,-16.4667,46.7167,2010-12-01,2010,12,December,Rainy,27.25,10.8
Betsiboka,-16.4667,46.7167,2011-01-01,2011,1,January,Rainy,26.52,23.51
Betsiboka,-16.4667,46.7167,2011-02-01,2011,2,February,Rainy,26.21,15.71
Betsiboka,-16.4667,46.7167,2011-03-01,2011,3,March,Rainy,25.86,10.17
Betsiboka,-16.4667,46.7167,2011-04-01,2011,4,April,Rainy,26.34,2.22
Betsiboka,-16.4667,46.7167,2011-05-01,2011,5,May,Dry,24.34,0.59
Betsiboka,-16.4667,46.7167,2011-06-01,2011,6,June,Dry,22.75,0.3
Betsiboka,-16.4667,46.7167,2011-07-01,2011,7,July,Dry,22.38,0.27
Betsiboka,-16.4667,46.7167,2011-08-01,2011,8,August,Dry,24.08,0.32
Betsiboka,-16.4667,46.7167,2011-09-01,2011,9,September,Dry,25.95,0.33
Betsiboka,-16.4667,46.7167,2011-10-01,2011,10,October,Dry,28.66,1.03
Betsiboka,-16.4667,46.7167,2011-11-01,2011,11,November,Rainy,28.76,5.88
Betsiboka,-16.4667,46.7167,2011-12-01,2011,12,December,Rainy,28.5,5.68
Betsiboka,-16.4667,46.7167,2012-01-01,2012,1,January,Rainy,25.77,19.35
Betsiboka,-16.4667,46.7167,2012-02-01,2012,2,February,Rainy,26.2,10.24
Betsiboka,-16.4667,46.7167,2012-03-01,2012,3,March,Rainy,25.75,5.33
Betsiboka,-16.4667,46.7167,2012-04-01,2012,4,April,Rainy,25.67,8.57
Betsiboka,-16.4667,46.7167,2012-05-01,2012,5,May,Dry,23.86,0.83
Betsiboka,-16.4667,46.7167,2012-06-01,2012,6,June,Dry,22.12,0.58
Betsiboka,-16.4667,46.7167,2012-07-01,2012,7,July,Dry,21.49,0.42
Betsiboka,-16.4667,46.7167,2012-08-01,2012,8,August,Dry,23.13,0.11
Betsiboka,-16.4667,46.7167,2012-09-01,2012,9,September,Dry,25.57,0.1
Betsiboka,-16.4667,46.7167,2012-10-01,2012,10,October,Dry,27.93,1.55
Betsiboka,-16.4667,46.7167,2012-11-01,2012,11,November,Rainy,29.62,2.65
Betsiboka,-16.4667,46.7167,2012-12-01,2012,12,December,Rainy,29.08,3.94
Betsiboka,-16.4667,46.7167,2013-01-01,2013,1,January,Rainy,27.74,11.97
Betsiboka,-16.4667,46.7167,2013-02-01,2013,2,February,Rainy,26.26,11.75
Betsiboka,-16.4667,46.7167,2013-03-01,2013,3,March,Rainy,26.77,3.25
Betsiboka,-16.4667,46.7167,2013-04-01,2013,4,April,Rainy,26.17,0.78
Betsiboka,-16.4667,46.7167,2013-05-01,2013,5,May,Dry,25.25,0.38
Betsiboka,-16.4667,46.7167,2013-06-01,2013,6,June,Dry,22.95,0.31
Betsiboka,-16.4667,46.7167,2013-07-01,2013,7,July,Dry,23.4,0.24
Betsiboka,-16.4667,46.7167,2013-08-01,2013,8,August,Dry,24.4,0.16
Betsiboka,-16.4667,46.7167,2013-09-01,2013,9,September,Dry,27.54,0.8
Betsiboka,-16.4667,46.7167,2013-10-01,2013,10,October,Dry,29.21,1.48
Betsiboka,-16.4667,46.7167,2013-11-01,2013,11,November,Rainy,30.03,2.42
Betsiboka,-16.4667,46.7167,2013-12-01,2013,12,December,Rainy,27.33,10.35
Betsiboka,-16.4667,46.7167,2014-01-01,2014,1,January,Rainy,26.09,19.67
Betsiboka,-16.4667,46.7167,2014-02-01,2014,2,February,Rainy,25.98,15.15
Betsiboka,-16.4667,46.7167,2014-03-01,2014,3,March,Rainy,26.39,6.57
Betsiboka,-16.4667,46.7167,2014-04-01,2014,4,April,Rainy,25.14,1.23
Betsiboka,-16.4667,46.7167,2014-05-01,2014,5,May,Dry,23.53,0.11
Betsiboka,-16.4667,46.7167,2014-06-01,2014,6,June,Dry,22.25,0.29
Betsiboka,-16.4667,46.7167,2014-07-01,2014,7,July,Dry,22.3,1.47
Betsiboka,-16.4667,46.7167,2014-08-01,2014,8,August,Dry,24.11,0.14
Betsiboka,-16.4667,46.7167,2014-09-01,2014,9,September,Dry,26.0,0.15
Betsiboka,-16.4667,46.7167,2014-10-01,2014,10,October,Dry,27.42,7.86
Betsiboka,-16.4667,46.7167,2014-11-01,2014,11,November,Rainy,29.04,2.73
Betsiboka,-16.4667,46.7167,2014-12-01,2014,12,December,Rainy,28.04,6.01
Betsiboka,-16.4667,46.7167,2015-01-01,2015,1,January,Rainy,25.99,20.08
Betsiboka,-16.4667,46.7167,2015-02-01,2015,2,February,Rainy,25.7,11.35
Betsiboka,-16.4667,46.7167,2015-03-01,2015,3,March,Rainy,25.93,9.75
Betsiboka,-16.4667,46.7167,2015-04-01,2015,4,April,Rainy,25.96,0.78
Betsiboka,-16.4667,46.7167,2015-05-01,2015,5,May,Dry,24.37,0.25
Betsiboka,-16.4667,46.7167,2015-06-01,2015,6,June,Dry,23.29,0.39
Betsiboka,-16.4667,46.7167,2015-07-01,2015,7,July,Dry,22.79,0.18
Betsiboka,-16.4667,46.7167,2015-08-01,2015,8,August,Dry,23.63,0.5
Betsiboka,-16.4667,46.7167,2015-09-01,2015,9,September,Dry,26.59,0.07
Betsiboka,-16.4667,46.7167,2015-10-01,2015,10,October,Dry,29.15,1.11
Betsiboka,-16.4667,46.7167,2015-11-01,2015,11,November,Rainy,29.55,2.58
Betsiboka,-16.4667,46.7167,2015-12-01,2015,12,December,Rainy,28.45,10.67
Betsiboka,-16.4667,46.7167,2016-01-01,2016,1,January,Rainy,27.08,12.77
Betsiboka,-16.4667,46.7167,2016-02-01,2016,2,February,Rainy,26.45,17.4
Betsiboka,-16.4667,46.7167,2016-03-01,2016,3,March,Rainy,27.42,8.24
Betsiboka,-16.4667,46.7167,2016-04-01,2016,4,April,Rainy,25.97,0.33
Betsiboka,-16.4667,46.7167,2016-05-01,2016,5,May,Dry,22.8,0.72
Betsiboka,-16.4667,46.7167,2016-06-01,2016,6,June,Dry,22.02,0.38
Betsiboka,-16.4667,46.7167,2016-07-01,2016,7,July,Dry,21.51,0.35
Betsiboka,-16.4667,46.7167,2016-08-01,2016,8,August,Dry,23.77,0.13
Betsiboka,-16.4667,46.7167,2016-09-01,2016,9,September,Dry,25.36,0.07
Betsiboka,-16.4667,46.7167,2016-10-01,2016,10,October,Dry,28.82,0.62
Betsiboka,-16.4667,46.7167,2016-11-01,2016,11,November,Rainy,28.74,2.52
Betsiboka,-16.4667,46.7167,2016-12-01,2016,12,December,Rainy,29.38,3.3
Betsiboka,-16.4667,46.7167,2017-01-01,2017,1,January,Rainy,27.86,9.05
Betsiboka,-16.4667,46.7167,2017-02-01,2017,2,February,Rainy,27.13,13.66
Betsiboka,-16.4667,46.7167,2017-03-01,2017,3,March,Rainy,26.77,14.3
Betsiboka,-16.4667,46.7167,2017-04-01,2017,4,April,Rainy,25.54,3.26
Betsiboka,-16.4667,46.7167,2017-05-01,2017,5,May,Dry,24.38,0.36
Betsiboka,-16.4667,46.7167,2017-06-01,2017,6,June,Dry,23.15,0.36
Betsiboka,-16.4667,46.7167,2017-07-01,2017,7,July,Dry,22.5,0.96
Betsiboka,-16.4667,46.7167,2017-08-01,2017,8,August,Dry,23.96,0.4
Betsiboka,-16.4667,46.7167,2017-09-01,2017,9,September,Dry,26.39,0.07
Betsiboka,-16.4667,46.7167,2017-10-01,2017,10,October,Dry,28.8,1.35
Betsiboka,-16.4667,46.7167,2017-11-01,2017,11,November,Rainy,28.77,5.23
Betsiboka,-16.4667,46.7167,2017-12-01,2017,12,December,Rainy,27.75,9.62
Betsiboka,-16.4667,46.7167,2018-01-01,2018,1,January,Rainy,26.08,22.47
Betsiboka,-16.4667,46.7167,2018-02-01,2018,2,February,Rainy,26.62,10.73
Betsiboka,-16.4667,46.7167,2018-03-01,2018,3,March,Rainy,26.27,10.69
Betsiboka,-16.4667,46.7167,2018-04-01,2018,4,April,Rainy,25.6,2.93
Betsiboka,-16.4667,46.7167,2018-05-01,2018,5,May,Dry,24.17,0.25
Betsiboka,-16.4667,46.7167,2018-06-01,2018,6,June,Dry,22.28,0.26
Betsiboka,-16.4667,46.7167,2018-07-01,2018,7,July,Dry,21.65,1.06
Betsiboka,-16.4667,46.7167,2018-08-01,2018,8,August,Dry,23.54,0.07
Betsiboka,-16.4667,46.7167,2018-09-01,2018,9,September,Dry,26.31,0.09
Betsiboka,-16.4667,46.7167,2018-10-01,2018,10,October,Dry,28.37,0.79
Betsiboka,-16.4667,46.7167,2018-11-01,2018,11,November,Rainy,29.79,5.25
Betsiboka,-16.4667,46.7167,2018-12-01,2018,12,December,Rainy,28.19,9.67
Betsiboka,-16.4667,46.7167,2019-01-01,2019,1,January,Rainy,26.93,16.86
Betsiboka,-16.4667,46.7167,2019-02-01,2019,2,February,Rainy,26.77,6.52
Betsiboka,-16.4667,46.7167,2019-03-01,2019,3,March,Rainy,26.73,14.34
Betsiboka,-16.4667,46.7167,2019-04-01,2019,4,April,Rainy,26.93,4.88
Betsiboka,-16.4667,46.7167,2019-05-01,2019,5,May,Dry,24.31,1.05
Betsiboka,-16.4667,46.7167,2019-06-01,2019,6,June,Dry,22.59,0.47
Betsiboka,-16.4667,46.7167,2019-07-01,2019,7,July,Dry,22.3,0.24
Betsiboka,-16.4667,46.7167,2019-08-01,2019,8,August,Dry,23.59,0.07
Betsiboka,-16.4667,46.7167,2019-09-01,2019,9,September,Dry,26.87,0.23
Betsiboka,-16.4667,46.7167,2019-10-01,2019,10,October,Dry,30.01,0.45
Betsiboka,-16.4667,46.7167,2019-11-01,2019,11,November,Rainy,28.94,23.27
Betsiboka,-16.4667,46.7167,2019-12-01,2019,12,December,Rainy,27.3,8.02
Betsiboka,-16.4667,46.7167,2020-01-01,2020,1,January,Rainy,26.62,29.52
Betsiboka,-16.4667,46.7167,2020-02-01,2020,2,February,Rainy,26.77,13.62
Betsiboka,-16.4667,46.7167,2020-03-01,2020,3,March,Rainy,27.2,4.58
Betsiboka,-16.4667,46.7167,2020-04-01,2020,4,April,Rainy,25.64,3.4
Betsiboka,-16.4667,46.7167,2020-05-01,2020,5,May,Dry,24.06,0.2
Betsiboka,-16.4667,46.7167,2020-06-01,2020,6,June,Dry,22.43,0.46
Betsiboka,-16.4667,46.7167,2020-07-01,2020,7,July,Dry,22.0,0.57
Betsiboka,-16.4667,46.7167,2020-08-01,2020,8,August,Dry,23.75,0.07
Betsiboka,-16.4667,46.7167,2020-09-01,2020,9,September,Dry,25.7,1.24
Betsiboka,-16.4667,46.7167,2020-10-01,2020,10,October,Dry,28.95,1.44
Betsiboka,-16.4667,46.7167,2020-11-01,2020,11,November,Rainy,29.75,3.38
Betsiboka,-16.4667,46.7167,2020-12-01,2020,12,December,Rainy,27.97,10.94
Betsiboka,-16.4667,46.7167,2021-01-01,2021,1,January,Rainy,27.3,12.04
Betsiboka,-16.4667,46.7167,2021-02-01,2021,2,February,Rainy,26.57,11.35
Betsiboka,-16.4667,46.7167,2021-03-01,2021,3,March,Rainy,26.26,8.09
Betsiboka,-16.4667,46.7167,2021-04-01,2021,4,April,Rainy,25.62,4.54
Betsiboka,-16.4667,46.7167,2021-05-01,2021,5,May,Dry,23.9,0.37
Betsiboka,-16.4667,46.7167,2021-06-01,2021,6,June,Dry,22.02,0.66
Betsiboka,-16.4667,46.7167,2021-07-01,2021,7,July,Dry,22.02,0.28
Betsiboka,-16.4667,46.7167,2021-08-01,2021,8,August,Dry,23.93,0.37
Betsiboka,-16.4667,46.7167,2021-09-01,2021,9,September,Dry,25.81,0.06
Betsiboka,-16.4667,46.7167,2021-10-01,2021,10,October,Dry,28.8,0.38
Betsiboka,-16.4667,46.7167,2021-11-01,2021,11,November,Rainy,29.36,3.83
Betsiboka,-16.4667,46.7167,2021-12-01,2021,12,December,Rainy,29.65,4.29
Betsiboka,-16.4667,46.7167,2022-01-01,2022,1,January,Rainy,26.34,19.1
Betsiboka,-16.4667,46.7167,2022-02-01,2022,2,February,Rainy,26.9,15.1
Betsiboka,-16.4667,46.7167,2022-03-01,2022,3,March,Rainy,26.47,9.64
Betsiboka,-16.4667,46.7167,2022-04-01,2022,4,April,Rainy,25.81,3.08
Betsiboka,-16.4667,46.7167,2022-05-01,2022,5,May,Dry,23.92,0.32
Betsiboka,-16.4667,46.7167,2022-06-01,2022,6,June,Dry,21.76,0.46
Betsiboka,-16.4667,46.7167,2022-07-01,2022,7,July,Dry,21.35,0.25
Betsiboka,-16.4667,46.7167,2022-08-01,2022,8,August,Dry,23.06,0.08
Betsiboka,-16.4667,46.7167,2022-09-01,2022,9,September,Dry,25.12,0.05
Betsiboka,-16.4667,46.7167,2022-10-01,2022,10,October,Dry,27.24,1.03
Betsiboka,-16.4667,46.7167,2022-11-01,2022,11,November,Rainy,29.44,2.0
Betsiboka,-16.4667,46.7167,2022-12-01,2022,12,December,Rainy,28.75,7.08
Betsiboka,-16.4667,46.7167,2023-01-01,2023,1,January,Rainy,26.63,22.02
Betsiboka,-16.4667,46.7167,2023-02-01,2023,2,February,Rainy,26.74,9.16
Betsiboka,-16.4667,46.7167,2023-03-01,2023,3,March,Rainy,26.44,7.92
Betsiboka,-16.4667,46.7167,2023-04-01,2023,4,April,Rainy,26.21,1.59
Betsiboka,-16.4667,46.7167,2023-05-01,2023,5,May,Dry,24.86,0.22
Betsiboka,-16.4667,46.7167,2023-06-01,2023,6,June,Dry,23.05,0.05
Betsiboka,-16.4667,46.7167,2023-07-01,2023,7,July,Dry,23.19,0.11
Betsiboka,-16.4667,46.7167,2023-08-01,2023,8,August,Dry,25.71,0.18
Betsiboka,-16.4667,46.7167,2023-09-01,2023,9,September,Dry,26.93,0.48
Betsiboka,-16.4667,46.7167,2023-10-01,2023,10,October,Dry,30.13,2.39
Betsiboka,-16.4667,46.7167,2023-11-01,2023,11,November,Rainy,30.21,3.45
Betsiboka,-16.4667,46.7167,2023-12-01,2023,12,December,Rainy,30.23,3.35
Betsiboka,-16.4667,46.7167,2024-01-01,2024,1,January,Rainy,27.55,13.89
Betsiboka,-16.4667,46.7167,2024-02-01,2024,2,February,Rainy,27.24,14.56
Betsiboka,-16.4667,46.7167,2024-03-01,2024,3,March,Rainy,27.0,4.23
Betsiboka,-16.4667,46.7167,2024-04-01,2024,4,April,Rainy,27.27,4.59
Betsiboka,-16.4667,46.7167,2024-05-01,2024,5,May,Dry,23.85,0.37
Betsiboka,-16.4667,46.7167,2024-06-01,2024,6,June,Dry,23.3,0.16
Betsiboka,-16.4667,46.7167,2024-07-01,2024,7,July,Dry,22.81,0.04
Betsiboka,-16.4667,46.7167,2024-08-01,2024,8,August,Dry,23.87,0.09
Betsiboka,-16.4667,46.7167,2024-09-01,2024,9,September,Dry,27.18,0.28
Betsiboka,-16.4667,46.7167,2024-10-01,2024,10,October,Dry,29.82,0.16
Betsiboka,-16.4667,46.7167,2024-11-01,2024,11,November,Rainy,30.77,8.71
Betsiboka,-16.4667,46.7167,2024-12-01,2024,12,December,Rainy,29.04,6.19
Boeny,-15.7167,46.3167,2005-01-01,2005,1,January,Rainy,27.82,6.59
Boeny,-15.7167,46.3167,2005-02-01,2005,2,February,Rainy,28.28,10.28
Boeny,-15.7167,46.3167,2005-03-01,2005,3,March,Rainy,28.36,6.02
Boeny,-15.7167,46.3167,2005-04-01,2005,4,April,Rainy,27.98,2.24
Boeny,-15.7167,46.3167,2005-05-01,2005,5,May,Dry,26.59,0.41
Boeny,-15.7167,46.3167,2005-06-01,2005,6,June,Dry,25.45,1.39
Boeny,-15.7167,46.3167,2005-07-01,2005,7,July,Dry,24.34,2.23
Boeny,-15.7167,46.3167,2005-08-01,2005,8,August,Dry,24.47,0.8
Boeny,-15.7167,46.3167,2005-09-01,2005,9,September,Dry,25.67,0.74
Boeny,-15.7167,46.3167,2005-10-01,2005,10,October,Dry,27.17,0.23
Boeny,-15.7167,46.3167,2005-11-01,2005,11,November,Rainy,27.45,2.18
Boeny,-15.7167,46.3167,2005-12-01,2005,12,December,Rainy,27.57,9.55
Boeny,-15.7167,46.3167,2006-01-01,2006,1,January,Rainy,27.82,9.43
Boeny,-15.7167,46.3167,2006-02-01,2006,2,February,Rainy,28.04,9.53
Boeny,-15.7167,46.3167,2006-03-01,2006,3,March,Rainy,28.08,7.22
Boeny,-15.7167,46.3167,2006-04-01,2006,4,April,Rainy,27.81,3.03
Boeny,-15.7167,46.3167,2006-05-01,2006,5,May,Dry,26.32,0.53
Boeny,-15.7167,46.3167,2006-06-01,2006,6,June,Dry,25.51,0.53
Boeny,-15.7167,46.3167,2006-07-01,2006,7,July,Dry,24.78,0.78
Boeny,-15.7167,46.3167,2006-08-01,2006,8,August,Dry,24.89,0.49
Boeny,-15.7167,46.3167,2006-09-01,2006,9,September,Dry,25.91,0.15
Boeny,-15.7167,46.3167,2006-10-01,2006,10,October,Dry,26.96,0.09
Boeny,-15.7167,46.3167,2006-11-01,2006,11,November,Rainy,27.51,8.93
Boeny,-15.7167,46.3167,2006-12-01,2006,12,December,Rainy,27.73,7.94
Boeny,-15.7167,46.3167,2007-01-01,2007,1,January,Rainy,27.43,14.44
Boeny,-15.7167,46.3167,2007-02-01,2007,2,February,Rainy,27.44,17.72
Boeny,-15.7167,46.3167,2007-03-01,2007,3,March,Rainy,27.76,5.47
Boeny,-15.7167,46.3167,2007-04-01,2007,4,April,Rainy,27.42,1.22
Boeny,-15.7167,46.3167,2007-05-01,2007,5,May,Dry,26.88,0.28
Boeny,-15.7167,46.3167,2007-06-01,2007,6,June,Dry,24.97,0.03
Boeny,-15.7167,46.3167,2007-07-01,2007,7,July,Dry,24.9,0.33
Boeny,-15.7167,46.3167,2007-08-01,2007,8,August,Dry,25.16,0.31
Boeny,-15.7167,46.3167,2007-09-01,2007,9,September,Dry,26.03,0.39
Boeny,-15.7167,46.3167,2007-10-01,2007,10,October,Dry,27.09,1.08
Boeny,-15.7167,46.3167,2007-11-01,2007,11,November,Rainy,27.58,5.01
Boeny,-15.7167,46.3167,2007-12-01,2007,12,December,Rainy,27.67,6.18
Boeny,-15.7167,46.3167,2008-01-01,2008,1,January,Rainy,27.62,11.08
Boeny,-15.7167,46.3167,2008-02-01,2008,2,February,Rainy,27.09,16.96
Boeny,-15.7167,46.3167,2008-03-01,2008,3,March,Rainy,27.31,2.39
Boeny,-15.7167,46.3167,2008-04-01,2008,4,April,Rainy,27.34,1.22
Boeny,-15.7167,46.3167,2008-05-01,2008,5,May,Dry,26.33,0.16
Boeny,-15.7167,46.3167,2008-06-01,2008,6,June,Dry,24.88,0.07
Boeny,-15.7167,46.3167,2008-07-01,2008,7,July,Dry,24.57,0.09
Boeny,-15.7167,46.3167,2008-08-01,2008,8,August,Dry,25.38,0.25
Boeny,-15.7167,46.3167,2008-09-01,2008,9,September,Dry,26.5,0.51
Boeny,-15.7167,46.3167,2008-10-01,2008,10,October,Dry,27.68,0.98
Boeny,-15.7167,46.3167,2008-11-01,2008,11,November,Rainy,27.92,3.6
Boeny,-15.7167,46.3167,2008-12-01,2008,12,December,Rainy,27.91,3.99
Boeny,-15.7167,46.3167,2009-01-01,2009,1,January,Rainy,28.06,8.1
Boeny,-15.7167,46.3167,2009-02-01,2009,2,February,Rainy,27.94,13.01
Boeny,-15.7167,46.3167,2009-03-01,2009,3,March,Rainy,28.01,5.94
Boeny,-15.7167,46.3167,2009-04-01,2009,4,April,Rainy,27.53,3.21
Boeny,-15.7167,46.3167,2009-05-01,2009,5,May,Dry,26.49,0.1
Boeny,-15.7167,46.3167,2009-06-01,2009,6,June,Dry,25.47,0.15
Boeny,-15.7167,46.3167,2009-07-01,2009,7,July,Dry,24.76,0.33
Boeny,-15.7167,46.3167,2009-08-01,2009,8,August,Dry,25.33,0.54
Boeny,-15.7167,46.3167,2009-09-01,2009,9,September,Dry,26.47,0.16
Boeny,-15.7167,46.3167,2009-10-01,2009,10,October,Dry,27.51,0.42
Boeny,-15.7167,46.3167,2009-11-01,2009,11,November,Rainy,28.28,1.35
Boeny,-15.7167,46.3167,2009-12-01,2009,12,December,Rainy,28.36,7.14
Boeny,-15.7167,46.3167,2010-01-01,2010,1,January,Rainy,27.64,18.21
Boeny,-15.7167,46.3167,2010-02-01,2010,2,February,Rainy,27.96,3.86
Boeny,-15.7167,46.3167,2010-03-01,2010,3,March,Rainy,28.31,6.76
Boeny,-15.7167,46.3167,2010-04-01,2010,4,April,Rainy,28.05,0.45
Boeny,-15.7167,46.3167,2010-05-01,2010,5,May,Dry,27.65,0.19
Boeny,-15.7167,46.3167,2010-06-01,2010,6,June,Dry,26.38,0.41
Boeny,-15.7167,46.3167,2010-07-01,2010,7,July,Dry,24.84,0.84
Boeny,-15.7167,46.3167,2010-08-01,2010,8,August,Dry,25.28,0.67
Boeny,-15.7167,46.3167,2010-09-01,2010,9,September,Dry,25.8,0.03
Boeny,-15.7167,46.3167,2010-10-01,2010,10,October,Dry,27.13,1.22
Boeny,-15.7167,46.3167,2010-11-01,2010,11,November,Rainy,27.83,2.9
Boeny,-15.7167,46.3167,2010-12-01,2010,12,December,Rainy,27.68,7.73
Boeny,-15.7167,46.3167,2011-01-01,2011,1,January,Rainy,27.8,21.34
Boeny,-15.7167,46.3167,2011-02-01,2011,2,February,Rainy,27.57,12.28
Boeny,-15.7167,46.3167,2011-03-01,2011,3,March,Rainy,27.5,8.5
Boeny,-15.7167,46.3167,2011-04-01,2011,4,April,Rainy,27.94,2.72
Boeny,-15.7167,46.3167,2011-05-01,2011,5,May,Dry,26.65,0.47
Boeny,-15.7167,46.3167,2011-06-01,2011,6,June,Dry,25.41,0.48
Boeny,-15.7167,46.3167,2011-07-01,2011,7,July,Dry,24.74,0.18
Boeny,-15.7167,46.3167,2011-08-01,2011,8,August,Dry,25.42,0.34
Boeny,-15.7167,46.3167,2011-09-01,2011,9,September,Dry,26.33,0.17
Boeny,-15.7167,46.3167,2011-10-01,2011,10,October,Dry,27.29,0.9
Boeny,-15.7167,46.3167,2011-11-01,2011,11,November,Rainy,28.03,4.62
Boeny,-15.7167,46.3167,2011-12-01,2011,12,December,Rainy,28.38,5.08
Boeny,-15.7167,46.3167,2012-01-01,2012,1,January,Rainy,27.28,15.48
Boeny,-15.7167,46.3167,2012-02-01,2012,2,February,Rainy,27.67,7.83
Boeny,-15.7167,46.3167,2012-03-01,2012,3,March,Rainy,27.32,4.38
Boeny,-15.7167,46.3167,2012-04-01,2012,4,April,Rainy,27.47,9.01
Boeny,-15.7167,46.3167,2012-05-01,2012,5,May,Dry,26.05,0.7
Boeny,-15.7167,46.3167,2012-06-01,2012,6,June,Dry,24.74,0.26
Boeny,-15.7167,46.3167,2012-07-01,2012,7,July,Dry,24.08,0.54
Boeny,-15.7167,46.3167,2012-08-01,2012,8,August,Dry,25.07,0.07
Boeny,-15.7167,46.3167,2012-09-01,2012,9,September,Dry,26.1,0.12
Boeny,-15.7167,46.3167,2012-10-01,2012,10,October,Dry,27.04,0.95
Boeny,-15.7167,46.3167,2012-11-01,2012,11,November,Rainy,28.1,2.67
Boeny,-15.7167,46.3167,2012-12-01,2012,12,December,Rainy,28.59,3.33
Boeny,-15.7167,46.3167,2013-01-01,2013,1,January,Rainy,28.34,11.85
Boeny,-15.7167,46.3167,2013-02-01,2013,2,February,Rainy,27.67,8.94
Boeny,-15.7167,46.3167,2013-03-01,2013,3,March,Rainy,28.33,3.04
Boeny,-15.7167,46.3167,2013-04-01,2013,4,April,Rainy,28.03,1.03
Boeny,-15.7167,46.3167,2013-05-01,2013,5,May,Dry,27.05,0.3
Boeny,-15.7167,46.3167,2013-06-01,2013,6,June,Dry,25.35,0.34
Boeny,-15.7167,46.3167,2013-07-01,2013,7,July,Dry,24.95,0.48
Boeny,-15.7167,46.3167,2013-08-01,2013,8,August,Dry,25.26,0.19
Boeny,-15.7167,46.3167,2013-09-01,2013,9,September,Dry,26.34,0.34
Boeny,-15.7167,46.3167,2013-10-01,2013,10,October,Dry,27.24,1.36
Boeny,-15.7167,46.3167,2013-11-01,2013,11,November,Rainy,28.18,2.41
Boeny,-15.7167,46.3167,2013-12-01,2013,12,December,Rainy,27.92,9.88
Boeny,-15.7167,46.3167,2014-01-01,2014,1,January,Rainy,27.46,16.69
Boeny,-15.7167,46.3167,2014-02-01,2014,2,February,Rainy,27.39,11.95
Boeny,-15.7167,46.3167,2014-03-01,2014,3,March,Rainy,28.02,9.36
Boeny,-15.7167,46.3167,2014-04-01,2014,4,April,Rainy,27.17,1.3
Boeny,-15.7167,46.3167,2014-05-01,2014,5,May,Dry,26.07,0.13
Boeny,-15.7167,46.3167,2014-06-01,2014,6,June,Dry,25.06,0.44
Boeny,-15.7167,46.3167,2014-07-01,2014,7,July,Dry,24.75,0.85
Boeny,-15.7167,46.3167,2014-08-01,2014,8,August,Dry,25.32,0.16
Boeny,-15.7167,46.3167,2014-09-01,2014,9,September,Dry,26.2,0.08
Boeny,-15.7167,46.3167,2014-10-01,2014,10,October,Dry,27.04,1.46
Boeny,-15.7167,46.3167,2014-11-01,2014,11,November,Rainy,28.19,2.13
Boeny,-15.7167,46.3167,2014-12-01,2014,12,December,Rainy,28.04,3.92
Boeny,-15.7167,46.3167,2015-01-01,2015,1,January,Rainy,27.29,17.3
Boeny,-15.7167,46.3167,2015-02-01,2015,2,February,Rainy,27.31,10.93
Boeny,-15.7167,46.3167,2015-03-01,2015,3,March,Rainy,27.79,6.87
Boeny,-15.7167,46.3167,2015-04-01,2015,4,April,Rainy,27.7,1.16
Boeny,-15.7167,46.3167,2015-05-01,2015,5,May,Dry,26.88,0.22
Boeny,-15.7167,46.3167,2015-06-01,2015,6,June,Dry,25.93,0.46
Boeny,-15.7167,46.3167,2015-07-01,2015,7,July,Dry,25.36,0.2
Boeny,-15.7167,46.3167,2015-08-01,2015,8,August,Dry,25.43,0.46
Boeny,-15.7167,46.3167,2015-09-01,2015,9,September,Dry,26.51,0.08
Boeny,-15.7167,46.3167,2015-10-01,2015,10,October,Dry,27.77,1.02
Boeny,-15.7167,46.3167,2015-11-01,2015,11,November,Rainy,28.14,2.04
Boeny,-15.7167,46.3167,2015-12-01,2015,12,December,Rainy,28.49,5.28
Boeny,-15.7167,46.3167,2016-01-01,2016,1,January,Rainy,28.38,10.96
Boeny,-15.7167,46.3167,2016-02-01,2016,2,February,Rainy,27.94,14.18
Boeny,-15.7167,46.3167,2016-03-01,2016,3,March,Rainy,28.56,7.88
Boeny,-15.7167,46.3167,2016-04-01,2016,4,April,Rainy,28.03,0.42
Boeny,-15.7167,46.3167,2016-05-01,2016,5,May,Dry,25.76,0.41
Boeny,-15.7167,46.3167,2016-06-01,2016,6,June,Dry,24.99,1.04
Boeny,-15.7167,46.3167,2016-07-01,2016,7,July,Dry,24.19,0.6
Boeny,-15.7167,46.3167,2016-08-01,2016,8,August,Dry,25.29,0.19
Boeny,-15.7167,46.3167,2016-09-01,2016,9,September,Dry,25.66,0.07
Boeny,-15.7167,46.3167,2016-10-01,2016,10,October,Dry,26.84,0.89
Boeny,-15.7167,46.3167,2016-11-01,2016,11,November,Rainy,27.41,2.93
Boeny,-15.7167,46.3167,2016-12-01,2016,12,December,Rainy,28.38,2.71
Boeny,-15.7167,46.3167,2017-01-01,2017,1,January,Rainy,28.07,8.41
Boeny,-15.7167,46.3167,2017-02-01,2017,2,February,Rainy,28.2,5.87
Boeny,-15.7167,46.3167,2017-03-01,2017,3,March,Rainy,28.29,6.72
Boeny,-15.7167,46.3167,2017-04-01,2017,4,April,Rainy,27.74,2.33
Boeny,-15.7167,46.3167,2017-05-01,2017,5,May,Dry,27.13,0.57
Boeny,-15.7167,46.3167,2017-06-01,2017,6,June,Dry,26.24,0.58
Boeny,-15.7167,46.3167,2017-07-01,2017,7,July,Dry,25.47,0.44
Boeny,-15.7167,46.3167,2017-08-01,2017,8,August,Dry,25.87,0.27
Boeny,-15.7167,46.3167,2017-09-01,2017,9,September,Dry,26.43,0.07
Boeny,-15.7167,46.3167,2017-10-01,2017,10,October,Dry,27.52,0.96
Boeny,-15.7167,46.3167,2017-11-01,2017,11,November,Rainy,28.07,3.47
Boeny,-15.7167,46.3167,2017-12-01,2017,12,December,Rainy,28.24,7.67
Boeny,-15.7167,46.3167,2018-01-01,2018,1,January,Rainy,27.12,17.63
Boeny,-15.7167,46.3167,2018-02-01,2018,2,February,Rainy,27.94,4.62
Boeny,-15.7167,46.3167,2018-03-01,2018,3,March,Rainy,28.02,9.98
Boeny,-15.7167,46.3167,2018-04-01,2018,4,April,Rainy,27.56,2.1
Boeny,-15.7167,46.3167,2018-05-01,2018,5,May,Dry,26.68,0.23
Boeny,-15.7167,46.3167,2018-06-01,2018,6,June,Dry,25.29,0.34
Boeny,-15.7167,46.3167,2018-07-01,2018,7,July,Dry,24.68,0.73
Boeny,-15.7167,46.3167,2018-08-01,2018,8,August,Dry,25.45,0.23
Boeny,-15.7167,46.3167,2018-09-01,2018,9,September,Dry,26.49,0.06
Boeny,-15.7167,46.3167,2018-10-01,2018,10,October,Dry,26.96,0.63
Boeny,-15.7167,46.3167,2018-11-01,2018,11,November,Rainy,28.05,3.76
Boeny,-15.7167,46.3167,2018-12-01,2018,12,December,Rainy,28.59,6.79
Boeny,-15.7167,46.3167,2019-01-01,2019,1,January,Rainy,28.05,13.16
Boeny,-15.7167,46.3167,2019-02-01,2019,2,February,Rainy,28.01,3.38
Boeny,-15.7167,46.3167,2019-03-01,2019,3,March,Rainy,28.21,8.3
Boeny,-15.7167,46.3167,2019-04-01,2019,4,April,Rainy,28.63,2.5
Boeny,-15.7167,46.3167,2019-05-01,2019,5,May,Dry,26.88,0.39
Boeny,-15.7167,46.3167,2019-06-01,2019,6,June,Dry,25.72,0.4
Boeny,-15.7167,46.3167,2019-07-01,2019,7,July,Dry,25.12,0.3
Boeny,-15.7167,46.3167,2019-08-01,2019,8,August,Dry,25.7,0.14
Boeny,-15.7167,46.3167,2019-09-01,2019,9,September,Dry,26.69,0.22
Boeny,-15.7167,46.3167,2019-10-01,2019,10,October,Dry,28.29,0.4
Boeny,-15.7167,46.3167,2019-11-01,2019,11,November,Rainy,28.6,10.51
Boeny,-15.7167,46.3167,2019-12-01,2019,12,December,Rainy,28.56,5.09
Boeny,-15.7167,46.3167,2020-01-01,2020,1,January,Rainy,28.08,23.83
Boeny,-15.7167,46.3167,2020-02-01,2020,2,February,Rainy,28.31,8.79
Boeny,-15.7167,46.3167,2020-03-01,2020,3,March,Rainy,28.54,5.11
Boeny,-15.7167,46.3167,2020-04-01,2020,4,April,Rainy,27.77,4.22
Boeny,-15.7167,46.3167,2020-05-01,2020,5,May,Dry,26.41,0.21
Boeny,-15.7167,46.3167,2020-06-01,2020,6,June,Dry,25.09,0.76
Boeny,-15.7167,46.3167,2020-07-01,2020,7,July,Dry,24.53,0.57
Boeny,-15.7167,46.3167,2020-08-01,2020,8,August,Dry,25.1,0.1
Boeny,-15.7167,46.3167,2020-09-01,2020,9,September,Dry,26.03,1.53
Boeny,-15.7167,46.3167,2020-10-01,2020,10,October,Dry,27.6,0.81
Boeny,-15.7167,46.3167,2020-11-01,2020,11,November,Rainy,28.14,2.36
Boeny,-15.7167,46.3167,2020-12-01,2020,12,December,Rainy,28.37,8.67
Boeny,-15.7167,46.3167,2021-01-01,2021,1,January,Rainy,28.21,11.48
Boeny,-15.7167,46.3167,2021-02-01,2021,2,February,Rainy,27.86,14.17
Boeny,-15.7167,46.3167,2021-03-01,2021,3,March,Rainy,27.92,6.56
Boeny,-15.7167,46.3167,2021-04-01,2021,4,April,Rainy,27.6,2.47
Boeny,-15.7167,46.3167,2021-05-01,2021,5,May,Dry,26.19,0.29
Boeny,-15.7167,46.3167,2021-06-01,2021,6,June,Dry,24.82,0.4
Boeny,-15.7167,46.3167,2021-07-01,2021,7,July,Dry,24.7,0.26
Boeny,-15.7167,46.3167,2021-08-01,2021,8,August,Dry,25.46,1.11
Boeny,-15.7167,46.3167,2021-09-01,2021,9,September,Dry,26.3,0.15
Boeny,-15.7167,46.3167,2021-10-01,2021,10,October,Dry,27.21,0.16
Boeny,-15.7167,46.3167,2021-11-01,2021,11,November,Rainy,27.9,2.95
Boeny,-15.7167,46.3167,2021-12-01,2021,12,December,Rainy,28.78,4.3
Boeny,-15.7167,46.3167,2022-01-01,2022,1,January,Rainy,27.79,16.33
Boeny,-15.7167,46.3167,2022-02-01,2022,2,February,Rainy,28.02,9.47
Boeny,-15.7167,46.3167,2022-03-01,2022,3,March,Rainy,27.79,9.76
Boeny,-15.7167,46.3167,2022-04-01,2022,4,April,Rainy,27.69,1.89
Boeny,-15.7167,46.3167,2022-05-01,2022,5,May,Dry,26.29,0.24
Boeny,-15.7167,46.3167,2022-06-01,2022,6,June,Dry,24.62,0.33
Boeny,-15.7167,46.3167,2022-07-01,2022,7,July,Dry,24.13,0.07
Boeny,-15.7167,46.3167,2022-08-01,2022,8,August,Dry,24.81,0.06
Boeny,-15.7167,46.3167,2022-09-01,2022,9,September,Dry,25.81,0.1
Boeny,-15.7167,46.3167,2022-10-01,2022,10,October,Dry,26.38,0.56
Boeny,-15.7167,46.3167,2022-11-01,2022,11,November,Rainy,27.65,0.78
Boeny,-15.7167,46.3167,2022-12-01,2022,12,December,Rainy,28.51,2.75
Boeny,-15.7167,46.3167,2023-01-01,2023,1,January,Rainy,27.82,16.19
Boeny,-15.7167,46.3167,2023-02-01,2023,2,February,Rainy,27.62,8.12
Boeny,-15.7167,46.3167,2023-03-01,2023,3,March,Rainy,28.09,4.56
Boeny,-15.7167,46.3167,2023-04-01,2023,4,April,Rainy,28.02,1.62
Boeny,-15.7167,46.3167,2023-05-01,2023,5,May,Dry,27.16,0.21
Boeny,-15.7167,46.3167,2023-06-01,2023,6,June,Dry,25.94,0.07
Boeny,-15.7167,46.3167,2023-07-01,2023,7,July,Dry,25.48,0.13
Boeny,-15.7167,46.3167,2023-08-01,2023,8,August,Dry,26.44,0.24
Boeny,-15.7167,46.3167,2023-09-01,2023,9,September,Dry,27.09,0.41
Boeny,-15.7167,46.3167,2023-10-01,2023,10,October,Dry,28.07,1.32
Boeny,-15.7167,46.3167,2023-11-01,2023,11,November,Rainy,29.27,1.41
Boeny,-15.7167,46.3167,2023-12-01,2023,12,December,Rainy,29.42,2.77
Boeny,-15.7167,46.3167,2024-01-01,2024,1,January,Rainy,28.61,12.94
Boeny,-15.7167,46.3167,2024-02-01,2024,2,February,Rainy,28.33,7.66
Boeny,-15.7167,46.3167,2024-03-01,2024,3,March,Rainy,28.69,2.73
Boeny,-15.7167,46.3167,2024-04-01,2024,4,April,Rainy,29.27,0.79
Boeny,-15.7167,46.3167,2024-05-01,2024,5,May,Dry,27.1,0.91
Boeny,-15.7167,46.3167,2024-06-01,2024,6,June,Dry,26.2,0.1
Boeny,-15.7167,46.3167,2024-07-01,2024,7,July,Dry,25.51,0.04
Boeny,-15.7167,46.3167,2024-08-01,2024,8,August,Dry,25.89,0.04
Boeny,-15.7167,46.3167,2024-09-01,2024,9,September,Dry,26.96,0.27
Boeny,-15.7167,46.3167,2024-10-01,2024,10,October,Dry,27.86,0.23
Boeny,-15.7167,46.3167,2024-11-01,2024,11,November,Rainy,28.96,4.06
Boeny,-15.7167,46.3167,2024-12-01,2024,12,December,Rainy,28.92,4.69
Bongolava,-18.9833,46.9333,2005-01-01,2005,1,January,Rainy,20.16,11.81
Bongolava,-18.9833,46.9333,2005-02-01,2005,2,February,Rainy,20.4,17.46
Bongolava,-18.9833,46.9333,2005-03-01,2005,3,March,Rainy,19.79,9.74
Bongolava,-18.9833,46.9333,2005-04-01,2005,4,April,Rainy,18.43,4.55
Bongolava,-18.9833,46.9333,2005-05-01,2005,5,May,Dry,16.66,2.06
Bongolava,-18.9833,46.9333,2005-06-01,2005,6,June,Dry,14.6,1.35
Bongolava,-18.9833,46.9333,2005-07-01,2005,7,July,Dry,13.15,2.42
Bongolava,-18.9833,46.9333,2005-08-01,2005,8,August,Dry,13.68,1.34
Bongolava,-18.9833,46.9333,2005-09-01,2005,9,September,Dry,15.46,0.67
Bongolava,-18.9833,46.9333,2005-10-01,2005,10,October,Dry,18.51,0.79
Bongolava,-18.9833,46.9333,2005-11-01,2005,11,November,Rainy,20.01,7.05
Bongolava,-18.9833,46.9333,2005-12-01,2005,12,December,Rainy,20.43,19.58
Bongolava,-18.9833,46.9333,2006-01-01,2006,1,January,Rainy,20.13,6.4
Bongolava,-18.9833,46.9333,2006-02-01,2006,2,February,Rainy,20.07,4.9
Bongolava,-18.9833,46.9333,2006-03-01,2006,3,March,Rainy,19.84,7.97
Bongolava,-18.9833,46.9333,2006-04-01,2006,4,April,Rainy,18.7,1.95
Bongolava,-18.9833,46.9333,2006-05-01,2006,5,May,Dry,16.47,0.6
Bongolava,-18.9833,46.9333,2006-06-01,2006,6,June,Dry,14.83,1.33
Bongolava,-18.9833,46.9333,2006-07-01,2006,7,July,Dry,13.8,1.95
Bongolava,-18.9833,46.9333,2006-08-01,2006,8,August,Dry,14.42,0.94
Bongolava,-18.9833,46.9333,2006-09-01,2006,9,September,Dry,16.34,0.57
Bongolava,-18.9833,46.9333,2006-10-01,2006,10,October,Dry,18.67,1.45
Bongolava,-18.9833,46.9333,2006-11-01,2006,11,November,Rainy,20.22,9.97
Bongolava,-18.9833,46.9333,2006-12-01,2006,12,December,Rainy,20.26,9.76
Bongolava,-18.9833,46.9333,2007-01-01,2007,1,January,Rainy,19.94,29.9
Bongolava,-18.9833,46.9333,2007-02-01,2007,2,February,Rainy,19.95,15.59
Bongolava,-18.9833,46.9333,2007-03-01,2007,3,March,Rainy,19.35,3.59
Bongolava,-18.9833,46.9333,2007-04-01,2007,4,April,Rainy,18.49,2.03
Bongolava,-18.9833,46.9333,2007-05-01,2007,5,May,Dry,17.21,1.25
Bongolava,-18.9833,46.9333,2007-06-01,2007,6,June,Dry,13.52,0.4
Bongolava,-18.9833,46.9333,2007-07-01,2007,7,July,Dry,13.78,1.37
Bongolava,-18.9833,46.9333,2007-08-01,2007,8,August,Dry,14.35,0.5
Bongolava,-18.9833,46.9333,2007-09-01,2007,9,September,Dry,16.67,0.7
Bongolava,-18.9833,46.9333,2007-10-01,2007,10,October,Dry,18.79,2.7
Bongolava,-18.9833,46.9333,2007-11-01,2007,11,November,Rainy,20.43,5.12
Bongolava,-18.9833,46.9333,2007-12-01,2007,12,December,Rainy,20.71,8.86
Bongolava,-18.9833,46.9333,2008-01-01,2008,1,January,Rainy,20.3,10.53
Bongolava,-18.9833,46.9333,2008-02-01,2008,2,February,Rainy,19.86,12.27
Bongolava,-18.9833,46.9333,2008-03-01,2008,3,March,Rainy,19.27,3.12
Bongolava,-18.9833,46.9333,2008-04-01,2008,4,April,Rainy,18.57,1.55
Bongolava,-18.9833,46.9333,2008-05-01,2008,5,May,Dry,15.61,0.71
Bongolava,-18.9833,46.9333,2008-06-01,2008,6,June,Dry,13.56,0.68
Bongolava,-18.9833,46.9333,2008-07-01,2008,7,July,Dry,13.39,0.62
Bongolava,-18.9833,46.9333,2008-08-01,2008,8,August,Dry,15.27,0.23
Bongolava,-18.9833,46.9333,2008-09-01,2008,9,September,Dry,17.72,1.62
Bongolava,-18.9833,46.9333,2008-10-01,2008,10,October,Dry,19.36,4.84
Bongolava,-18.9833,46.9333,2008-11-01,2008,11,November,Rainy,20.45,6.94
Bongolava,-18.9833,46.9333,2008-12-01,2008,12,December,Rainy,21.14,3.64
Bongolava,-18.9833,46.9333,2009-01-01,2009,1,January,Rainy,20.89,12.33
Bongolava,-18.9833,46.9333,2009-02-01,2009,2,February,Rainy,20.35,8.44
Bongolava,-18.9833,46.9333,2009-03-01,2009,3,March,Rainy,20.22,8.6
Bongolava,-18.9833,46.9333,2009-04-01,2009,4,April,Rainy,17.87,6.53
Bongolava,-18.9833,46.9333,2009-05-01,2009,5,May,Dry,16.33,0.31
Bongolava,-18.9833,46.9333,2009-06-01,2009,6,June,Dry,15.01,0.38
Bongolava,-18.9833,46.9333,2009-07-01,2009,7,July,Dry,13.73,1.94
Bongolava,-18.9833,46.9333,2009-08-01,2009,8,August,Dry,14.86,1.53
Bongolava,-18.9833,46.9333,2009-09-01,2009,9,September,Dry,17.16,0.75
Bongolava,-18.9833,46.9333,2009-10-01,2009,10,October,Dry,18.99,4.6
Bongolava,-18.9833,46.9333,2009-11-01,2009,11,November,Rainy,20.2,4.8
Bongolava,-18.9833,46.9333,2009-12-01,2009,12,December,Rainy,20.53,12.25
Bongolava,-18.9833,46.9333,2010-01-01,2010,1,January,Rainy,20.26,11.03
Bongolava,-18.9833,46.9333,2010-02-01,2010,2,February,Rainy,20.42,4.9
Bongolava,-18.9833,46.9333,2010-03-01,2010,3,March,Rainy,20.33,12.06
Bongolava,-18.9833,46.9333,2010-04-01,2010,4,April,Rainy,19.01,0.43
Bongolava,-18.9833,46.9333,2010-05-01,2010,5,May,Dry,17.64,0.75
Bongolava,-18.9833,46.9333,2010-06-01,2010,6,June,Dry,15.1,1.41
Bongolava,-18.9833,46.9333,2010-07-01,2010,7,July,Dry,13.29,1.21
Bongolava,-18.9833,46.9333,2010-08-01,2010,8,August,Dry,14.08,1.25
Bongolava,-18.9833,46.9333,2010-09-01,2010,9,September,Dry,16.44,0.12
Bongolava,-18.9833,46.9333,2010-10-01,2010,10,October,Dry,19.97,1.87
Bongolava,-18.9833,46.9333,2010-11-01,2010,11,November,Rainy,20.12,5.06
Bongolava,-18.9833,46.9333,2010-12-01,2010,12,December,Rainy,20.64,7.14
Bongolava,-18.9833,46.9333,2011-01-01,2011,1,January,Rainy,20.46,12.6
Bongolava,-18.9833,46.9333,2011-02-01,2011,2,February,Rainy,20.14,11.22
Bongolava,-18.9833,46.9333,2011-03-01,2011,3,March,Rainy,19.28,10.24
Bongolava,-18.9833,46.9333,2011-04-01,2011,4,April,Rainy,19.11,5.95
Bongolava,-18.9833,46.9333,2011-05-01,2011,5,May,Dry,17.02,1.74
Bongolava,-18.9833,46.9333,2011-06-01,2011,6,June,Dry,15.12,0.5
Bongolava,-18.9833,46.9333,2011-07-01,2011,7,July,Dry,13.96,0.3
Bongolava,-18.9833,46.9333,2011-08-01,2011,8,August,Dry,15.42,0.6
Bongolava,-18.9833,46.9333,2011-09-01,2011,9,September,Dry,16.67,0.38
Bongolava,-18.9833,46.9333,2011-10-01,2011,10,October,Dry,18.99,5.13
Bongolava,-18.9833,46.9333,2011-11-01,2011,11,November,Rainy,20.82,5.1
Bongolava,-18.9833,46.9333,2011-12-01,2011,12,December,Rainy,21.03,8.04
Bongolava,-18.9833,46.9333,2012-01-01,2012,1,January,Rainy,19.55,12.5
Bongolava,-18.9833,46.9333,2012-02-01,2012,2,February,Rainy,20.41,15.67
Bongolava,-18.9833,46.9333,2012-03-01,2012,3,March,Rainy,19.05,7.94
Bongolava,-18.9833,46.9333,2012-04-01,2012,4,April,Rainy,18.55,10.65
Bongolava,-18.9833,46.9333,2012-05-01,2012,5,May,Dry,16.41,2.0
Bongolava,-18.9833,46.9333,2012-06-01,2012,6,June,Dry,14.45,2.04
Bongolava,-18.9833,46.9333,2012-07-01,2012,7,July,Dry,13.5,1.19
Bongolava,-18.9833,46.9333,2012-08-01,2012,8,August,Dry,14.79,0.52
Bongolava,-18.9833,46.9333,2012-09-01,2012,9,September,Dry,16.63,0.61
Bongolava,-18.9833,46.9333,2012-10-01,2012,10,October,Dry,19.3,3.15
Bongolava,-18.9833,46.9333,2012-11-01,2012,11,November,Rainy,19.94,9.1
Bongolava,-18.9833,46.9333,2012-12-01,2012,12,December,Rainy,20.42,7.61
Bongolava,-18.9833,46.9333,2013-01-01,2013,1,January,Rainy,20.51,14.17
Bongolava,-18.9833,46.9333,2013-02-01,2013,2,February,Rainy,19.82,14.7
Bongolava,-18.9833,46.9333,2013-03-01,2013,3,March,Rainy,19.42,12.67
Bongolava,-18.9833,46.9333,2013-04-01,2013,4,April,Rainy,18.36,1.18
Bongolava,-18.9833,46.9333,2013-05-01,2013,5,May,Dry,16.38,0.88
Bongolava,-18.9833,46.9333,2013-06-01,2013,6,June,Dry,13.04,0.59
Bongolava,-18.9833,46.9333,2013-07-01,2013,7,July,Dry,13.51,0.5
Bongolava,-18.9833,46.9333,2013-08-01,2013,8,August,Dry,13.94,0.51
Bongolava,-18.9833,46.9333,2013-09-01,2013,9,September,Dry,16.91,0.89
Bongolava,-18.9833,46.9333,2013-10-01,2013,10,October,Dry,19.05,4.7
Bongolava,-18.9833,46.9333,2013-11-01,2013,11,November,Rainy,20.9,6.29
Bongolava,-18.9833,46.9333,2013-12-01,2013,12,December,Rainy,20.53,15.49
Bongolava,-18.9833,46.9333,2014-01-01,2014,1,January,Rainy,19.77,15.89
Bongolava,-18.9833,46.9333,2014-02-01,2014,2,February,Rainy,19.73,10.97
Bongolava,-18.9833,46.9333,2014-03-01,2014,3,March,Rainy,19.6,3.56
Bongolava,-18.9833,46.9333,2014-04-01,2014,4,April,Rainy,17.67,1.08
Bongolava,-18.9833,46.9333,2014-05-01,2014,5,May,Dry,15.62,0.65
Bongolava,-18.9833,46.9333,2014-06-01,2014,6,June,Dry,14.14,1.11
Bongolava,-18.9833,46.9333,2014-07-01,2014,7,July,Dry,13.89,1.96
Bongolava,-18.9833,46.9333,2014-08-01,2014,8,August,Dry,15.18,0.55
Bongolava,-18.9833,46.9333,2014-09-01,2014,9,September,Dry,16.6,0.34
Bongolava,-18.9833,46.9333,2014-10-01,2014,10,October,Dry,20.03,0.74
Bongolava,-18.9833,46.9333,2014-11-01,2014,11,November,Rainy,20.75,7.63
Bongolava,-18.9833,46.9333,2014-12-01,2014,12,December,Rainy,20.97,10.71
Bongolava,-18.9833,46.9333,2015-01-01,2015,1,January,Rainy,20.15,14.76
Bongolava,-18.9833,46.9333,2015-02-01,2015,2,February,Rainy,19.08,22.37
Bongolava,-18.9833,46.9333,2015-03-01,2015,3,March,Rainy,19.22,8.02
Bongolava,-18.9833,46.9333,2015-04-01,2015,4,April,Rainy,19.02,0.29
Bongolava,-18.9833,46.9333,2015-05-01,2015,5,May,Dry,17.05,0.88
Bongolava,-18.9833,46.9333,2015-06-01,2015,6,June,Dry,15.01,0.47
Bongolava,-18.9833,46.9333,2015-07-01,2015,7,July,Dry,14.09,0.28
Bongolava,-18.9833,46.9333,2015-08-01,2015,8,August,Dry,14.72,1.06
Bongolava,-18.9833,46.9333,2015-09-01,2015,9,September,Dry,17.06,0.33
Bongolava,-18.9833,46.9333,2015-10-01,2015,10,October,Dry,19.54,1.52
Bongolava,-18.9833,46.9333,2015-11-01,2015,11,November,Rainy,21.14,3.26
Bongolava,-18.9833,46.9333,2015-12-01,2015,12,December,Rainy,21.47,12.7
Bongolava,-18.9833,46.9333,2016-01-01,2016,1,January,Rainy,20.69,11.35
Bongolava,-18.9833,46.9333,2016-02-01,2016,2,February,Rainy,20.3,10.43
Bongolava,-18.9833,46.9333,2016-03-01,2016,3,March,Rainy,20.64,12.33
Bongolava,-18.9833,46.9333,2016-04-01,2016,4,April,Rainy,19.06,0.72
Bongolava,-18.9833,46.9333,2016-05-01,2016,5,May,Dry,15.11,0.72
Bongolava,-18.9833,46.9333,2016-06-01,2016,6,June,Dry,14.02,1.34
Bongolava,-18.9833,46.9333,2016-07-01,2016,7,July,Dry,13.31,0.31
Bongolava,-18.9833,46.9333,2016-08-01,2016,8,August,Dry,15.24,0.16
Bongolava,-18.9833,46.9333,2016-09-01,2016,9,September,Dry,16.35,0.11
Bongolava,-18.9833,46.9333,2016-10-01,2016,10,October,Dry,19.63,1.15
Bongolava,-18.9833,46.9333,2016-11-01,2016,11,November,Rainy,21.09,5.89
Bongolava,-18.9833,46.9333,2016-12-01,2016,12,December,Rainy,21.43,2.46
Bongolava,-18.9833,46.9333,2017-01-01,2017,1,January,Rainy,20.63,11.05
Bongolava,-18.9833,46.9333,2017-02-01,2017,2,February,Rainy,20.6,11.81
Bongolava,-18.9833,46.9333,2017-03-01,2017,3,March,Rainy,20.31,9.63
Bongolava,-18.9833,46.9333,2017-04-01,2017,4,April,Rainy,18.4,3.23
Bongolava,-18.9833,46.9333,2017-05-01,2017,5,May,Dry,17.03,0.41
Bongolava,-18.9833,46.9333,2017-06-01,2017,6,June,Dry,15.47,0.66
Bongolava,-18.9833,46.9333,2017-07-01,2017,7,July,Dry,14.57,1.45
Bongolava,-18.9833,46.9333,2017-08-01,2017,8,August,Dry,15.75,0.9
Bongolava,-18.9833,46.9333,2017-09-01,2017,9,September,Dry,18.14,0.48
Bongolava,-18.9833,46.9333,2017-10-01,2017,10,October,Dry,20.45,1.4
Bongolava,-18.9833,46.9333,2017-11-01,2017,11,November,Rainy,20.69,10.96
Bongolava,-18.9833,46.9333,2017-12-01,2017,12,December,Rainy,20.55,16.26
Bongolava,-18.9833,46.9333,2018-01-01,2018,1,January,Rainy,20.14,16.29
Bongolava,-18.9833,46.9333,2018-02-01,2018,2,February,Rainy,20.24,14.91
Bongolava,-18.9833,46.9333,2018-03-01,2018,3,March,Rainy,19.54,3.74
Bongolava,-18.9833,46.9333,2018-04-01,2018,4,April,Rainy,18.3,3.9
Bongolava,-18.9833,46.9333,2018-05-01,2018,5,May,Dry,17.0,0.59
Bongolava,-18.9833,46.9333,2018-06-01,2018,6,June,Dry,14.69,0.26
Bongolava,-18.9833,46.9333,2018-07-01,2018,7,July,Dry,13.45,0.48
Bongolava,-18.9833,46.9333,2018-08-01,2018,8,August,Dry,15.1,0.15
Bongolava,-18.9833,46.9333,2018-09-01,2018,9,September,Dry,17.14,0.2
Bongolava,-18.9833,46.9333,2018-10-01,2018,10,October,Dry,18.79,1.46
Bongolava,-18.9833,46.9333,2018-11-01,2018,11,November,Rainy,20.88,4.99
Bongolava,-18.9833,46.9333,2018-12-01,2018,12,December,Rainy,21.33,8.06
Bongolava,-18.9833,46.9333,2019-01-01,2019,1,January,Rainy,20.74,14.94
Bongolava,-18.9833,46.9333,2019-02-01,2019,2,February,Rainy,20.69,6.58
Bongolava,-18.9833,46.9333,2019-03-01,2019,3,March,Rainy,20.4,8.25
Bongolava,-18.9833,46.9333,2019-04-01,2019,4,April,Rainy,20.11,5.13
Bongolava,-18.9833,46.9333,2019-05-01,2019,5,May,Dry,17.07,0.74
Bongolava,-18.9833,46.9333,2019-06-01,2019,6,June,Dry,14.97,1.02
Bongolava,-18.9833,46.9333,2019-07-01,2019,7,July,Dry,14.27,0.21
Bongolava,-18.9833,46.9333,2019-08-01,2019,8,August,Dry,15.36,0.14
Bongolava,-18.9833,46.9333,2019-09-01,2019,9,September,Dry,18.14,0.77
Bongolava,-18.9833,46.9333,2019-10-01,2019,10,October,Dry,20.59,1.95
Bongolava,-18.9833,46.9333,2019-11-01,2019,11,November,Rainy,21.5,11.34
Bongolava,-18.9833,46.9333,2019-12-01,2019,12,December,Rainy,21.43,9.46
Bongolava,-18.9833,46.9333,2020-01-01,2020,1,January,Rainy,20.74,14.34
Bongolava,-18.9833,46.9333,2020-02-01,2020,2,February,Rainy,20.62,11.37
Bongolava,-18.9833,46.9333,2020-03-01,2020,3,March,Rainy,20.46,5.49
Bongolava,-18.9833,46.9333,2020-04-01,2020,4,April,Rainy,18.38,11.0
Bongolava,-18.9833,46.9333,2020-05-01,2020,5,May,Dry,16.85,0.29
Bongolava,-18.9833,46.9333,2020-06-01,2020,6,June,Dry,14.68,1.33
Bongolava,-18.9833,46.9333,2020-07-01,2020,7,July,Dry,13.37,0.68
Bongolava,-18.9833,46.9333,2020-08-01,2020,8,August,Dry,15.28,0.09
Bongolava,-18.9833,46.9333,2020-09-01,2020,9,September,Dry,17.32,0.27
Bongolava,-18.9833,46.9333,2020-10-01,2020,10,October,Dry,20.23,1.29
Bongolava,-18.9833,46.9333,2020-11-01,2020,11,November,Rainy,21.71,2.37
Bongolava,-18.9833,46.9333,2020-12-01,2020,12,December,Rainy,21.07,9.42
Bongolava,-18.9833,46.9333,2021-01-01,2021,1,January,Rainy,21.52,13.54
Bongolava,-18.9833,46.9333,2021-02-01,2021,2,February,Rainy,20.5,17.1
Bongolava,-18.9833,46.9333,2021-03-01,2021,3,March,Rainy,19.71,6.01
Bongolava,-18.9833,46.9333,2021-04-01,2021,4,April,Rainy,18.69,1.86
Bongolava,-18.9833,46.9333,2021-05-01,2021,5,May,Dry,16.34,0.38
Bongolava,-18.9833,46.9333,2021-06-01,2021,6,June,Dry,14.13,0.92
Bongolava,-18.9833,46.9333,2021-07-01,2021,7,July,Dry,14.11,0.62
Bongolava,-18.9833,46.9333,2021-08-01,2021,8,August,Dry,15.84,0.3
Bongolava,-18.9833,46.9333,2021-09-01,2021,9,September,Dry,16.94,0.42
Bongolava,-18.9833,46.9333,2021-10-01,2021,10,October,Dry,19.77,1.05
Bongolava,-18.9833,46.9333,2021-11-01,2021,11,November,Rainy,22.18,4.12
Bongolava,-18.9833,46.9333,2021-12-01,2021,12,December,Rainy,21.81,7.39
Bongolava,-18.9833,46.9333,2022-01-01,2022,1,January,Rainy,20.52,11.94
Bongolava,-18.9833,46.9333,2022-02-01,2022,2,February,Rainy,20.76,9.33
Bongolava,-18.9833,46.9333,2022-03-01,2022,3,March,Rainy,20.38,7.43
Bongolava,-18.9833,46.9333,2022-04-01,2022,4,April,Rainy,18.96,1.91
Bongolava,-18.9833,46.9333,2022-05-01,2022,5,May,Dry,16.8,0.31
Bongolava,-18.9833,46.9333,2022-06-01,2022,6,June,Dry,14.27,0.49
Bongolava,-18.9833,46.9333,2022-07-01,2022,7,July,Dry,13.69,0.53
Bongolava,-18.9833,46.9333,2022-08-01,2022,8,August,Dry,15.14,0.13
Bongolava,-18.9833,46.9333,2022-09-01,2022,9,September,Dry,16.55,0.11
Bongolava,-18.9833,46.9333,2022-10-01,2022,10,October,Dry,19.69,0.9
Bongolava,-18.9833,46.9333,2022-11-01,2022,11,November,Rainy,20.47,7.67
Bongolava,-18.9833,46.9333,2022-12-01,2022,12,December,Rainy,20.43,9.33
Bongolava,-18.9833,46.9333,2023-01-01,2023,1,January,Rainy,19.96,15.71
Bongolava,-18.9833,46.9333,2023-02-01,2023,2,February,Rainy,20.02,9.45
Bongolava,-18.9833,46.9333,2023-03-01,2023,3,March,Rainy,19.78,8.42
Bongolava,-18.9833,46.9333,2023-04-01,2023,4,April,Rainy,18.78,3.07
Bongolava,-18.9833,46.9333,2023-05-01,2023,5,May,Dry,16.8,0.82
Bongolava,-18.9833,46.9333,2023-06-01,2023,6,June,Dry,14.89,0.14
Bongolava,-18.9833,46.9333,2023-07-01,2023,7,July,Dry,14.73,0.19
Bongolava,-18.9833,46.9333,2023-08-01,2023,8,August,Dry,16.34,1.08
Bongolava,-18.9833,46.9333,2023-09-01,2023,9,September,Dry,17.8,0.3
Bongolava,-18.9833,46.9333,2023-10-01,2023,10,October,Dry,21.25,4.3
Bongolava,-18.9833,46.9333,2023-11-01,2023,11,November,Rainy,20.87,7.16
Bongolava,-18.9833,46.9333,2023-12-01,2023,12,December,Rainy,21.86,4.14
Bongolava,-18.9833,46.9333,2024-01-01,2024,1,January,Rainy,21.5,15.53
Bongolava,-18.9833,46.9333,2024-02-01,2024,2,February,Rainy,20.63,16.12
Bongolava,-18.9833,46.9333,2024-03-01,2024,3,March,Rainy,20.16,5.59
Bongolava,-18.9833,46.9333,2024-04-01,2024,4,April,Rainy,19.83,2.56
Bongolava,-18.9833,46.9333,2024-05-01,2024,5,May,Dry,16.34,0.61
Bongolava,-18.9833,46.9333,2024-06-01,2024,6,June,Dry,15.48,0.37
Bongolava,-18.9833,46.9333,2024-07-01,2024,7,July,Dry,14.06,0.04
Bongolava,-18.9833,46.9333,2024-08-01,2024,8,August,Dry,15.43,0.25
Bongolava,-18.9833,46.9333,2024-09-01,2024,9,September,Dry,18.74,0.63
Bongolava,-18.9833,46.9333,2024-10-01,2024,10,October,Dry,20.01,0.84
Bongolava,-18.9833,46.9333,2024-11-01,2024,11,November,Rainy,22.79,3.55
Bongolava,-18.9833,46.9333,2024-12-01,2024,12,December,Rainy,22.72,5.07
Diana,-12.2787,49.2917,2005-01-01,2005,1,January,Rainy,26.7,5.84
Diana,-12.2787,49.2917,2005-02-01,2005,2,February,Rainy,26.72,8.91
Diana,-12.2787,49.2917,2005-03-01,2005,3,March,Rainy,26.87,3.99
Diana,-12.2787,49.2917,2005-04-01,2005,4,April,Rainy,26.81,1.61
Diana,-12.2787,49.2917,2005-05-01,2005,5,May,Dry,25.7,1.88
Diana,-12.2787,49.2917,2005-06-01,2005,6,June,Dry,24.06,0.84
Diana,-12.2787,49.2917,2005-07-01,2005,7,July,Dry,23.35,0.38
Diana,-12.2787,49.2917,2005-08-01,2005,8,August,Dry,22.88,1.05
Diana,-12.2787,49.2917,2005-09-01,2005,9,September,Dry,23.39,0.98
Diana,-12.2787,49.2917,2005-10-01,2005,10,October,Dry,24.46,0.36
Diana,-12.2787,49.2917,2005-11-01,2005,11,November,Rainy,25.97,0.7
Diana,-12.2787,49.2917,2005-12-01,2005,12,December,Rainy,26.83,3.19
Diana,-12.2787,49.2917,2006-01-01,2006,1,January,Rainy,26.05,8.29
Diana,-12.2787,49.2917,2006-02-01,2006,2,February,Rainy,25.95,9.65
Diana,-12.2787,49.2917,2006-03-01,2006,3,March,Rainy,25.94,4.42
Diana,-12.2787,49.2917,2006-04-01,2006,4,April,Rainy,25.97,1.94
Diana,-12.2787,49.2917,2006-05-01,2006,5,May,Dry,25.73,0.74
Diana,-12.2787,49.2917,2006-06-01,2006,6,June,Dry,24.17,0.83
Diana,-12.2787,49.2917,2006-07-01,2006,7,July,Dry,22.96,1.06
Diana,-12.2787,49.2917,2006-08-01,2006,8,August,Dry,23.04,0.51
Diana,-12.2787,49.2917,2006-09-01,2006,9,September,Dry,23.55,0.18
Diana,-12.2787,49.2917,2006-10-01,2006,10,October,Dry,24.49,0.89
Diana,-12.2787,49.2917,2006-11-01,2006,11,November,Rainy,25.91,2.98
Diana,-12.2787,49.2917,2006-12-01,2006,12,December,Rainy,26.09,16.28
Diana,-12.2787,49.2917,2007-01-01,2007,1,January,Rainy,26.45,4.47
Diana,-12.2787,49.2917,2007-02-01,2007,2,February,Rainy,26.37,9.35
Diana,-12.2787,49.2917,2007-03-01,2007,3,March,Rainy,25.76,7.35
Diana,-12.2787,49.2917,2007-04-01,2007,4,April,Rainy,25.22,1.9
Diana,-12.2787,49.2917,2007-05-01,2007,5,May,Dry,24.9,1.21
Diana,-12.2787,49.2917,2007-06-01,2007,6,June,Dry,23.29,0.37
Diana,-12.2787,49.2917,2007-07-01,2007,7,July,Dry,23.09,0.38
Diana,-12.2787,49.2917,2007-08-01,2007,8,August,Dry,23.31,0.24
Diana,-12.2787,49.2917,2007-09-01,2007,9,September,Dry,23.69,0.39
Diana,-12.2787,49.2917,2007-10-01,2007,10,October,Dry,24.65,0.59
Diana,-12.2787,49.2917,2007-11-01,2007,11,November,Rainy,25.81,1.05
Diana,-12.2787,49.2917,2007-12-01,2007,12,December,Rainy,26.75,3.29
Diana,-12.2787,49.2917,2008-01-01,2008,1,January,Rainy,26.02,8.98
Diana,-12.2787,49.2917,2008-02-01,2008,2,February,Rainy,25.73,7.72
Diana,-12.2787,49.2917,2008-03-01,2008,3,March,Rainy,25.74,4.24
Diana,-12.2787,49.2917,2008-04-01,2008,4,April,Rainy,25.57,1.32
Diana,-12.2787,49.2917,2008-05-01,2008,5,May,Dry,25.18,0.22
Diana,-12.2787,49.2917,2008-06-01,2008,6,June,Dry,23.63,0.25
Diana,-12.2787,49.2917,2008-07-01,2008,7,July,Dry,22.82,0.28
Diana,-12.2787,49.2917,2008-08-01,2008,8,August,Dry,23.18,0.56
Diana,-12.2787,49.2917,2008-09-01,2008,9,September,Dry,24.45,0.39
Diana,-12.2787,49.2917,2008-10-01,2008,10,October,Dry,25.4,0.86
Diana,-12.2787,49.2917,2008-11-01,2008,11,November,Rainy,26.61,1.71
Diana,-12.2787,49.2917,2008-12-01,2008,12,December,Rainy,26.58,4.48
Diana,-12.2787,49.2917,2009-01-01,2009,1,January,Rainy,26.61,5.64
Diana,-12.2787,49.2917,2009-02-01,2009,2,February,Rainy,26.54,5.6
Diana,-12.2787,49.2917,2009-03-01,2009,3,March,Rainy,26.7,5.11
Diana,-12.2787,49.2917,2009-04-01,2009,4,April,Rainy,26.35,3.29
Diana,-12.2787,49.2917,2009-05-01,2009,5,May,Dry,26.22,0.41
Diana,-12.2787,49.2917,2009-06-01,2009,6,June,Dry,24.88,0.42
Diana,-12.2787,49.2917,2009-07-01,2009,7,July,Dry,23.7,0.48
Diana,-12.2787,49.2917,2009-08-01,2009,8,August,Dry,23.5,0.56
Diana,-12.2787,49.2917,2009-09-01,2009,9,September,Dry,24.07,0.54
Diana,-12.2787,49.2917,2009-10-01,2009,10,October,Dry,25.03,0.71
Diana,-12.2787,49.2917,2009-11-01,2009,11,November,Rainy,26.51,2.29
Diana,-12.2787,49.2917,2009-12-01,2009,12,December,Rainy,27.1,2.64
Diana,-12.2787,49.2917,2010-01-01,2010,1,January,Rainy,26.63,6.47
Diana,-12.2787,49.2917,2010-02-01,2010,2,February,Rainy,27.14,4.51
Diana,-12.2787,49.2917,2010-03-01,2010,3,March,Rainy,26.7,5.06
Diana,-12.2787,49.2917,2010-04-01,2010,4,April,Rainy,26.73,2.38
Diana,-12.2787,49.2917,2010-05-01,2010,5,May,Dry,26.11,1.06
Diana,-12.2787,49.2917,2010-06-01,2010,6,June,Dry,24.96,0.69
Diana,-12.2787,49.2917,2010-07-01,2010,7,July,Dry,23.36,0.29
Diana,-12.2787,49.2917,2010-08-01,2010,8,August,Dry,23.31,0.82
Diana,-12.2787,49.2917,2010-09-01,2010,9,September,Dry,24.11,0.35
Diana,-12.2787,49.2917,2010-10-01,2010,10,October,Dry,25.21,0.55
Diana,-12.2787,49.2917,2010-11-01,2010,11,November,Rainy,26.09,0.89
Diana,-12.2787,49.2917,2010-12-01,2010,12,December,Rainy,26.79,2.04
Diana,-12.2787,49.2917,2011-01-01,2011,1,January,Rainy,26.43,6.96
Diana,-12.2787,49.2917,2011-02-01,2011,2,February,Rainy,26.12,10.1
Diana,-12.2787,49.2917,2011-03-01,2011,3,March,Rainy,25.86,6.51
Diana,-12.2787,49.2917,2011-04-01,2011,4,April,Rainy,26.05,3.58
Diana,-12.2787,49.2917,2011-05-01,2011,5,May,Dry,25.28,0.43
Diana,-12.2787,49.2917,2011-06-01,2011,6,June,Dry,24.17,0.71
Diana,-12.2787,49.2917,2011-07-01,2011,7,July,Dry,23.49,0.23
Diana,-12.2787,49.2917,2011-08-01,2011,8,August,Dry,23.64,0.24
Diana,-12.2787,49.2917,2011-09-01,2011,9,September,Dry,23.78,0.88
Diana,-12.2787,49.2917,2011-10-01,2011,10,October,Dry,25.2,0.34
Diana,-12.2787,49.2917,2011-11-01,2011,11,November,Rainy,26.65,0.77
Diana,-12.2787,49.2917,2011-12-01,2011,12,December,Rainy,27.16,3.86
Diana,-12.2787,49.2917,2012-01-01,2012,1,January,Rainy,26.24,10.65
Diana,-12.2787,49.2917,2012-02-01,2012,2,February,Rainy,26.21,8.07
Diana,-12.2787,49.2917,2012-03-01,2012,3,March,Rainy,25.66,6.63
Diana,-12.2787,49.2917,2012-04-01,2012,4,April,Rainy,25.71,4.7
Diana,-12.2787,49.2917,2012-05-01,2012,5,May,Dry,24.78,1.71
Diana,-12.2787,49.2917,2012-06-01,2012,6,June,Dry,23.33,0.87
Diana,-12.2787,49.2917,2012-07-01,2012,7,July,Dry,22.71,0.58
Diana,-12.2787,49.2917,2012-08-01,2012,8,August,Dry,23.05,0.4
Diana,-12.2787,49.2917,2012-09-01,2012,9,September,Dry,23.69,0.43
Diana,-12.2787,49.2917,2012-10-01,2012,10,October,Dry,24.93,0.31
Diana,-12.2787,49.2917,2012-11-01,2012,11,November,Rainy,26.12,1.95
Diana,-12.2787,49.2917,2012-12-01,2012,12,December,Rainy,27.16,2.97
Diana,-12.2787,49.2917,2013-01-01,2013,1,January,Rainy,26.96,7.08
Diana,-12.2787,49.2917,2013-02-01,2013,2,February,Rainy,26.57,4.76
Diana,-12.2787,49.2917,2013-03-01,2013,3,March,Rainy,26.87,2.76
Diana,-12.2787,49.2917,2013-04-01,2013,4,April,Rainy,26.64,2.56
Diana,-12.2787,49.2917,2013-05-01,2013,5,May,Dry,25.26,0.42
Diana,-12.2787,49.2917,2013-06-01,2013,6,June,Dry,23.62,0.34
Diana,-12.2787,49.2917,2013-07-01,2013,7,July,Dry,23.28,0.17
Diana,-12.2787,49.2917,2013-08-01,2013,8,August,Dry,23.19,0.27
Diana,-12.2787,49.2917,2013-09-01,2013,9,September,Dry,24.26,0.3
Diana,-12.2787,49.2917,2013-10-01,2013,10,October,Dry,25.37,0.68
Diana,-12.2787,49.2917,2013-11-01,2013,11,November,Rainy,26.7,1.33
Diana,-12.2787,49.2917,2013-12-01,2013,12,December,Rainy,27.13,5.51
Diana,-12.2787,49.2917,2014-01-01,2014,1,January,Rainy,26.09,9.8
Diana,-12.2787,49.2917,2014-02-01,2014,2,February,Rainy,25.8,9.49
Diana,-12.2787,49.2917,2014-03-01,2014,3,March,Rainy,26.02,5.16
Diana,-12.2787,49.2917,2014-04-01,2014,4,April,Rainy,25.7,1.11
Diana,-12.2787,49.2917,2014-05-01,2014,5,May,Dry,25.36,0.98
Diana,-12.2787,49.2917,2014-06-01,2014,6,June,Dry,23.97,0.79
Diana,-12.2787,49.2917,2014-07-01,2014,7,July,Dry,23.56,0.77
Diana,-12.2787,49.2917,2014-08-01,2014,8,August,Dry,23.67,0.48
Diana,-12.2787,49.2917,2014-09-01,2014,9,September,Dry,24.09,0.32
Diana,-12.2787,49.2917,2014-10-01,2014,10,October,Dry,25.87,0.35
Diana,-12.2787,49.2917,2014-11-01,2014,11,November,Rainy,26.68,1.32
Diana,-12.2787,49.2917,2014-12-01,2014,12,December,Rainy,28.0,1.94
Diana,-12.2787,49.2917,2015-01-01,2015,1,January,Rainy,26.14,10.03
Diana,-12.2787,49.2917,2015-02-01,2015,2,February,Rainy,26.26,5.24
Diana,-12.2787,49.2917,2015-03-01,2015,3,March,Rainy,26.05,4.5
Diana,-12.2787,49.2917,2015-04-01,2015,4,April,Rainy,26.67,1.27
Diana,-12.2787,49.2917,2015-05-01,2015,5,May,Dry,25.81,0.78
Diana,-12.2787,49.2917,2015-06-01,2015,6,June,Dry,24.77,0.58
Diana,-12.2787,49.2917,2015-07-01,2015,7,July,Dry,23.45,1.06
Diana,-12.2787,49.2917,2015-08-01,2015,8,August,Dry,23.44,0.62
Diana,-12.2787,49.2917,2015-09-01,2015,9,September,Dry,24.16,0.3
Diana,-12.2787,49.2917,2015-10-01,2015,10,October,Dry,25.56,1.35
Diana,-12.2787,49.2917,2015-11-01,2015,11,November,Rainy,26.25,1.46
Diana,-12.2787,49.2917,2015-12-01,2015,12,December,Rainy,27.52,4.77
Diana,-12.2787,49.2917,2016-01-01,2016,1,January,Rainy,26.69,13.01
Diana,-12.2787,49.2917,2016-02-01,2016,2,February,Rainy,26.5,8.69
Diana,-12.2787,49.2917,2016-03-01,2016,3,March,Rainy,26.91,4.48
Diana,-12.2787,49.2917,2016-04-01,2016,4,April,Rainy,26.05,4.41
Diana,-12.2787,49.2917,2016-05-01,2016,5,May,Dry,24.22,0.8
Diana,-12.2787,49.2917,2016-06-01,2016,6,June,Dry,23.2,1.27
Diana,-12.2787,49.2917,2016-07-01,2016,7,July,Dry,22.27,0.78
Diana,-12.2787,49.2917,2016-08-01,2016,8,August,Dry,22.91,0.48
Diana,-12.2787,49.2917,2016-09-01,2016,9,September,Dry,23.07,0.83
Diana,-12.2787,49.2917,2016-10-01,2016,10,October,Dry,24.8,0.66
Diana,-12.2787,49.2917,2016-11-01,2016,11,November,Rainy,25.69,1.3
Diana,-12.2787,49.2917,2016-12-01,2016,12,December,Rainy,26.8,1.78
Diana,-12.2787,49.2917,2017-01-01,2017,1,January,Rainy,26.85,3.34
Diana,-12.2787,49.2917,2017-02-01,2017,2,February,Rainy,26.44,6.51
Diana,-12.2787,49.2917,2017-03-01,2017,3,March,Rainy,26.42,14.07
Diana,-12.2787,49.2917,2017-04-01,2017,4,April,Rainy,25.99,2.08
Diana,-12.2787,49.2917,2017-05-01,2017,5,May,Dry,25.3,1.85
Diana,-12.2787,49.2917,2017-06-01,2017,6,June,Dry,24.17,1.13
Diana,-12.2787,49.2917,2017-07-01,2017,7,July,Dry,23.29,0.8
Diana,-12.2787,49.2917,2017-08-01,2017,8,August,Dry,23.41,0.91
Diana,-12.2787,49.2917,2017-09-01,2017,9,September,Dry,24.18,0.24
Diana,-12.2787,49.2917,2017-10-01,2017,10,October,Dry,25.58,0.56
Diana,-12.2787,49.2917,2017-11-01,2017,11,November,Rainy,26.69,1.47
Diana,-12.2787,49.2917,2017-12-01,2017,12,December,Rainy,26.57,7.95
Diana,-12.2787,49.2917,2018-01-01,2018,1,January,Rainy,25.73,14.75
Diana,-12.2787,49.2917,2018-02-01,2018,2,February,Rainy,26.25,5.56
Diana,-12.2787,49.2917,2018-03-01,2018,3,March,Rainy,25.97,10.88
Diana,-12.2787,49.2917,2018-04-01,2018,4,April,Rainy,25.51,3.36
Diana,-12.2787,49.2917,2018-05-01,2018,5,May,Dry,24.5,1.46
Diana,-12.2787,49.2917,2018-06-01,2018,6,June,Dry,23.39,1.13
Diana,-12.2787,49.2917,2018-07-01,2018,7,July,Dry,22.4,1.18
Diana,-12.2787,49.2917,2018-08-01,2018,8,August,Dry,22.92,0.87
Diana,-12.2787,49.2917,2018-09-01,2018,9,September,Dry,23.8,0.88
Diana,-12.2787,49.2917,2018-10-01,2018,10,October,Dry,24.89,0.38
Diana,-12.2787,49.2917,2018-11-01,2018,11,November,Rainy,26.34,2.8
Diana,-12.2787,49.2917,2018-12-01,2018,12,December,Rainy,27.33,3.2
Diana,-12.2787,49.2917,2019-01-01,2019,1,January,Rainy,26.46,11.54
Diana,-12.2787,49.2917,2019-02-01,2019,2,February,Rainy,26.22,10.94
Diana,-12.2787,49.2917,2019-03-01,2019,3,March,Rainy,26.73,4.67
Diana,-12.2787,49.2917,2019-04-01,2019,4,April,Rainy,26.69,5.5
Diana,-12.2787,49.2917,2019-05-01,2019,5,May,Dry,25.06,1.46
Diana,-12.2787,49.2917,2019-06-01,2019,6,June,Dry,23.93,0.94
Diana,-12.2787,49.2917,2019-07-01,2019,7,July,Dry,23.4,0.98
Diana,-12.2787,49.2917,2019-08-01,2019,8,August,Dry,23.37,0.69
Diana,-12.2787,49.2917,2019-09-01,2019,9,September,Dry,24.31,0.72
Diana,-12.2787,49.2917,2019-10-01,2019,10,October,Dry,25.64,1.02
Diana,-12.2787,49.2917,2019-11-01,2019,11,November,Rainy,26.85,2.94
Diana,-12.2787,49.2917,2019-12-01,2019,12,December,Rainy,27.23,7.95
Diana,-12.2787,49.2917,2020-01-01,2020,1,January,Rainy,26.68,13.7
Diana,-12.2787,49.2917,2020-02-01,2020,2,February,Rainy,26.8,6.05
Diana,-12.2787,49.2917,2020-03-01,2020,3,March,Rainy,26.67,9.94
Diana,-12.2787,49.2917,2020-04-01,2020,4,April,Rainy,25.84,2.59
Diana,-12.2787,49.2917,2020-05-01,2020,5,May,Dry,24.77,1.6
Diana,-12.2787,49.2917,2020-06-01,2020,6,June,Dry,23.43,2.62
Diana,-12.2787,49.2917,2020-07-01,2020,7,July,Dry,22.59,1.15
Diana,-12.2787,49.2917,2020-08-01,2020,8,August,Dry,22.84,0.71
Diana,-12.2787,49.2917,2020-09-01,2020,9,September,Dry,23.59,0.85
Diana,-12.2787,49.2917,2020-10-01,2020,10,October,Dry,25.49,0.89
Diana,-12.2787,49.2917,2020-11-01,2020,11,November,Rainy,25.81,2.5
Diana,-12.2787,49.2917,2020-12-01,2020,12,December,Rainy,27.09,3.71
Diana,-12.2787,49.2917,2021-01-01,2021,1,January,Rainy,26.54,7.2
Diana,-12.2787,49.2917,2021-02-01,2021,2,February,Rainy,26.87,5.19
Diana,-12.2787,49.2917,2021-03-01,2021,3,March,Rainy,26.48,4.14
Diana,-12.2787,49.2917,2021-04-01,2021,4,April,Rainy,26.2,3.92
Diana,-12.2787,49.2917,2021-05-01,2021,5,May,Dry,25.49,0.72
Diana,-12.2787,49.2917,2021-06-01,2021,6,June,Dry,24.08,0.54
Diana,-12.2787,49.2917,2021-07-01,2021,7,July,Dry,22.92,0.85
Diana,-12.2787,49.2917,2021-08-01,2021,8,August,Dry,23.24,0.59
Diana,-12.2787,49.2917,2021-09-01,2021,9,September,Dry,23.9,0.62
Diana,-12.2787,49.2917,2021-10-01,2021,10,October,Dry,25.25,1.02
Diana,-12.2787,49.2917,2021-11-01,2021,11,November,Rainy,26.7,0.78
Diana,-12.2787,49.2917,2021-12-01,2021,12,December,Rainy,27.35,2.02
Diana,-12.2787,49.2917,2022-01-01,2022,1,January,Rainy,26.51,12.62
Diana,-12.2787,49.2917,2022-02-01,2022,2,February,Rainy,26.47,9.6
Diana,-12.2787,49.2917,2022-03-01,2022,3,March,Rainy,26.07,6.7
Diana,-12.2787,49.2917,2022-04-01,2022,4,April,Rainy,25.81,4.44
Diana,-12.2787,49.2917,2022-05-01,2022,5,May,Dry,24.66,0.88
Diana,-12.2787,49.2917,2022-06-01,2022,6,June,Dry,23.31,1.05
Diana,-12.2787,49.2917,2022-07-01,2022,7,July,Dry,22.21,1.25
Diana,-12.2787,49.2917,2022-08-01,2022,8,August,Dry,22.31,0.56
Diana,-12.2787,49.2917,2022-09-01,2022,9,September,Dry,22.98,1.51
Diana,-12.2787,49.2917,2022-10-01,2022,10,October,Dry,23.77,0.41
Diana,-12.2787,49.2917,2022-11-01,2022,11,November,Rainy,25.63,0.88
Diana,-12.2787,49.2917,2022-12-01,2022,12,December,Rainy,26.66,2.12
Diana,-12.2787,49.2917,2023-01-01,2023,1,January,Rainy,26.56,5.58
Diana,-12.2787,49.2917,2023-02-01,2023,2,February,Rainy,26.5,5.58
Diana,-12.2787,49.2917,2023-03-01,2023,3,March,Rainy,26.94,4.79
Diana,-12.2787,49.2917,2023-04-01,2023,4,April,Rainy,26.81,2.34
Diana,-12.2787,49.2917,2023-05-01,2023,5,May,Dry,26.22,1.07
Diana,-12.2787,49.2917,2023-06-01,2023,6,June,Dry,24.22,1.19
Diana,-12.2787,49.2917,2023-07-01,2023,7,July,Dry,23.59,1.03
Diana,-12.2787,49.2917,2023-08-01,2023,8,August,Dry,24.18,0.5
Diana,-12.2787,49.2917,2023-09-01,2023,9,September,Dry,24.56,0.74
Diana,-12.2787,49.2917,2023-10-01,2023,10,October,Dry,26.14,0.57
Diana,-12.2787,49.2917,2023-11-01,2023,11,November,Rainy,27.32,1.35
Diana,-12.2787,49.2917,2023-12-01,2023,12,December,Rainy,28.1,2.52
Diana,-12.2787,49.2917,2024-01-01,2024,1,January,Rainy,27.15,14.76
Diana,-12.2787,49.2917,2024-02-01,2024,2,February,Rainy,27.22,7.61
Diana,-12.2787,49.2917,2024-03-01,2024,3,March,Rainy,26.8,15.69
Diana,-12.2787,49.2917,2024-04-01,2024,4,April,Rainy,26.75,4.7
Diana,-12.2787,49.2917,2024-05-01,2024,5,May,Dry,25.13,4.41
Diana,-12.2787,49.2917,2024-06-01,2024,6,June,Dry,23.81,0.6
Diana,-12.2787,49.2917,2024-07-01,2024,7,July,Dry,23.21,0.39
Diana,-12.2787,49.2917,2024-08-01,2024,8,August,Dry,23.17,0.34
Diana,-12.2787,49.2917,2024-09-01,2024,9,September,Dry,24.35,0.48
Diana,-12.2787,49.2917,2024-10-01,2024,10,October,Dry,25.72,0.17
Diana,-12.2787,49.2917,2024-11-01,2024,11,November,Rainy,27.08,1.24
Diana,-12.2787,49.2917,2024-12-01,2024,12,December,Rainy,27.36,2.27
Fitovinany,-23.35,47.6,2005-01-01,2005,1,January,Rainy,25.53,11.92
Fitovinany,-23.35,47.6,2005-02-01,2005,2,February,Rainy,25.2,13.74
Fitovinany,-23.35,47.6,2005-03-01,2005,3,March,Rainy,24.73,16.98
Fitovinany,-23.35,47.6,2005-04-01,2005,4,April,Rainy,23.19,7.8
Fitovinany,-23.35,47.6,2005-05-01,2005,5,May,Dry,21.52,5.57
Fitovinany,-23.35,47.6,2005-06-01,2005,6,June,Dry,20.44,3.66
Fitovinany,-23.35,47.6,2005-07-01,2005,7,July,Dry,18.79,4.79
Fitovinany,-23.35,47.6,2005-08-01,2005,8,August,Dry,19.6,1.47
Fitovinany,-23.35,47.6,2005-09-01,2005,9,September,Dry,20.58,1.35
Fitovinany,-23.35,47.6,2005-10-01,2005,10,October,Dry,21.77,0.77
Fitovinany,-23.35,47.6,2005-11-01,2005,11,November,Rainy,23.48,2.85
Fitovinany,-23.35,47.6,2005-12-01,2005,12,December,Rainy,24.64,10.54
Fitovinany,-23.35,47.6,2006-01-01,2006,1,January,Rainy,25.38,3.17
Fitovinany,-23.35,47.6,2006-02-01,2006,2,February,Rainy,25.86,2.22
Fitovinany,-23.35,47.6,2006-03-01,2006,3,March,Rainy,25.71,4.77
Fitovinany,-23.35,47.6,2006-04-01,2006,4,April,Rainy,23.85,5.19
Fitovinany,-23.35,47.6,2006-05-01,2006,5,May,Dry,22.43,1.67
Fitovinany,-23.35,47.6,2006-06-01,2006,6,June,Dry,21.09,1.16
Fitovinany,-23.35,47.6,2006-07-01,2006,7,July,Dry,20.27,1.3
Fitovinany,-23.35,47.6,2006-08-01,2006,8,August,Dry,20.58,3.15
Fitovinany,-23.35,47.6,2006-09-01,2006,9,September,Dry,20.32,3.46
Fitovinany,-23.35,47.6,2006-10-01,2006,10,October,Dry,22.34,0.88
Fitovinany,-23.35,47.6,2006-11-01,2006,11,November,Rainy,24.18,5.53
Fitovinany,-23.35,47.6,2006-12-01,2006,12,December,Rainy,25.09,9.92
Fitovinany,-23.35,47.6,2007-01-01,2007,1,January,Rainy,24.95,13.28
Fitovinany,-23.35,47.6,2007-02-01,2007,2,February,Rainy,25.71,13.47
Fitovinany,-23.35,47.6,2007-03-01,2007,3,March,Rainy,25.12,3.35
Fitovinany,-23.35,47.6,2007-04-01,2007,4,April,Rainy,23.99,4.61
Fitovinany,-23.35,47.6,2007-05-01,2007,5,May,Dry,21.94,2.67
Fitovinany,-23.35,47.6,2007-06-01,2007,6,June,Dry,19.91,1.8
Fitovinany,-23.35,47.6,2007-07-01,2007,7,July,Dry,19.81,0.95
Fitovinany,-23.35,47.6,2007-08-01,2007,8,August,Dry,19.89,0.9
Fitovinany,-23.35,47.6,2007-09-01,2007,9,September,Dry,20.76,1.65
Fitovinany,-23.35,47.6,2007-10-01,2007,10,October,Dry,21.75,1.9
Fitovinany,-23.35,47.6,2007-11-01,2007,11,November,Rainy,23.83,4.09
Fitovinany,-23.35,47.6,2007-12-01,2007,12,December,Rainy,25.44,5.62
Fitovinany,-23.35,47.6,2008-01-01,2008,1,January,Rainy,25.64,5.48
Fitovinany,-23.35,47.6,2008-02-01,2008,2,February,Rainy,24.89,15.76
Fitovinany,-23.35,47.6,2008-03-01,2008,3,March,Rainy,24.1,2.48
Fitovinany,-23.35,47.6,2008-04-01,2008,4,April,Rainy,23.72,0.67
Fitovinany,-23.35,47.6,2008-05-01,2008,5,May,Dry,21.12,3.19
Fitovinany,-23.35,47.6,2008-06-01,2008,6,June,Dry,20.04,1.36
Fitovinany,-23.35,47.6,2008-07-01,2008,7,July,Dry,19.34,5.0
Fitovinany,-23.35,47.6,2008-08-01,2008,8,August,Dry,19.35,1.31
Fitovinany,-23.35,47.6,2008-09-01,2008,9,September,Dry,21.77,1.1
Fitovinany,-23.35,47.6,2008-10-01,2008,10,October,Dry,23.28,3.55
Fitovinany,-23.35,47.6,2008-11-01,2008,11,November,Rainy,23.43,4.97
Fitovinany,-23.35,47.6,2008-12-01,2008,12,December,Rainy,25.78,3.26
Fitovinany,-23.35,47.6,2009-01-01,2009,1,January,Rainy,26.06,8.8
Fitovinany,-23.35,47.6,2009-02-01,2009,2,February,Rainy,25.52,4.43
Fitovinany,-23.35,47.6,2009-03-01,2009,3,March,Rainy,25.52,6.73
Fitovinany,-23.35,47.6,2009-04-01,2009,4,April,Rainy,22.72,3.63
Fitovinany,-23.35,47.6,2009-05-01,2009,5,May,Dry,22.1,3.32
Fitovinany,-23.35,47.6,2009-06-01,2009,6,June,Dry,21.28,0.74
Fitovinany,-23.35,47.6,2009-07-01,2009,7,July,Dry,19.52,2.27
Fitovinany,-23.35,47.6,2009-08-01,2009,8,August,Dry,20.0,2.82
Fitovinany,-23.35,47.6,2009-09-01,2009,9,September,Dry,21.48,2.84
Fitovinany,-23.35,47.6,2009-10-01,2009,10,October,Dry,22.65,4.41
Fitovinany,-23.35,47.6,2009-11-01,2009,11,November,Rainy,22.87,7.81
Fitovinany,-23.35,47.6,2009-12-01,2009,12,December,Rainy,25.14,4.97
Fitovinany,-23.35,47.6,2010-01-01,2010,1,January,Rainy,25.14,6.4
Fitovinany,-23.35,47.6,2010-02-01,2010,2,February,Rainy,25.26,2.58
Fitovinany,-23.35,47.6,2010-03-01,2010,3,March,Rainy,24.96,16.14
Fitovinany,-23.35,47.6,2010-04-01,2010,4,April,Rainy,23.92,2.52
Fitovinany,-23.35,47.6,2010-05-01,2010,5,May,Dry,22.89,3.52
Fitovinany,-23.35,47.6,2010-06-01,2010,6,June,Dry,21.01,1.71
Fitovinany,-23.35,47.6,2010-07-01,2010,7,July,Dry,19.66,2.73
Fitovinany,-23.35,47.6,2010-08-01,2010,8,August,Dry,19.92,3.21
Fitovinany,-23.35,47.6,2010-09-01,2010,9,September,Dry,20.7,0.65
Fitovinany,-23.35,47.6,2010-10-01,2010,10,October,Dry,22.96,3.09
Fitovinany,-23.35,47.6,2010-11-01,2010,11,November,Rainy,24.33,1.5
Fitovinany,-23.35,47.6,2010-12-01,2010,12,December,Rainy,25.07,9.18
Fitovinany,-23.35,47.6,2011-01-01,2011,1,January,Rainy,25.3,8.89
Fitovinany,-23.35,47.6,2011-02-01,2011,2,February,Rainy,25.1,14.41
Fitovinany,-23.35,47.6,2011-03-01,2011,3,March,Rainy,24.97,6.57
Fitovinany,-23.35,47.6,2011-04-01,2011,4,April,Rainy,24.35,8.41
Fitovinany,-23.35,47.6,2011-05-01,2011,5,May,Dry,22.17,4.99
Fitovinany,-23.35,47.6,2011-06-01,2011,6,June,Dry,21.06,1.45
Fitovinany,-23.35,47.6,2011-07-01,2011,7,July,Dry,19.53,0.82
Fitovinany,-23.35,47.6,2011-08-01,2011,8,August,Dry,20.47,3.56
Fitovinany,-23.35,47.6,2011-09-01,2011,9,September,Dry,21.21,0.21
Fitovinany,-23.35,47.6,2011-10-01,2011,10,October,Dry,22.68,1.3
Fitovinany,-23.35,47.6,2011-11-01,2011,11,November,Rainy,24.09,3.7
Fitovinany,-23.35,47.6,2011-12-01,2011,12,December,Rainy,25.02,5.34
Fitovinany,-23.35,47.6,2012-01-01,2012,1,January,Rainy,24.7,15.3
Fitovinany,-23.35,47.6,2012-02-01,2012,2,February,Rainy,25.61,6.41
Fitovinany,-23.35,47.6,2012-03-01,2012,3,March,Rainy,24.53,7.73
Fitovinany,-23.35,47.6,2012-04-01,2012,4,April,Rainy,23.62,5.2
Fitovinany,-23.35,47.6,2012-05-01,2012,5,May,Dry,22.17,0.84
Fitovinany,-23.35,47.6,2012-06-01,2012,6,June,Dry,20.96,0.44
Fitovinany,-23.35,47.6,2012-07-01,2012,7,July,Dry,20.19,0.1
Fitovinany,-23.35,47.6,2012-08-01,2012,8,August,Dry,20.91,0.4
Fitovinany,-23.35,47.6,2012-09-01,2012,9,September,Dry,21.28,3.84
Fitovinany,-23.35,47.6,2012-10-01,2012,10,October,Dry,23.05,5.88
Fitovinany,-23.35,47.6,2012-11-01,2012,11,November,Rainy,23.01,8.36
Fitovinany,-23.35,47.6,2012-12-01,2012,12,December,Rainy,24.35,4.96
Fitovinany,-23.35,47.6,2013-01-01,2013,1,January,Rainy,25.59,6.02
Fitovinany,-23.35,47.6,2013-02-01,2013,2,February,Rainy,24.65,26.16
Fitovinany,-23.35,47.6,2013-03-01,2013,3,March,Rainy,23.83,5.5
Fitovinany,-23.35,47.6,2013-04-01,2013,4,April,Rainy,22.92,3.58
Fitovinany,-23.35,47.6,2013-05-01,2013,5,May,Dry,21.05,4.58
Fitovinany,-23.35,47.6,2013-06-01,2013,6,June,Dry,19.39,3.13
Fitovinany,-23.35,47.6,2013-07-01,2013,7,July,Dry,18.66,2.73
Fitovinany,-23.35,47.6,2013-08-01,2013,8,August,Dry,19.21,3.56
Fitovinany,-23.35,47.6,2013-09-01,2013,9,September,Dry,21.16,0.88
Fitovinany,-23.35,47.6,2013-10-01,2013,10,October,Dry,21.7,6.53
Fitovinany,-23.35,47.6,2013-11-01,2013,11,November,Rainy,24.23,7.14
Fitovinany,-23.35,47.6,2013-12-01,2013,12,December,Rainy,24.32,6.97
Fitovinany,-23.35,47.6,2014-01-01,2014,1,January,Rainy,25.47,12.97
Fitovinany,-23.35,47.6,2014-02-01,2014,2,February,Rainy,25.18,5.57
Fitovinany,-23.35,47.6,2014-03-01,2014,3,March,Rainy,24.85,4.3
Fitovinany,-23.35,47.6,2014-04-01,2014,4,April,Rainy,23.31,2.86
Fitovinany,-23.35,47.6,2014-05-01,2014,5,May,Dry,21.42,1.63
Fitovinany,-23.35,47.6,2014-06-01,2014,6,June,Dry,20.43,1.14
Fitovinany,-23.35,47.6,2014-07-01,2014,7,July,Dry,19.66,3.11
Fitovinany,-23.35,47.6,2014-08-01,2014,8,August,Dry,20.03,3.72
Fitovinany,-23.35,47.6,2014-09-01,2014,9,September,Dry,20.98,2.77
Fitovinany,-23.35,47.6,2014-10-01,2014,10,October,Dry,22.72,5.57
Fitovinany,-23.35,47.6,2014-11-01,2014,11,November,Rainy,23.6,6.71
Fitovinany,-23.35,47.6,2014-12-01,2014,12,December,Rainy,25.1,12.17
Fitovinany,-23.35,47.6,2015-01-01,2015,1,January,Rainy,24.89,21.07
Fitovinany,-23.35,47.6,2015-02-01,2015,2,February,Rainy,24.6,16.89
Fitovinany,-23.35,47.6,2015-03-01,2015,3,March,Rainy,24.0,12.4
Fitovinany,-23.35,47.6,2015-04-01,2015,4,April,Rainy,23.41,4.38
Fitovinany,-23.35,47.6,2015-05-01,2015,5,May,Dry,22.01,2.98
Fitovinany,-23.35,47.6,2015-06-01,2015,6,June,Dry,20.14,1.94
Fitovinany,-23.35,47.6,2015-07-01,2015,7,July,Dry,19.47,2.3
Fitovinany,-23.35,47.6,2015-08-01,2015,8,August,Dry,19.77,0.82
Fitovinany,-23.35,47.6,2015-09-01,2015,9,September,Dry,20.31,1.11
Fitovinany,-23.35,47.6,2015-10-01,2015,10,October,Dry,22.63,4.71
Fitovinany,-23.35,47.6,2015-11-01,2015,11,November,Rainy,23.24,7.66
Fitovinany,-23.35,47.6,2015-12-01,2015,12,December,Rainy,25.08,10.59
Fitovinany,-23.35,47.6,2016-01-01,2016,1,January,Rainy,24.9,5.2
Fitovinany,-23.35,47.6,2016-02-01,2016,2,February,Rainy,25.55,5.69
Fitovinany,-23.35,47.6,2016-03-01,2016,3,March,Rainy,24.84,7.61
Fitovinany,-23.35,47.6,2016-04-01,2016,4,April,Rainy,23.88,1.26
Fitovinany,-23.35,47.6,2016-05-01,2016,5,May,Dry,21.11,3.75
Fitovinany,-23.35,47.6,2016-06-01,2016,6,June,Dry,19.72,4.21
Fitovinany,-23.35,47.6,2016-07-01,2016,7,July,Dry,19.41,2.1
Fitovinany,-23.35,47.6,2016-08-01,2016,8,August,Dry,20.15,0.55
Fitovinany,-23.35,47.6,2016-09-01,2016,9,September,Dry,20.86,0.73
Fitovinany,-23.35,47.6,2016-10-01,2016,10,October,Dry,23.08,2.65
Fitovinany,-23.35,47.6,2016-11-01,2016,11,November,Rainy,23.73,5.65
Fitovinany,-23.35,47.6,2016-12-01,2016,12,December,Rainy,25.24,2.93
Fitovinany,-23.35,47.6,2017-01-01,2017,1,January,Rainy,26.06,4.84
Fitovinany,-23.35,47.6,2017-02-01,2017,2,February,Rainy,25.77,11.34
Fitovinany,-23.35,47.6,2017-03-01,2017,3,March,Rainy,25.17,11.8
Fitovinany,-23.35,47.6,2017-04-01,2017,4,April,Rainy,23.83,2.41
Fitovinany,-23.35,47.6,2017-05-01,2017,5,May,Dry,22.61,1.64
Fitovinany,-23.35,47.6,2017-06-01,2017,6,June,Dry,21.32,2.61
Fitovinany,-23.35,47.6,2017-07-01,2017,7,July,Dry,20.34,2.55
Fitovinany,-23.35,47.6,2017-08-01,2017,8,August,Dry,20.23,5.22
Fitovinany,-23.35,47.6,2017-09-01,2017,9,September,Dry,21.08,0.98
Fitovinany,-23.35,47.6,2017-10-01,2017,10,October,Dry,23.2,0.84
Fitovinany,-23.35,47.6,2017-11-01,2017,11,November,Rainy,23.13,8.72
Fitovinany,-23.35,47.6,2017-12-01,2017,12,December,Rainy,24.9,11.99
Fitovinany,-23.35,47.6,2018-01-01,2018,1,January,Rainy,24.71,9.38
Fitovinany,-23.35,47.6,2018-02-01,2018,2,February,Rainy,24.93,8.67
Fitovinany,-23.35,47.6,2018-03-01,2018,3,March,Rainy,24.89,5.43
Fitovinany,-23.35,47.6,2018-04-01,2018,4,April,Rainy,23.12,8.81
Fitovinany,-23.35,47.6,2018-05-01,2018,5,May,Dry,22.27,2.36
Fitovinany,-23.35,47.6,2018-06-01,2018,6,June,Dry,20.78,0.74
Fitovinany,-23.35,47.6,2018-07-01,2018,7,July,Dry,19.66,4.78
Fitovinany,-23.35,47.6,2018-08-01,2018,8,August,Dry,20.72,0.18
Fitovinany,-23.35,47.6,2018-09-01,2018,9,September,Dry,21.95,0.54
Fitovinany,-23.35,47.6,2018-10-01,2018,10,October,Dry,21.91,3.09
Fitovinany,-23.35,47.6,2018-11-01,2018,11,November,Rainy,23.42,8.46
Fitovinany,-23.35,47.6,2018-12-01,2018,12,December,Rainy,25.06,6.73
Fitovinany,-23.35,47.6,2019-01-01,2019,1,January,Rainy,25.84,10.75
Fitovinany,-23.35,47.6,2019-02-01,2019,2,February,Rainy,25.21,6.84
Fitovinany,-23.35,47.6,2019-03-01,2019,3,March,Rainy,25.01,6.78
Fitovinany,-23.35,47.6,2019-04-01,2019,4,April,Rainy,24.93,5.89
Fitovinany,-23.35,47.6,2019-05-01,2019,5,May,Dry,22.19,3.6
Fitovinany,-23.35,47.6,2019-06-01,2019,6,June,Dry,20.78,5.5
Fitovinany,-23.35,47.6,2019-07-01,2019,7,July,Dry,19.77,1.64
Fitovinany,-23.35,47.6,2019-08-01,2019,8,August,Dry,20.51,1.3
Fitovinany,-23.35,47.6,2019-09-01,2019,9,September,Dry,21.22,4.73
Fitovinany,-23.35,47.6,2019-10-01,2019,10,October,Dry,23.58,3.72
Fitovinany,-23.35,47.6,2019-11-01,2019,11,November,Rainy,24.29,7.92
Fitovinany,-23.35,47.6,2019-12-01,2019,12,December,Rainy,25.5,9.23
Fitovinany,-23.35,47.6,2020-01-01,2020,1,January,Rainy,25.23,9.49
Fitovinany,-23.35,47.6,2020-02-01,2020,2,February,Rainy,24.99,6.43
Fitovinany,-23.35,47.6,2020-03-01,2020,3,March,Rainy,24.01,16.39
Fitovinany,-23.35,47.6,2020-04-01,2020,4,April,Rainy,23.02,23.8
Fitovinany,-23.35,47.6,2020-05-01,2020,5,May,Dry,21.26,8.92
Fitovinany,-23.35,47.6,2020-06-01,2020,6,June,Dry,20.03,9.67
Fitovinany,-23.35,47.6,2020-07-01,2020,7,July,Dry,19.07,3.38
Fitovinany,-23.35,47.6,2020-08-01,2020,8,August,Dry,19.72,0.7
Fitovinany,-23.35,47.6,2020-09-01,2020,9,September,Dry,20.49,3.67
Fitovinany,-23.35,47.6,2020-10-01,2020,10,October,Dry,21.77,4.3
Fitovinany,-23.35,47.6,2020-11-01,2020,11,November,Rainy,23.35,1.47
Fitovinany,-23.35,47.6,2020-12-01,2020,12,December,Rainy,24.6,7.95
Fitovinany,-23.35,47.6,2021-01-01,2021,1,January,Rainy,26.35,4.47
Fitovinany,-23.35,47.6,2021-02-01,2021,2,February,Rainy,25.9,7.52
Fitovinany,-23.35,47.6,2021-03-01,2021,3,March,Rainy,24.87,10.88
Fitovinany,-23.35,47.6,2021-04-01,2021,4,April,Rainy,23.45,2.4
Fitovinany,-23.35,47.6,2021-05-01,2021,5,May,Dry,21.92,2.82
Fitovinany,-23.35,47.6,2021-06-01,2021,6,June,Dry,20.11,6.17
Fitovinany,-23.35,47.6,2021-07-01,2021,7,July,Dry,19.72,6.85
Fitovinany,-23.35,47.6,2021-08-01,2021,8,August,Dry,19.94,5.84
Fitovinany,-23.35,47.6,2021-09-01,2021,9,September,Dry,20.95,3.64
Fitovinany,-23.35,47.6,2021-10-01,2021,10,October,Dry,22.18,1.03
Fitovinany,-23.35,47.6,2021-11-01,2021,11,November,Rainy,24.39,1.59
Fitovinany,-23.35,47.6,2021-12-01,2021,12,December,Rainy,25.1,10.96
Fitovinany,-23.35,47.6,2022-01-01,2022,1,January,Rainy,24.71,12.36
Fitovinany,-23.35,47.6,2022-02-01,2022,2,February,Rainy,25.24,13.07
Fitovinany,-23.35,47.6,2022-03-01,2022,3,March,Rainy,24.67,11.64
Fitovinany,-23.35,47.6,2022-04-01,2022,4,April,Rainy,23.71,13.06
Fitovinany,-23.35,47.6,2022-05-01,2022,5,May,Dry,21.55,4.85
Fitovinany,-23.35,47.6,2022-06-01,2022,6,June,Dry,19.55,6.86
Fitovinany,-23.35,47.6,2022-07-01,2022,7,July,Dry,19.64,3.23
Fitovinany,-23.35,47.6,2022-08-01,2022,8,August,Dry,20.04,3.89
Fitovinany,-23.35,47.6,2022-09-01,2022,9,September,Dry,20.49,2.45
Fitovinany,-23.35,47.6,2022-10-01,2022,10,October,Dry,22.19,1.57
Fitovinany,-23.35,47.6,2022-11-01,2022,11,November,Rainy,23.81,3.26
Fitovinany,-23.35,47.6,2022-12-01,2022,12,December,Rainy,24.56,9.83
Fitovinany,-23.35,47.6,2023-01-01,2023,1,January,Rainy,25.17,16.39
Fitovinany,-23.35,47.6,2023-02-01,2023,2,February,Rainy,25.06,12.35
Fitovinany,-23.35,47.6,2023-03-01,2023,3,March,Rainy,24.42,27.24
Fitovinany,-23.35,47.6,2023-04-01,2023,4,April,Rainy,23.67,7.32
Fitovinany,-23.35,47.6,2023-05-01,2023,5,May,Dry,21.92,6.42
Fitovinany,-23.35,47.6,2023-06-01,2023,6,June,Dry,20.37,1.76
Fitovinany,-23.35,47.6,2023-07-01,2023,7,July,Dry,19.7,3.73
Fitovinany,-23.35,47.6,2023-08-01,2023,8,August,Dry,20.4,6.8
Fitovinany,-23.35,47.6,2023-09-01,2023,9,September,Dry,21.97,1.09
Fitovinany,-23.35,47.6,2023-10-01,2023,10,October,Dry,23.29,2.5
Fitovinany,-23.35,47.6,2023-11-01,2023,11,November,Rainy,23.52,3.51
Fitovinany,-23.35,47.6,2023-12-01,2023,12,December,Rainy,25.32,7.5
Fitovinany,-23.35,47.6,2024-01-01,2024,1,January,Rainy,25.35,16.44
Fitovinany,-23.35,47.6,2024-02-01,2024,2,February,Rainy,24.92,13.64
Fitovinany,-23.35,47.6,2024-03-01,2024,3,March,Rainy,24.87,19.2
Fitovinany,-23.35,47.6,2024-04-01,2024,4,April,Rainy,23.5,21.71
Fitovinany,-23.35,47.6,2024-05-01,2024,5,May,Dry,21.89,8.73
Fitovinany,-23.35,47.6,2024-06-01,2024,6,June,Dry,20.39,3.92
Fitovinany,-23.35,47.6,2024-07-01,2024,7,July,Dry,20.12,1.05
Fitovinany,-23.35,47.6,2024-08-01,2024,8,August,Dry,20.2,2.15
Fitovinany,-23.35,47.6,2024-09-01,2024,9,September,Dry,21.57,3.62
Fitovinany,-23.35,47.6,2024-10-01,2024,10,October,Dry,22.43,0.85
Fitovinany,-23.35,47.6,2024-11-01,2024,11,November,Rainy,25.33,0.98
Fitovinany,-23.35,47.6,2024-12-01,2024,12,December,Rainy,26.19,1.33
Haute Matsiatra,-21.452,47.0857,2005-01-01,2005,1,January,Rainy,21.24,9.86
Haute Matsiatra,-21.452,47.0857,2005-02-01,2005,2,February,Rainy,20.95,9.37
Haute Matsiatra,-21.452,47.0857,2005-03-01,2005,3,March,Rainy,20.06,7.72
Haute Matsiatra,-21.452,47.0857,2005-04-01,2005,4,April,Rainy,18.52,4.08
Haute Matsiatra,-21.452,47.0857,2005-05-01,2005,5,May,Dry,16.48,5.17
Haute Matsiatra,-21.452,47.0857,2005-06-01,2005,6,June,Dry,14.78,2.84
Haute Matsiatra,-21.452,47.0857,2005-07-01,2005,7,July,Dry,13.25,4.42
Haute Matsiatra,-21.452,47.0857,2005-08-01,2005,8,August,Dry,13.63,1.51
Haute Matsiatra,-21.452,47.0857,2005-09-01,2005,9,September,Dry,15.16,1.8
Haute Matsiatra,-21.452,47.0857,2005-10-01,2005,10,October,Dry,17.5,0.89
Haute Matsiatra,-21.452,47.0857,2005-11-01,2005,11,November,Rainy,19.76,4.85
Haute Matsiatra,-21.452,47.0857,2005-12-01,2005,12,December,Rainy,21.32,15.71
Haute Matsiatra,-21.452,47.0857,2006-01-01,2006,1,January,Rainy,20.44,5.07
Haute Matsiatra,-21.452,47.0857,2006-02-01,2006,2,February,Rainy,20.33,4.78
Haute Matsiatra,-21.452,47.0857,2006-03-01,2006,3,March,Rainy,20.34,7.43
Haute Matsiatra,-21.452,47.0857,2006-04-01,2006,4,April,Rainy,18.86,3.27
Haute Matsiatra,-21.452,47.0857,2006-05-01,2006,5,May,Dry,16.65,1.1
Haute Matsiatra,-21.452,47.0857,2006-06-01,2006,6,June,Dry,15.13,1.58
Haute Matsiatra,-21.452,47.0857,2006-07-01,2006,7,July,Dry,13.9,2.92
Haute Matsiatra,-21.452,47.0857,2006-08-01,2006,8,August,Dry,14.51,0.94
Haute Matsiatra,-21.452,47.0857,2006-09-01,2006,9,September,Dry,15.43,1.0
Haute Matsiatra,-21.452,47.0857,2006-10-01,2006,10,October,Dry,17.87,0.99
Haute Matsiatra,-21.452,47.0857,2006-11-01,2006,11,November,Rainy,20.63,8.09
Haute Matsiatra,-21.452,47.0857,2006-12-01,2006,12,December,Rainy,20.77,12.58
Haute Matsiatra,-21.452,47.0857,2007-01-01,2007,1,January,Rainy,20.54,21.2
Haute Matsiatra,-21.452,47.0857,2007-02-01,2007,2,February,Rainy,20.7,14.75
Haute Matsiatra,-21.452,47.0857,2007-03-01,2007,3,March,Rainy,19.94,4.24
Haute Matsiatra,-21.452,47.0857,2007-04-01,2007,4,April,Rainy,18.93,4.48
Haute Matsiatra,-21.452,47.0857,2007-05-01,2007,5,May,Dry,17.12,1.64
Haute Matsiatra,-21.452,47.0857,2007-06-01,2007,6,June,Dry,13.87,0.48
Haute Matsiatra,-21.452,47.0857,2007-07-01,2007,7,July,Dry,13.76,0.39
Haute Matsiatra,-21.452,47.0857,2007-08-01,2007,8,August,Dry,14.2,0.2
Haute Matsiatra,-21.452,47.0857,2007-09-01,2007,9,September,Dry,15.95,1.47
Haute Matsiatra,-21.452,47.0857,2007-10-01,2007,10,October,Dry,17.76,1.51
Haute Matsiatra,-21.452,47.0857,2007-11-01,2007,11,November,Rainy,20.54,6.62
Haute Matsiatra,-21.452,47.0857,2007-12-01,2007,12,December,Rainy,20.94,8.17
Haute Matsiatra,-21.452,47.0857,2008-01-01,2008,1,January,Rainy,21.14,8.68
Haute Matsiatra,-21.452,47.0857,2008-02-01,2008,2,February,Rainy,20.25,11.79
Haute Matsiatra,-21.452,47.0857,2008-03-01,2008,3,March,Rainy,19.11,3.46
Haute Matsiatra,-21.452,47.0857,2008-04-01,2008,4,April,Rainy,18.77,0.81
Haute Matsiatra,-21.452,47.0857,2008-05-01,2008,5,May,Dry,15.52,1.19
Haute Matsiatra,-21.452,47.0857,2008-06-01,2008,6,June,Dry,13.46,0.65
Haute Matsiatra,-21.452,47.0857,2008-07-01,2008,7,July,Dry,13.41,2.09
Haute Matsiatra,-21.452,47.0857,2008-08-01,2008,8,August,Dry,14.89,0.25
Haute Matsiatra,-21.452,47.0857,2008-09-01,2008,9,September,Dry,17.44,0.87
Haute Matsiatra,-21.452,47.0857,2008-10-01,2008,10,October,Dry,19.21,5.84
Haute Matsiatra,-21.452,47.0857,2008-11-01,2008,11,November,Rainy,20.58,7.59
Haute Matsiatra,-21.452,47.0857,2008-12-01,2008,12,December,Rainy,21.64,5.42
Haute Matsiatra,-21.452,47.0857,2009-01-01,2009,1,January,Rainy,21.7,15.19
Haute Matsiatra,-21.452,47.0857,2009-02-01,2009,2,February,Rainy,20.42,8.83
Haute Matsiatra,-21.452,47.0857,2009-03-01,2009,3,March,Rainy,20.52,7.77
Haute Matsiatra,-21.452,47.0857,2009-04-01,2009,4,April,Rainy,17.61,4.34
Haute Matsiatra,-21.452,47.0857,2009-05-01,2009,5,May,Dry,16.38,0.41
Haute Matsiatra,-21.452,47.0857,2009-06-01,2009,6,June,Dry,14.98,0.33
Haute Matsiatra,-21.452,47.0857,2009-07-01,2009,7,July,Dry,13.34,3.38
Haute Matsiatra,-21.452,47.0857,2009-08-01,2009,8,August,Dry,14.78,1.01
Haute Matsiatra,-21.452,47.0857,2009-09-01,2009,9,September,Dry,16.74,0.39
Haute Matsiatra,-21.452,47.0857,2009-10-01,2009,10,October,Dry,18.89,3.5
Haute Matsiatra,-21.452,47.0857,2009-11-01,2009,11,November,Rainy,19.43,5.02
Haute Matsiatra,-21.452,47.0857,2009-12-01,2009,12,December,Rainy,21.05,7.59
Haute Matsiatra,-21.452,47.0857,2010-01-01,2010,1,January,Rainy,20.81,9.71
Haute Matsiatra,-21.452,47.0857,2010-02-01,2010,2,February,Rainy,20.46,4.22
Haute Matsiatra,-21.452,47.0857,2010-03-01,2010,3,March,Rainy,20.62,15.84
Haute Matsiatra,-21.452,47.0857,2010-04-01,2010,4,April,Rainy,19.06,1.84
Haute Matsiatra,-21.452,47.0857,2010-05-01,2010,5,May,Dry,17.61,2.68
Haute Matsiatra,-21.452,47.0857,2010-06-01,2010,6,June,Dry,15.25,1.47
Haute Matsiatra,-21.452,47.0857,2010-07-01,2010,7,July,Dry,13.48,2.55
Haute Matsiatra,-21.452,47.0857,2010-08-01,2010,8,August,Dry,14.04,0.89
Haute Matsiatra,-21.452,47.0857,2010-09-01,2010,9,September,Dry,15.88,0.14
Haute Matsiatra,-21.452,47.0857,2010-10-01,2010,10,October,Dry,19.36,1.52
Haute Matsiatra,-21.452,47.0857,2010-11-01,2010,11,November,Rainy,20.25,2.57
Haute Matsiatra,-21.452,47.0857,2010-12-01,2010,12,December,Rainy,21.28,6.42
Haute Matsiatra,-21.452,47.0857,2011-01-01,2011,1,January,Rainy,20.98,10.67
Haute Matsiatra,-21.452,47.0857,2011-02-01,2011,2,February,Rainy,20.59,11.41
Haute Matsiatra,-21.452,47.0857,2011-03-01,2011,3,March,Rainy,20.01,8.64
Haute Matsiatra,-21.452,47.0857,2011-04-01,2011,4,April,Rainy,19.62,4.21
Haute Matsiatra,-21.452,47.0857,2011-05-01,2011,5,May,Dry,17.22,0.9
Haute Matsiatra,-21.452,47.0857,2011-06-01,2011,6,June,Dry,15.5,0.11
Haute Matsiatra,-21.452,47.0857,2011-07-01,2011,7,July,Dry,13.81,0.09
Haute Matsiatra,-21.452,47.0857,2011-08-01,2011,8,August,Dry,15.34,1.39
Haute Matsiatra,-21.452,47.0857,2011-09-01,2011,9,September,Dry,16.64,0.18
Haute Matsiatra,-21.452,47.0857,2011-10-01,2011,10,October,Dry,19.27,3.06
Haute Matsiatra,-21.452,47.0857,2011-11-01,2011,11,November,Rainy,21.12,4.99
Haute Matsiatra,-21.452,47.0857,2011-12-01,2011,12,December,Rainy,21.69,7.06
Haute Matsiatra,-21.452,47.0857,2012-01-01,2012,1,January,Rainy,20.5,13.88
Haute Matsiatra,-21.452,47.0857,2012-02-01,2012,2,February,Rainy,21.0,13.08
Haute Matsiatra,-21.452,47.0857,2012-03-01,2012,3,March,Rainy,19.58,9.68
Haute Matsiatra,-21.452,47.0857,2012-04-01,2012,4,April,Rainy,18.56,4.92
Haute Matsiatra,-21.452,47.0857,2012-05-01,2012,5,May,Dry,16.39,3.54
Haute Matsiatra,-21.452,47.0857,2012-06-01,2012,6,June,Dry,14.9,3.02
Haute Matsiatra,-21.452,47.0857,2012-07-01,2012,7,July,Dry,13.88,0.95
Haute Matsiatra,-21.452,47.0857,2012-08-01,2012,8,August,Dry,14.86,0.85
Haute Matsiatra,-21.452,47.0857,2012-09-01,2012,9,September,Dry,16.39,1.16
Haute Matsiatra,-21.452,47.0857,2012-10-01,2012,10,October,Dry,19.05,2.89
Haute Matsiatra,-21.452,47.0857,2012-11-01,2012,11,November,Rainy,19.89,7.16
Haute Matsiatra,-21.452,47.0857,2012-12-01,2012,12,December,Rainy,20.28,5.97
Haute Matsiatra,-21.452,47.0857,2013-01-01,2013,1,January,Rainy,21.1,9.36
Haute Matsiatra,-21.452,47.0857,2013-02-01,2013,2,February,Rainy,20.09,20.77
Haute Matsiatra,-21.452,47.0857,2013-03-01,2013,3,March,Rainy,19.46,6.83
Haute Matsiatra,-21.452,47.0857,2013-04-01,2013,4,April,Rainy,17.97,2.77
Haute Matsiatra,-21.452,47.0857,2013-05-01,2013,5,May,Dry,16.05,1.63
Haute Matsiatra,-21.452,47.0857,2013-06-01,2013,6,June,Dry,13.34,2.34
Haute Matsiatra,-21.452,47.0857,2013-07-01,2013,7,July,Dry,13.11,1.52
Haute Matsiatra,-21.452,47.0857,2013-08-01,2013,8,August,Dry,13.83,2.99
Haute Matsiatra,-21.452,47.0857,2013-09-01,2013,9,September,Dry,16.53,1.75
Haute Matsiatra,-21.452,47.0857,2013-10-01,2013,10,October,Dry,18.36,6.37
Haute Matsiatra,-21.452,47.0857,2013-11-01,2013,11,November,Rainy,21.24,7.62
Haute Matsiatra,-21.452,47.0857,2013-12-01,2013,12,December,Rainy,20.66,11.08
Haute Matsiatra,-21.452,47.0857,2014-01-01,2014,1,January,Rainy,20.92,18.46
Haute Matsiatra,-21.452,47.0857,2014-02-01,2014,2,February,Rainy,20.23,7.65
Haute Matsiatra,-21.452,47.0857,2014-03-01,2014,3,March,Rainy,19.9,7.42
Haute Matsiatra,-21.452,47.0857,2014-04-01,2014,4,April,Rainy,17.77,2.51
Haute Matsiatra,-21.452,47.0857,2014-05-01,2014,5,May,Dry,15.45,2.57
Haute Matsiatra,-21.452,47.0857,2014-06-01,2014,6,June,Dry,14.25,2.06
Haute Matsiatra,-21.452,47.0857,2014-07-01,2014,7,July,Dry,13.74,4.47
Haute Matsiatra,-21.452,47.0857,2014-08-01,2014,8,August,Dry,14.79,2.26
Haute Matsiatra,-21.452,47.0857,2014-09-01,2014,9,September,Dry,15.9,1.71
Haute Matsiatra,-21.452,47.0857,2014-10-01,2014,10,October,Dry,19.09,2.17
Haute Matsiatra,-21.452,47.0857,2014-11-01,2014,11,November,Rainy,20.56,7.16
Haute Matsiatra,-21.452,47.0857,2014-12-01,2014,12,December,Rainy,21.53,8.87
Haute Matsiatra,-21.452,47.0857,2015-01-01,2015,1,January,Rainy,20.57,16.09
Haute Matsiatra,-21.452,47.0857,2015-02-01,2015,2,February,Rainy,20.14,16.75
Haute Matsiatra,-21.452,47.0857,2015-03-01,2015,3,March,Rainy,19.53,9.89
Haute Matsiatra,-21.452,47.0857,2015-04-01,2015,4,April,Rainy,19.07,0.81
Haute Matsiatra,-21.452,47.0857,2015-05-01,2015,5,May,Dry,17.04,0.96
Haute Matsiatra,-21.452,47.0857,2015-06-01,2015,6,June,Dry,14.93,0.65
Haute Matsiatra,-21.452,47.0857,2015-07-01,2015,7,July,Dry,14.15,0.43
Haute Matsiatra,-21.452,47.0857,2015-08-01,2015,8,August,Dry,14.84,0.34
Haute Matsiatra,-21.452,47.0857,2015-09-01,2015,9,September,Dry,16.39,0.69
Haute Matsiatra,-21.452,47.0857,2015-10-01,2015,10,October,Dry,19.42,3.24
Haute Matsiatra,-21.452,47.0857,2015-11-01,2015,11,November,Rainy,20.6,6.2
Haute Matsiatra,-21.452,47.0857,2015-12-01,2015,12,December,Rainy,21.77,10.25
Haute Matsiatra,-21.452,47.0857,2016-01-01,2016,1,January,Rainy,20.95,6.17
Haute Matsiatra,-21.452,47.0857,2016-02-01,2016,2,February,Rainy,21.4,5.4
Haute Matsiatra,-21.452,47.0857,2016-03-01,2016,3,March,Rainy,21.01,8.67
Haute Matsiatra,-21.452,47.0857,2016-04-01,2016,4,April,Rainy,19.13,0.39
Haute Matsiatra,-21.452,47.0857,2016-05-01,2016,5,May,Dry,15.33,1.42
Haute Matsiatra,-21.452,47.0857,2016-06-01,2016,6,June,Dry,14.21,1.22
Haute Matsiatra,-21.452,47.0857,2016-07-01,2016,7,July,Dry,13.78,0.71
Haute Matsiatra,-21.452,47.0857,2016-08-01,2016,8,August,Dry,15.53,0.21
Haute Matsiatra,-21.452,47.0857,2016-09-01,2016,9,September,Dry,16.55,0.35
Haute Matsiatra,-21.452,47.0857,2016-10-01,2016,10,October,Dry,20.1,1.91
Haute Matsiatra,-21.452,47.0857,2016-11-01,2016,11,November,Rainy,21.38,3.56
Haute Matsiatra,-21.452,47.0857,2016-12-01,2016,12,December,Rainy,22.42,2.17
Haute Matsiatra,-21.452,47.0857,2017-01-01,2017,1,January,Rainy,22.02,4.05
Haute Matsiatra,-21.452,47.0857,2017-02-01,2017,2,February,Rainy,21.41,11.52
Haute Matsiatra,-21.452,47.0857,2017-03-01,2017,3,March,Rainy,20.67,7.49
Haute Matsiatra,-21.452,47.0857,2017-04-01,2017,4,April,Rainy,18.98,2.4
Haute Matsiatra,-21.452,47.0857,2017-05-01,2017,5,May,Dry,17.54,0.67
Haute Matsiatra,-21.452,47.0857,2017-06-01,2017,6,June,Dry,16.01,1.57
Haute Matsiatra,-21.452,47.0857,2017-07-01,2017,7,July,Dry,14.98,0.36
Haute Matsiatra,-21.452,47.0857,2017-08-01,2017,8,August,Dry,15.73,0.68
Haute Matsiatra,-21.452,47.0857,2017-09-01,2017,9,September,Dry,18.07,0.46
Haute Matsiatra,-21.452,47.0857,2017-10-01,2017,10,October,Dry,20.55,0.69
Haute Matsiatra,-21.452,47.0857,2017-11-01,2017,11,November,Rainy,20.65,7.53
Haute Matsiatra,-21.452,47.0857,2017-12-01,2017,12,December,Rainy,21.68,7.13
Haute Matsiatra,-21.452,47.0857,2018-01-01,2018,1,January,Rainy,20.87,11.0
Haute Matsiatra,-21.452,47.0857,2018-02-01,2018,2,February,Rainy,21.19,5.89
Haute Matsiatra,-21.452,47.0857,2018-03-01,2018,3,March,Rainy,20.38,4.7
Haute Matsiatra,-21.452,47.0857,2018-04-01,2018,4,April,Rainy,18.57,3.61
Haute Matsiatra,-21.452,47.0857,2018-05-01,2018,5,May,Dry,17.58,0.71
Haute Matsiatra,-21.452,47.0857,2018-06-01,2018,6,June,Dry,15.45,0.55
Haute Matsiatra,-21.452,47.0857,2018-07-01,2018,7,July,Dry,13.98,1.24
Haute Matsiatra,-21.452,47.0857,2018-08-01,2018,8,August,Dry,16.05,0.24
Haute Matsiatra,-21.452,47.0857,2018-09-01,2018,9,September,Dry,17.73,0.9
Haute Matsiatra,-21.452,47.0857,2018-10-01,2018,10,October,Dry,18.88,2.0
Haute Matsiatra,-21.452,47.0857,2018-11-01,2018,11,November,Rainy,21.32,5.48
Haute Matsiatra,-21.452,47.0857,2018-12-01,2018,12,December,Rainy,22.12,4.71
Haute Matsiatra,-21.452,47.0857,2019-01-01,2019,1,January,Rainy,21.48,11.84
Haute Matsiatra,-21.452,47.0857,2019-02-01,2019,2,February,Rainy,21.61,4.85
Haute Matsiatra,-21.452,47.0857,2019-03-01,2019,3,March,Rainy,21.25,4.45
Haute Matsiatra,-21.452,47.0857,2019-04-01,2019,4,April,Rainy,20.6,2.65
Haute Matsiatra,-21.452,47.0857,2019-05-01,2019,5,May,Dry,17.43,0.74
Haute Matsiatra,-21.452,47.0857,2019-06-01,2019,6,June,Dry,15.59,1.89
Haute Matsiatra,-21.452,47.0857,2019-07-01,2019,7,July,Dry,14.65,0.35
Haute Matsiatra,-21.452,47.0857,2019-08-01,2019,8,August,Dry,16.14,0.17
Haute Matsiatra,-21.452,47.0857,2019-09-01,2019,9,September,Dry,18.11,1.12
Haute Matsiatra,-21.452,47.0857,2019-10-01,2019,10,October,Dry,21.16,2.36
Haute Matsiatra,-21.452,47.0857,2019-11-01,2019,11,November,Rainy,22.02,5.46
Haute Matsiatra,-21.452,47.0857,2019-12-01,2019,12,December,Rainy,22.33,6.9
Haute Matsiatra,-21.452,47.0857,2020-01-01,2020,1,January,Rainy,21.38,10.65
Haute Matsiatra,-21.452,47.0857,2020-02-01,2020,2,February,Rainy,21.05,8.72
Haute Matsiatra,-21.452,47.0857,2020-03-01,2020,3,March,Rainy,20.58,5.5
Haute Matsiatra,-21.452,47.0857,2020-04-01,2020,4,April,Rainy,18.62,6.21
Haute Matsiatra,-21.452,47.0857,2020-05-01,2020,5,May,Dry,17.16,2.07
Haute Matsiatra,-21.452,47.0857,2020-06-01,2020,6,June,Dry,15.13,4.46
Haute Matsiatra,-21.452,47.0857,2020-07-01,2020,7,July,Dry,13.48,2.08
Haute Matsiatra,-21.452,47.0857,2020-08-01,2020,8,August,Dry,15.62,0.19
Haute Matsiatra,-21.452,47.0857,2020-09-01,2020,9,September,Dry,17.13,0.96
Haute Matsiatra,-21.452,47.0857,2020-10-01,2020,10,October,Dry,19.95,1.43
Haute Matsiatra,-21.452,47.0857,2020-11-01,2020,11,November,Rainy,22.01,1.74
Haute Matsiatra,-21.452,47.0857,2020-12-01,2020,12,December,Rainy,21.67,5.94
Haute Matsiatra,-21.452,47.0857,2021-01-01,2021,1,January,Rainy,22.94,5.86
Haute Matsiatra,-21.452,47.0857,2021-02-01,2021,2,February,Rainy,21.42,10.88
Haute Matsiatra,-21.452,47.0857,2021-03-01,2021,3,March,Rainy,20.24,6.99
Haute Matsiatra,-21.452,47.0857,2021-04-01,2021,4,April,Rainy,18.69,2.07
Haute Matsiatra,-21.452,47.0857,2021-05-01,2021,5,May,Dry,16.68,0.89
Haute Matsiatra,-21.452,47.0857,2021-06-01,2021,6,June,Dry,14.61,2.97
Haute Matsiatra,-21.452,47.0857,2021-07-01,2021,7,July,Dry,14.42,2.05
Haute Matsiatra,-21.452,47.0857,2021-08-01,2021,8,August,Dry,15.91,1.66
Haute Matsiatra,-21.452,47.0857,2021-09-01,2021,9,September,Dry,17.14,1.11
Haute Matsiatra,-21.452,47.0857,2021-10-01,2021,10,October,Dry,19.83,1.28
Haute Matsiatra,-21.452,47.0857,2021-11-01,2021,11,November,Rainy,22.93,1.98
Haute Matsiatra,-21.452,47.0857,2021-12-01,2021,12,December,Rainy,22.45,4.89
Haute Matsiatra,-21.452,47.0857,2022-01-01,2022,1,January,Rainy,20.99,13.76
Haute Matsiatra,-21.452,47.0857,2022-02-01,2022,2,February,Rainy,20.93,14.29
Haute Matsiatra,-21.452,47.0857,2022-03-01,2022,3,March,Rainy,20.45,7.0
Haute Matsiatra,-21.452,47.0857,2022-04-01,2022,4,April,Rainy,19.1,2.24
Haute Matsiatra,-21.452,47.0857,2022-05-01,2022,5,May,Dry,16.77,1.5
Haute Matsiatra,-21.452,47.0857,2022-06-01,2022,6,June,Dry,14.27,4.02
Haute Matsiatra,-21.452,47.0857,2022-07-01,2022,7,July,Dry,13.94,2.2
Haute Matsiatra,-21.452,47.0857,2022-08-01,2022,8,August,Dry,15.44,1.26
Haute Matsiatra,-21.452,47.0857,2022-09-01,2022,9,September,Dry,15.89,0.66
Haute Matsiatra,-21.452,47.0857,2022-10-01,2022,10,October,Dry,19.16,2.11
Haute Matsiatra,-21.452,47.0857,2022-11-01,2022,11,November,Rainy,21.08,6.02
Haute Matsiatra,-21.452,47.0857,2022-12-01,2022,12,December,Rainy,20.68,7.44
Haute Matsiatra,-21.452,47.0857,2023-01-01,2023,1,January,Rainy,20.54,17.78
Haute Matsiatra,-21.452,47.0857,2023-02-01,2023,2,February,Rainy,20.58,7.2
Haute Matsiatra,-21.452,47.0857,2023-03-01,2023,3,March,Rainy,20.26,11.6
Haute Matsiatra,-21.452,47.0857,2023-04-01,2023,4,April,Rainy,19.12,3.75
Haute Matsiatra,-21.452,47.0857,2023-05-01,2023,5,May,Dry,16.97,2.1
Haute Matsiatra,-21.452,47.0857,2023-06-01,2023,6,June,Dry,15.03,0.46
Haute Matsiatra,-21.452,47.0857,2023-07-01,2023,7,July,Dry,14.55,1.41
Haute Matsiatra,-21.452,47.0857,2023-08-01,2023,8,August,Dry,16.05,3.32
Haute Matsiatra,-21.452,47.0857,2023-09-01,2023,9,September,Dry,17.78,0.32
Haute Matsiatra,-21.452,47.0857,2023-10-01,2023,10,October,Dry,21.16,1.82
Haute Matsiatra,-21.452,47.0857,2023-11-01,2023,11,November,Rainy,21.2,2.7
Haute Matsiatra,-21.452,47.0857,2023-12-01,2023,12,December,Rainy,22.63,6.5
Haute Matsiatra,-21.452,47.0857,2024-01-01,2024,1,January,Rainy,21.9,11.66
Haute Matsiatra,-21.452,47.0857,2024-02-01,2024,2,February,Rainy,20.71,9.27
Haute Matsiatra,-21.452,47.0857,2024-03-01,2024,3,March,Rainy,20.65,9.83
Haute Matsiatra,-21.452,47.0857,2024-04-01,2024,4,April,Rainy,19.64,4.65
Haute Matsiatra,-21.452,47.0857,2024-05-01,2024,5,May,Dry,16.67,3.23
Haute Matsiatra,-21.452,47.0857,2024-06-01,2024,6,June,Dry,15.27,1.66
Haute Matsiatra,-21.452,47.0857,2024-07-01,2024,7,July,Dry,14.47,0.12
Haute Matsiatra,-21.452,47.0857,2024-08-01,2024,8,August,Dry,15.38,1.0
Haute Matsiatra,-21.452,47.0857,2024-09-01,2024,9,September,Dry,18.67,0.86
Haute Matsiatra,-21.452,47.0857,2024-10-01,2024,10,October,Dry,19.04,0.96
Haute Matsiatra,-21.452,47.0857,2024-11-01,2024,11,November,Rainy,22.77,1.89
Haute Matsiatra,-21.452,47.0857,2024-12-01,2024,12,December,Rainy,23.23,3.29
Ihorombe,-22.4,46.1167,2005-01-01,2005,1,January,Rainy,22.93,10.58
Ihorombe,-22.4,46.1167,2005-02-01,2005,2,February,Rainy,22.64,8.03
Ihorombe,-22.4,46.1167,2005-03-01,2005,3,March,Rainy,21.43,6.45
Ihorombe,-22.4,46.1167,2005-04-01,2005,4,April,Rainy,19.87,3.41
Ihorombe,-22.4,46.1167,2005-05-01,2005,5,May,Dry,17.75,2.21
Ihorombe,-22.4,46.1167,2005-06-01,2005,6,June,Dry,16.27,1.33
Ihorombe,-22.4,46.1167,2005-07-01,2005,7,July,Dry,14.33,3.22
Ihorombe,-22.4,46.1167,2005-08-01,2005,8,August,Dry,15.41,0.64
Ihorombe,-22.4,46.1167,2005-09-01,2005,9,September,Dry,17.14,0.77
Ihorombe,-22.4,46.1167,2005-10-01,2005,10,October,Dry,19.61,0.53
Ihorombe,-22.4,46.1167,2005-11-01,2005,11,November,Rainy,22.1,2.76
Ihorombe,-22.4,46.1167,2005-12-01,2005,12,December,Rainy,23.19,9.32
Ihorombe,-22.4,46.1167,2006-01-01,2006,1,January,Rainy,22.59,3.12
Ihorombe,-22.4,46.1167,2006-02-01,2006,2,February,Rainy,22.65,2.71
Ihorombe,-22.4,46.1167,2006-03-01,2006,3,March,Rainy,22.59,4.48
Ihorombe,-22.4,46.1167,2006-04-01,2006,4,April,Rainy,20.68,2.95
Ihorombe,-22.4,46.1167,2006-05-01,2006,5,May,Dry,18.61,0.61
Ihorombe,-22.4,46.1167,2006-06-01,2006,6,June,Dry,17.08,0.6
Ihorombe,-22.4,46.1167,2006-07-01,2006,7,July,Dry,15.85,0.88
Ihorombe,-22.4,46.1167,2006-08-01,2006,8,August,Dry,16.93,0.77
Ihorombe,-22.4,46.1167,2006-09-01,2006,9,September,Dry,17.76,1.26
Ihorombe,-22.4,46.1167,2006-10-01,2006,10,October,Dry,21.05,0.41
Ihorombe,-22.4,46.1167,2006-11-01,2006,11,November,Rainy,23.69,4.73
Ihorombe,-22.4,46.1167,2006-12-01,2006,12,December,Rainy,22.9,10.26
Ihorombe,-22.4,46.1167,2007-01-01,2007,1,January,Rainy,22.21,13.09
Ihorombe,-22.4,46.1167,2007-02-01,2007,2,February,Rainy,22.57,12.01
Ihorombe,-22.4,46.1167,2007-03-01,2007,3,March,Rainy,21.84,2.28
Ihorombe,-22.4,46.1167,2007-04-01,2007,4,April,Rainy,20.5,2.73
Ihorombe,-22.4,46.1167,2007-05-01,2007,5,May,Dry,18.38,1.28
Ihorombe,-22.4,46.1167,2007-06-01,2007,6,June,Dry,14.85,0.65
Ihorombe,-22.4,46.1167,2007-07-01,2007,7,July,Dry,14.97,0.44
Ihorombe,-22.4,46.1167,2007-08-01,2007,8,August,Dry,15.77,0.19
Ihorombe,-22.4,46.1167,2007-09-01,2007,9,September,Dry,17.87,0.76
Ihorombe,-22.4,46.1167,2007-10-01,2007,10,October,Dry,19.92,1.02
Ihorombe,-22.4,46.1167,2007-11-01,2007,11,November,Rainy,22.72,3.85
Ihorombe,-22.4,46.1167,2007-12-01,2007,12,December,Rainy,23.67,5.87
Ihorombe,-22.4,46.1167,2008-01-01,2008,1,January,Rainy,22.95,6.33
Ihorombe,-22.4,46.1167,2008-02-01,2008,2,February,Rainy,22.01,8.31
Ihorombe,-22.4,46.1167,2008-03-01,2008,3,March,Rainy,20.9,1.53
Ihorombe,-22.4,46.1167,2008-04-01,2008,4,April,Rainy,20.61,0.51
Ihorombe,-22.4,46.1167,2008-05-01,2008,5,May,Dry,17.33,1.03
Ihorombe,-22.4,46.1167,2008-06-01,2008,6,June,Dry,15.22,0.69
Ihorombe,-22.4,46.1167,2008-07-01,2008,7,July,Dry,15.26,1.68
Ihorombe,-22.4,46.1167,2008-08-01,2008,8,August,Dry,16.71,0.45
Ihorombe,-22.4,46.1167,2008-09-01,2008,9,September,Dry,19.99,0.54
Ihorombe,-22.4,46.1167,2008-10-01,2008,10,October,Dry,22.2,3.1
Ihorombe,-22.4,46.1167,2008-11-01,2008,11,November,Rainy,22.72,4.98
Ihorombe,-22.4,46.1167,2008-12-01,2008,12,December,Rainy,24.58,3.91
Ihorombe,-22.4,46.1167,2009-01-01,2009,1,January,Rainy,23.82,10.41
Ihorombe,-22.4,46.1167,2009-02-01,2009,2,February,Rainy,22.71,5.13
Ihorombe,-22.4,46.1167,2009-03-01,2009,3,March,Rainy,22.51,5.19
Ihorombe,-22.4,46.1167,2009-04-01,2009,4,April,Rainy,18.99,2.44
Ihorombe,-22.4,46.1167,2009-05-01,2009,5,May,Dry,17.93,0.96
Ihorombe,-22.4,46.1167,2009-06-01,2009,6,June,Dry,16.89,0.25
Ihorombe,-22.4,46.1167,2009-07-01,2009,7,July,Dry,14.96,1.5
Ihorombe,-22.4,46.1167,2009-08-01,2009,8,August,Dry,16.67,0.83
Ihorombe,-22.4,46.1167,2009-09-01,2009,9,September,Dry,19.41,0.6
Ihorombe,-22.4,46.1167,2009-10-01,2009,10,October,Dry,21.6,2.81
Ihorombe,-22.4,46.1167,2009-11-01,2009,11,November,Rainy,21.68,4.27
Ihorombe,-22.4,46.1167,2009-12-01,2009,12,December,Rainy,23.69,4.23
Ihorombe,-22.4,46.1167,2010-01-01,2010,1,January,Rainy,23.19,5.84
Ihorombe,-22.4,46.1167,2010-02-01,2010,2,February,Rainy,23.01,2.17
Ihorombe,-22.4,46.1167,2010-03-01,2010,3,March,Rainy,22.21,9.28
Ihorombe,-22.4,46.1167,2010-04-01,2010,4,April,Rainy,21.05,1.32
Ihorombe,-22.4,46.1167,2010-05-01,2010,5,May,Dry,19.42,1.62
Ihorombe,-22.4,46.1167,2010-06-01,2010,6,June,Dry,16.82,1.2
Ihorombe,-22.4,46.1167,2010-07-01,2010,7,July,Dry,15.29,1.25
Ihorombe,-22.4,46.1167,2010-08-01,2010,8,August,Dry,16.29,0.86
Ihorombe,-22.4,46.1167,2010-09-01,2010,9,September,Dry,18.94,0.2
Ihorombe,-22.4,46.1167,2010-10-01,2010,10,October,Dry,22.45,1.74
Ihorombe,-22.4,46.1167,2010-11-01,2010,11,November,Rainy,23.33,2.19
Ihorombe,-22.4,46.1167,2010-12-01,2010,12,December,Rainy,23.38,7.7
Ihorombe,-22.4,46.1167,2011-01-01,2011,1,January,Rainy,22.75,10.21
Ihorombe,-22.4,46.1167,2011-02-01,2011,2,February,Rainy,22.14,9.98
Ihorombe,-22.4,46.1167,2011-03-01,2011,3,March,Rainy,21.85,5.93
Ihorombe,-22.4,46.1167,2011-04-01,2011,4,April,Rainy,20.96,4.76
Ihorombe,-22.4,46.1167,2011-05-01,2011,5,May,Dry,18.35,1.25
Ihorombe,-22.4,46.1167,2011-06-01,2011,6,June,Dry,16.53,0.35
Ihorombe,-22.4,46.1167,2011-07-01,2011,7,July,Dry,14.84,0.28
Ihorombe,-22.4,46.1167,2011-08-01,2011,8,August,Dry,16.86,1.62
Ihorombe,-22.4,46.1167,2011-09-01,2011,9,September,Dry,18.23,0.11
Ihorombe,-22.4,46.1167,2011-10-01,2011,10,October,Dry,21.21,1.55
Ihorombe,-22.4,46.1167,2011-11-01,2011,11,November,Rainy,23.42,3.01
Ihorombe,-22.4,46.1167,2011-12-01,2011,12,December,Rainy,24.02,4.45
Ihorombe,-22.4,46.1167,2012-01-01,2012,1,January,Rainy,22.4,14.42
Ihorombe,-22.4,46.1167,2012-02-01,2012,2,February,Rainy,22.74,4.74
Ihorombe,-22.4,46.1167,2012-03-01,2012,3,March,Rainy,21.48,6.08
Ihorombe,-22.4,46.1167,2012-04-01,2012,4,April,Rainy,20.12,3.39
Ihorombe,-22.4,46.1167,2012-05-01,2012,5,May,Dry,18.05,0.86
Ihorombe,-22.4,46.1167,2012-06-01,2012,6,June,Dry,16.45,0.64
Ihorombe,-22.4,46.1167,2012-07-01,2012,7,July,Dry,15.76,0.14
Ihorombe,-22.4,46.1167,2012-08-01,2012,8,August,Dry,17.14,0.21
Ihorombe,-22.4,46.1167,2012-09-01,2012,9,September,Dry,18.95,1.04
Ihorombe,-22.4,46.1167,2012-10-01,2012,10,October,Dry,22.03,3.21
Ihorombe,-22.4,46.1167,2012-11-01,2012,11,November,Rainy,21.76,6.27
Ihorombe,-22.4,46.1167,2012-12-01,2012,12,December,Rainy,22.6,4.8
Ihorombe,-22.4,46.1167,2013-01-01,2013,1,January,Rainy,23.73,6.36
Ihorombe,-22.4,46.1167,2013-02-01,2013,2,February,Rainy,21.67,16.95
Ihorombe,-22.4,46.1167,2013-03-01,2013,3,March,Rainy,20.94,3.39
Ihorombe,-22.4,46.1167,2013-04-01,2013,4,April,Rainy,19.58,1.19
Ihorombe,-22.4,46.1167,2013-05-01,2013,5,May,Dry,17.29,1.85
Ihorombe,-22.4,46.1167,2013-06-01,2013,6,June,Dry,14.83,0.8
Ihorombe,-22.4,46.1167,2013-07-01,2013,7,July,Dry,14.55,0.88
Ihorombe,-22.4,46.1167,2013-08-01,2013,8,August,Dry,15.46,1.52
Ihorombe,-22.4,46.1167,2013-09-01,2013,9,September,Dry,18.94,0.65
Ihorombe,-22.4,46.1167,2013-10-01,2013,10,October,Dry,20.25,3.96
Ihorombe,-22.4,46.1167,2013-11-01,2013,11,November,Rainy,23.5,5.74
Ihorombe,-22.4,46.1167,2013-12-01,2013,12,December,Rainy,22.65,5.51
Ihorombe,-22.4,46.1167,2014-01-01,2014,1,January,Rainy,22.77,17.73
Ihorombe,-22.4,46.1167,2014-02-01,2014,2,February,Rainy,22.07,5.52
Ihorombe,-22.4,46.1167,2014-03-01,2014,3,March,Rainy,21.53,3.31
Ihorombe,-22.4,46.1167,2014-04-01,2014,4,April,Rainy,19.21,1.27
Ihorombe,-22.4,46.1167,2014-05-01,2014,5,May,Dry,16.75,1.0
Ihorombe,-22.4,46.1167,2014-06-01,2014,6,June,Dry,15.4,0.7
Ihorombe,-22.4,46.1167,2014-07-01,2014,7,July,Dry,15.26,1.4
Ihorombe,-22.4,46.1167,2014-08-01,2014,8,August,Dry,16.51,1.44
Ihorombe,-22.4,46.1167,2014-09-01,2014,9,September,Dry,17.97,1.06
Ihorombe,-22.4,46.1167,2014-10-01,2014,10,October,Dry,21.17,1.92
Ihorombe,-22.4,46.1167,2014-11-01,2014,11,November,Rainy,22.95,3.75
Ihorombe,-22.4,46.1167,2014-12-01,2014,12,December,Rainy,23.54,6.66
Ihorombe,-22.4,46.1167,2015-01-01,2015,1,January,Rainy,22.32,16.31
Ihorombe,-22.4,46.1167,2015-02-01,2015,2,February,Rainy,21.94,12.11
Ihorombe,-22.4,46.1167,2015-03-01,2015,3,March,Rainy,21.15,3.91
Ihorombe,-22.4,46.1167,2015-04-01,2015,4,April,Rainy,20.34,0.85
Ihorombe,-22.4,46.1167,2015-05-01,2015,5,May,Dry,18.31,0.78
Ihorombe,-22.4,46.1167,2015-06-01,2015,6,June,Dry,15.93,0.51
Ihorombe,-22.4,46.1167,2015-07-01,2015,7,July,Dry,15.53,0.48
Ihorombe,-22.4,46.1167,2015-08-01,2015,8,August,Dry,16.48,0.12
Ihorombe,-22.4,46.1167,2015-09-01,2015,9,September,Dry,18.31,0.26
Ihorombe,-22.4,46.1167,2015-10-01,2015,10,October,Dry,21.83,2.38
Ihorombe,-22.4,46.1167,2015-11-01,2015,11,November,Rainy,22.56,3.34
Ihorombe,-22.4,46.1167,2015-12-01,2015,12,December,Rainy,23.76,7.75
Ihorombe,-22.4,46.1167,2016-01-01,2016,1,January,Rainy,23.06,3.03
Ihorombe,-22.4,46.1167,2016-02-01,2016,2,February,Rainy,23.61,5.91
Ihorombe,-22.4,46.1167,2016-03-01,2016,3,March,Rainy,22.46,6.16
Ihorombe,-22.4,46.1167,2016-04-01,2016,4,April,Rainy,20.74,0.26
Ihorombe,-22.4,46.1167,2016-05-01,2016,5,May,Dry,16.95,1.27
Ihorombe,-22.4,46.1167,2016-06-01,2016,6,June,Dry,15.77,1.38
Ihorombe,-22.4,46.1167,2016-07-01,2016,7,July,Dry,15.67,0.53
Ihorombe,-22.4,46.1167,2016-08-01,2016,8,August,Dry,17.59,0.11
Ihorombe,-22.4,46.1167,2016-09-01,2016,9,September,Dry,19.05,0.14
Ihorombe,-22.4,46.1167,2016-10-01,2016,10,October,Dry,22.73,1.63
Ihorombe,-22.4,46.1167,2016-11-01,2016,11,November,Rainy,24.06,1.99
Ihorombe,-22.4,46.1167,2016-12-01,2016,12,December,Rainy,25.47,1.56
Ihorombe,-22.4,46.1167,2017-01-01,2017,1,January,Rainy,25.15,2.55
Ihorombe,-22.4,46.1167,2017-02-01,2017,2,February,Rainy,23.55,13.26
Ihorombe,-22.4,46.1167,2017-03-01,2017,3,March,Rainy,22.39,5.16
Ihorombe,-22.4,46.1167,2017-04-01,2017,4,April,Rainy,20.66,1.38
Ihorombe,-22.4,46.1167,2017-05-01,2017,5,May,Dry,19.3,0.46
Ihorombe,-22.4,46.1167,2017-06-01,2017,6,June,Dry,17.57,1.48
Ihorombe,-22.4,46.1167,2017-07-01,2017,7,July,Dry,16.7,0.75
Ihorombe,-22.4,46.1167,2017-08-01,2017,8,August,Dry,17.31,0.92
Ihorombe,-22.4,46.1167,2017-09-01,2017,9,September,Dry,20.14,0.17
Ihorombe,-22.4,46.1167,2017-10-01,2017,10,October,Dry,23.12,0.56
Ihorombe,-22.4,46.1167,2017-11-01,2017,11,November,Rainy,22.65,5.88
Ihorombe,-22.4,46.1167,2017-12-01,2017,12,December,Rainy,23.97,5.14
Ihorombe,-22.4,46.1167,2018-01-01,2018,1,January,Rainy,23.34,4.26
Ihorombe,-22.4,46.1167,2018-02-01,2018,2,February,Rainy,23.4,8.91
Ihorombe,-22.4,46.1167,2018-03-01,2018,3,March,Rainy,22.98,1.9
Ihorombe,-22.4,46.1167,2018-04-01,2018,4,April,Rainy,20.67,1.99
Ihorombe,-22.4,46.1167,2018-05-01,2018,5,May,Dry,19.62,0.45
Ihorombe,-22.4,46.1167,2018-06-01,2018,6,June,Dry,17.66,0.22
Ihorombe,-22.4,46.1167,2018-07-01,2018,7,July,Dry,15.75,1.28
Ihorombe,-22.4,46.1167,2018-08-01,2018,8,August,Dry,18.36,0.06
Ihorombe,-22.4,46.1167,2018-09-01,2018,9,September,Dry,20.59,0.39
Ihorombe,-22.4,46.1167,2018-10-01,2018,10,October,Dry,21.34,0.7
Ihorombe,-22.4,46.1167,2018-11-01,2018,11,November,Rainy,23.57,4.45
Ihorombe,-22.4,46.1167,2018-12-01,2018,12,December,Rainy,24.5,3.26
Ihorombe,-22.4,46.1167,2019-01-01,2019,1,January,Rainy,23.6,11.93
Ihorombe,-22.4,46.1167,2019-02-01,2019,2,February,Rainy,23.56,2.52
Ihorombe,-22.4,46.1167,2019-03-01,2019,3,March,Rainy,23.14,3.17
Ihorombe,-22.4,46.1167,2019-04-01,2019,4,April,Rainy,22.38,2.84
Ihorombe,-22.4,46.1167,2019-05-01,2019,5,May,Dry,18.93,0.94
Ihorombe,-22.4,46.1167,2019-06-01,2019,6,June,Dry,16.87,3.02
Ihorombe,-22.4,46.1167,2019-07-01,2019,7,July,Dry,15.85,0.38
Ihorombe,-22.4,46.1167,2019-08-01,2019,8,August,Dry,18.09,0.29
Ihorombe,-22.4,46.1167,2019-09-01,2019,9,September,Dry,19.75,1.25
Ihorombe,-22.4,46.1167,2019-10-01,2019,10,October,Dry,23.58,1.36
Ihorombe,-22.4,46.1167,2019-11-01,2019,11,November,Rainy,24.6,2.24
Ihorombe,-22.4,46.1167,2019-12-01,2019,12,December,Rainy,24.91,6.78
Ihorombe,-22.4,46.1167,2020-01-01,2020,1,January,Rainy,23.79,5.31
Ihorombe,-22.4,46.1167,2020-02-01,2020,2,February,Rainy,23.53,8.43
Ihorombe,-22.4,46.1167,2020-03-01,2020,3,March,Rainy,22.33,2.52
Ihorombe,-22.4,46.1167,2020-04-01,2020,4,April,Rainy,20.47,2.48
Ihorombe,-22.4,46.1167,2020-05-01,2020,5,May,Dry,18.67,1.45
Ihorombe,-22.4,46.1167,2020-06-01,2020,6,June,Dry,16.51,1.97
Ihorombe,-22.4,46.1167,2020-07-01,2020,7,July,Dry,15.1,1.17
Ihorombe,-22.4,46.1167,2020-08-01,2020,8,August,Dry,17.75,0.09
Ihorombe,-22.4,46.1167,2020-09-01,2020,9,September,Dry,19.35,0.62
Ihorombe,-22.4,46.1167,2020-10-01,2020,10,October,Dry,21.93,1.07
Ihorombe,-22.4,46.1167,2020-11-01,2020,11,November,Rainy,24.78,0.58
Ihorombe,-22.4,46.1167,2020-12-01,2020,12,December,Rainy,24.45,3.05
Ihorombe,-22.4,46.1167,2021-01-01,2021,1,January,Rainy,25.14,7.62
Ihorombe,-22.4,46.1167,2021-02-01,2021,2,February,Rainy,23.65,5.77
Ihorombe,-22.4,46.1167,2021-03-01,2021,3,March,Rainy,22.19,4.09
Ihorombe,-22.4,46.1167,2021-04-01,2021,4,April,Rainy,20.72,0.84
Ihorombe,-22.4,46.1167,2021-05-01,2021,5,May,Dry,18.59,0.58
Ihorombe,-22.4,46.1167,2021-06-01,2021,6,June,Dry,16.26,2.21
Ihorombe,-22.4,46.1167,2021-07-01,2021,7,July,Dry,16.24,2.18
Ihorombe,-22.4,46.1167,2021-08-01,2021,8,August,Dry,17.63,0.71
Ihorombe,-22.4,46.1167,2021-09-01,2021,9,September,Dry,19.6,0.42
Ihorombe,-22.4,46.1167,2021-10-01,2021,10,October,Dry,22.23,0.63
Ihorombe,-22.4,46.1167,2021-11-01,2021,11,November,Rainy,25.68,0.72
Ihorombe,-22.4,46.1167,2021-12-01,2021,12,December,Rainy,25.35,2.81
Ihorombe,-22.4,46.1167,2022-01-01,2022,1,January,Rainy,23.31,9.43
Ihorombe,-22.4,46.1167,2022-02-01,2022,2,February,Rainy,23.14,5.69
Ihorombe,-22.4,46.1167,2022-03-01,2022,3,March,Rainy,22.26,5.46
Ihorombe,-22.4,46.1167,2022-04-01,2022,4,April,Rainy,21.08,1.99
Ihorombe,-22.4,46.1167,2022-05-01,2022,5,May,Dry,18.39,0.93
Ihorombe,-22.4,46.1167,2022-06-01,2022,6,June,Dry,15.59,1.92
Ihorombe,-22.4,46.1167,2022-07-01,2022,7,July,Dry,16.04,0.75
Ihorombe,-22.4,46.1167,2022-08-01,2022,8,August,Dry,17.61,0.75
Ihorombe,-22.4,46.1167,2022-09-01,2022,9,September,Dry,18.65,0.25
Ihorombe,-22.4,46.1167,2022-10-01,2022,10,October,Dry,22.09,2.73
Ihorombe,-22.4,46.1167,2022-11-01,2022,11,November,Rainy,23.41,3.49
Ihorombe,-22.4,46.1167,2022-12-01,2022,12,December,Rainy,23.18,4.33
Ihorombe,-22.4,46.1167,2023-01-01,2023,1,January,Rainy,22.72,13.31
Ihorombe,-22.4,46.1167,2023-02-01,2023,2,February,Rainy,22.48,3.2
Ihorombe,-22.4,46.1167,2023-03-01,2023,3,March,Rainy,21.73,8.81
Ihorombe,-22.4,46.1167,2023-04-01,2023,4,April,Rainy,20.59,2.39
Ihorombe,-22.4,46.1167,2023-05-01,2023,5,May,Dry,18.23,1.78
Ihorombe,-22.4,46.1167,2023-06-01,2023,6,June,Dry,16.26,0.29
Ihorombe,-22.4,46.1167,2023-07-01,2023,7,July,Dry,15.96,0.65
Ihorombe,-22.4,46.1167,2023-08-01,2023,8,August,Dry,17.52,1.7
Ihorombe,-22.4,46.1167,2023-09-01,2023,9,September,Dry,20.28,0.09
Ihorombe,-22.4,46.1167,2023-10-01,2023,10,October,Dry,23.83,0.71
Ihorombe,-22.4,46.1167,2023-11-01,2023,11,November,Rainy,23.61,1.76
Ihorombe,-22.4,46.1167,2023-12-01,2023,12,December,Rainy,25.39,5.48
Ihorombe,-22.4,46.1167,2024-01-01,2024,1,January,Rainy,23.43,9.48
Ihorombe,-22.4,46.1167,2024-02-01,2024,2,February,Rainy,22.41,7.43
Ihorombe,-22.4,46.1167,2024-03-01,2024,3,March,Rainy,22.22,6.28
Ihorombe,-22.4,46.1167,2024-04-01,2024,4,April,Rainy,20.74,2.77
Ihorombe,-22.4,46.1167,2024-05-01,2024,5,May,Dry,18.04,1.36
Ihorombe,-22.4,46.1167,2024-06-01,2024,6,June,Dry,16.54,0.95
Ihorombe,-22.4,46.1167,2024-07-01,2024,7,July,Dry,16.04,0.22
Ihorombe,-22.4,46.1167,2024-08-01,2024,8,August,Dry,17.1,0.54
Ihorombe,-22.4,46.1167,2024-09-01,2024,9,September,Dry,20.74,0.81
Ihorombe,-22.4,46.1167,2024-10-01,2024,10,October,Dry,21.6,0.49
Ihorombe,-22.4,46.1167,2024-11-01,2024,11,November,Rainy,25.68,0.82
Ihorombe,-22.4,46.1167,2024-12-01,2024,12,December,Rainy,26.34,1.52
Itasy,-19.0167,46.7833,2005-01-01,2005,1,January,Rainy,20.16,11.81
Itasy,-19.0167,46.7833,2005-02-01,2005,2,February,Rainy,20.4,17.46
Itasy,-19.0167,46.7833,2005-03-01,2005,3,March,Rainy,19.79,9.74
Itasy,-19.0167,46.7833,2005-04-01,2005,4,April,Rainy,18.43,4.55
Itasy,-19.0167,46.7833,2005-05-01,2005,5,May,Dry,16.66,2.06
Itasy,-19.0167,46.7833,2005-06-01,2005,6,June,Dry,14.6,1.35
Itasy,-19.0167,46.7833,2005-07-01,2005,7,July,Dry,13.15,2.42
Itasy,-19.0167,46.7833,2005-08-01,2005,8,August,Dry,13.68,1.34
Itasy,-19.0167,46.7833,2005-09-01,2005,9,September,Dry,15.46,0.67
Itasy,-19.0167,46.7833,2005-10-01,2005,10,October,Dry,18.51,0.79
Itasy,-19.0167,46.7833,2005-11-01,2005,11,November,Rainy,20.01,7.05
Itasy,-19.0167,46.7833,2005-12-01,2005,12,December,Rainy,20.43,19.58
Itasy,-19.0167,46.7833,2006-01-01,2006,1,January,Rainy,20.13,6.4
Itasy,-19.0167,46.7833,2006-02-01,2006,2,February,Rainy,20.07,4.9
Itasy,-19.0167,46.7833,2006-03-01,2006,3,March,Rainy,19.84,7.97
Itasy,-19.0167,46.7833,2006-04-01,2006,4,April,Rainy,18.7,1.95
Itasy,-19.0167,46.7833,2006-05-01,2006,5,May,Dry,16.47,0.6
Itasy,-19.0167,46.7833,2006-06-01,2006,6,June,Dry,14.83,1.33
Itasy,-19.0167,46.7833,2006-07-01,2006,7,July,Dry,13.8,1.95
Itasy,-19.0167,46.7833,2006-08-01,2006,8,August,Dry,14.42,0.94
Itasy,-19.0167,46.7833,2006-09-01,2006,9,September,Dry,16.34,0.57
Itasy,-19.0167,46.7833,2006-10-01,2006,10,October,Dry,18.67,1.45
Itasy,-19.0167,46.7833,2006-11-01,2006,11,November,Rainy,20.22,9.97
Itasy,-19.0167,46.7833,2006-12-01,2006,12,December,Rainy,20.26,9.76
Itasy,-19.0167,46.7833,2007-01-01,2007,1,January,Rainy,19.94,29.9
Itasy,-19.0167,46.7833,2007-02-01,2007,2,February,Rainy,19.95,15.59
Itasy,-19.0167,46.7833,2007-03-01,2007,3,March,Rainy,19.35,3.59
Itasy,-19.0167,46.7833,2007-04-01,2007,4,April,Rainy,18.49,2.03
Itasy,-19.0167,46.7833,2007-05-01,2007,5,May,Dry,17.21,1.25
Itasy,-19.0167,46.7833,2007-06-01,2007,6,June,Dry,13.52,0.4
Itasy,-19.0167,46.7833,2007-07-01,2007,7,July,Dry,13.78,1.37
Itasy,-19.0167,46.7833,2007-08-01,2007,8,August,Dry,14.35,0.5
Itasy,-19.0167,46.7833,2007-09-01,2007,9,September,Dry,16.67,0.7
Itasy,-19.0167,46.7833,2007-10-01,2007,10,October,Dry,18.79,2.7
Itasy,-19.0167,46.7833,2007-11-01,2007,11,November,Rainy,20.43,5.12
Itasy,-19.0167,46.7833,2007-12-01,2007,12,December,Rainy,20.71,8.86
Itasy,-19.0167,46.7833,2008-01-01,2008,1,January,Rainy,20.3,10.53
Itasy,-19.0167,46.7833,2008-02-01,2008,2,February,Rainy,19.86,12.27
Itasy,-19.0167,46.7833,2008-03-01,2008,3,March,Rainy,19.27,3.12
Itasy,-19.0167,46.7833,2008-04-01,2008,4,April,Rainy,18.57,1.55
Itasy,-19.0167,46.7833,2008-05-01,2008,5,May,Dry,15.61,0.71
Itasy,-19.0167,46.7833,2008-06-01,2008,6,June,Dry,13.56,0.68
Itasy,-19.0167,46.7833,2008-07-01,2008,7,July,Dry,13.39,0.62
Itasy,-19.0167,46.7833,2008-08-01,2008,8,August,Dry,15.27,0.23
Itasy,-19.0167,46.7833,2008-09-01,2008,9,September,Dry,17.72,1.62
Itasy,-19.0167,46.7833,2008-10-01,2008,10,October,Dry,19.36,4.84
Itasy,-19.0167,46.7833,2008-11-01,2008,11,November,Rainy,20.45,6.94
Itasy,-19.0167,46.7833,2008-12-01,2008,12,December,Rainy,21.14,3.64
Itasy,-19.0167,46.7833,2009-01-01,2009,1,January,Rainy,20.89,12.33
Itasy,-19.0167,46.7833,2009-02-01,2009,2,February,Rainy,20.35,8.44
Itasy,-19.0167,46.7833,2009-03-01,2009,3,March,Rainy,20.22,8.6
Itasy,-19.0167,46.7833,2009-04-01,2009,4,April,Rainy,17.87,6.53
Itasy,-19.0167,46.7833,2009-05-01,2009,5,May,Dry,16.33,0.31
Itasy,-19.0167,46.7833,2009-06-01,2009,6,June,Dry,15.01,0.38
Itasy,-19.0167,46.7833,2009-07-01,2009,7,July,Dry,13.73,1.94
Itasy,-19.0167,46.7833,2009-08-01,2009,8,August,Dry,14.86,1.53
Itasy,-19.0167,46.7833,2009-09-01,2009,9,September,Dry,17.16,0.75
Itasy,-19.0167,46.7833,2009-10-01,2009,10,October,Dry,18.99,4.6
Itasy,-19.0167,46.7833,2009-11-01,2009,11,November,Rainy,20.2,4.8
Itasy,-19.0167,46.7833,2009-12-01,2009,12,December,Rainy,20.53,12.25
Itasy,-19.0167,46.7833,2010-01-01,2010,1,January,Rainy,20.26,11.03
Itasy,-19.0167,46.7833,2010-02-01,2010,2,February,Rainy,20.42,4.9
Itasy,-19.0167,46.7833,2010-03-01,2010,3,March,Rainy,20.33,12.06
Itasy,-19.0167,46.7833,2010-04-01,2010,4,April,Rainy,19.01,0.43
Itasy,-19.0167,46.7833,2010-05-01,2010,5,May,Dry,17.64,0.75
Itasy,-19.0167,46.7833,2010-06-01,2010,6,June,Dry,15.1,1.41
Itasy,-19.0167,46.7833,2010-07-01,2010,7,July,Dry,13.29,1.21
Itasy,-19.0167,46.7833,2010-08-01,2010,8,August,Dry,14.08,1.25
Itasy,-19.0167,46.7833,2010-09-01,2010,9,September,Dry,16.44,0.12
Itasy,-19.0167,46.7833,2010-10-01,2010,10,October,Dry,19.97,1.87
Itasy,-19.0167,46.7833,2010-11-01,2010,11,November,Rainy,20.12,5.06
Itasy,-19.0167,46.7833,2010-12-01,2010,12,December,Rainy,20.64,7.14
Itasy,-19.0167,46.7833,2011-01-01,2011,1,January,Rainy,20.46,12.6
Itasy,-19.0167,46.7833,2011-02-01,2011,2,February,Rainy,20.14,11.22
Itasy,-19.0167,46.7833,2011-03-01,2011,3,March,Rainy,19.28,10.24
Itasy,-19.0167,46.7833,2011-04-01,2011,4,April,Rainy,19.11,5.95
Itasy,-19.0167,46.7833,2011-05-01,2011,5,May,Dry,17.02,1.74
Itasy,-19.0167,46.7833,2011-06-01,2011,6,June,Dry,15.12,0.5
Itasy,-19.0167,46.7833,2011-07-01,2011,7,July,Dry,13.96,0.3
Itasy,-19.0167,46.7833,2011-08-01,2011,8,August,Dry,15.42,0.6
Itasy,-19.0167,46.7833,2011-09-01,2011,9,September,Dry,16.67,0.38
Itasy,-19.0167,46.7833,2011-10-01,2011,10,October,Dry,18.99,5.13
Itasy,-19.0167,46.7833,2011-11-01,2011,11,November,Rainy,20.82,5.1
Itasy,-19.0167,46.7833,2011-12-01,2011,12,December,Rainy,21.03,8.04
Itasy,-19.0167,46.7833,2012-01-01,2012,1,January,Rainy,19.55,12.5
Itasy,-19.0167,46.7833,2012-02-01,2012,2,February,Rainy,20.41,15.67
Itasy,-19.0167,46.7833,2012-03-01,2012,3,March,Rainy,19.05,7.94
Itasy,-19.0167,46.7833,2012-04-01,2012,4,April,Rainy,18.55,10.65
Itasy,-19.0167,46.7833,2012-05-01,2012,5,May,Dry,16.41,2.0
Itasy,-19.0167,46.7833,2012-06-01,2012,6,June,Dry,14.45,2.04
Itasy,-19.0167,46.7833,2012-07-01,2012,7,July,Dry,13.5,1.19
Itasy,-19.0167,46.7833,2012-08-01,2012,8,August,Dry,14.79,0.52
Itasy,-19.0167,46.7833,2012-09-01,2012,9,September,Dry,16.63,0.61
Itasy,-19.0167,46.7833,2012-10-01,2012,10,October,Dry,19.3,3.15
Itasy,-19.0167,46.7833,2012-11-01,2012,11,November,Rainy,19.94,9.1
Itasy,-19.0167,46.7833,2012-12-01,2012,12,December,Rainy,20.42,7.61
Itasy,-19.0167,46.7833,2013-01-01,2013,1,January,Rainy,20.51,14.17
Itasy,-19.0167,46.7833,2013-02-01,2013,2,February,Rainy,19.82,14.7
Itasy,-19.0167,46.7833,2013-03-01,2013,3,March,Rainy,19.42,12.67
Itasy,-19.0167,46.7833,2013-04-01,2013,4,April,Rainy,18.36,1.18
Itasy,-19.0167,46.7833,2013-05-01,2013,5,May,Dry,16.38,0.88
Itasy,-19.0167,46.7833,2013-06-01,2013,6,June,Dry,13.04,0.59
Itasy,-19.0167,46.7833,2013-07-01,2013,7,July,Dry,13.51,0.5
Itasy,-19.0167,46.7833,2013-08-01,2013,8,August,Dry,13.94,0.51
Itasy,-19.0167,46.7833,2013-09-01,2013,9,September,Dry,16.91,0.89
Itasy,-19.0167,46.7833,2013-10-01,2013,10,October,Dry,19.05,4.7
Itasy,-19.0167,46.7833,2013-11-01,2013,11,November,Rainy,20.9,6.29
Itasy,-19.0167,46.7833,2013-12-01,2013,12,December,Rainy,20.53,15.49
Itasy,-19.0167,46.7833,2014-01-01,2014,1,January,Rainy,19.77,15.89
Itasy,-19.0167,46.7833,2014-02-01,2014,2,February,Rainy,19.73,10.97
Itasy,-19.0167,46.7833,2014-03-01,2014,3,March,Rainy,19.6,3.56
Itasy,-19.0167,46.7833,2014-04-01,2014,4,April,Rainy,17.67,1.08
Itasy,-19.0167,46.7833,2014-05-01,2014,5,May,Dry,15.62,0.65
Itasy,-19.0167,46.7833,2014-06-01,2014,6,June,Dry,14.14,1.11
Itasy,-19.0167,46.7833,2014-07-01,2014,7,July,Dry,13.89,1.96
Itasy,-19.0167,46.7833,2014-08-01,2014,8,August,Dry,15.18,0.55
Itasy,-19.0167,46.7833,2014-09-01,2014,9,September,Dry,16.6,0.34
Itasy,-19.0167,46.7833,2014-10-01,2014,10,October,Dry,20.03,0.74
Itasy,-19.0167,46.7833,2014-11-01,2014,11,November,Rainy,20.75,7.63
Itasy,-19.0167,46.7833,2014-12-01,2014,12,December,Rainy,20.97,10.71
Itasy,-19.0167,46.7833,2015-01-01,2015,1,January,Rainy,20.15,14.76
Itasy,-19.0167,46.7833,2015-02-01,2015,2,February,Rainy,19.08,22.37
Itasy,-19.0167,46.7833,2015-03-01,2015,3,March,Rainy,19.22,8.02
Itasy,-19.0167,46.7833,2015-04-01,2015,4,April,Rainy,19.02,0.29
Itasy,-19.0167,46.7833,2015-05-01,2015,5,May,Dry,17.05,0.88
Itasy,-19.0167,46.7833,2015-06-01,2015,6,June,Dry,15.01,0.47
Itasy,-19.0167,46.7833,2015-07-01,2015,7,July,Dry,14.09,0.28
Itasy,-19.0167,46.7833,2015-08-01,2015,8,August,Dry,14.72,1.06
Itasy,-19.0167,46.7833,2015-09-01,2015,9,September,Dry,17.06,0.33
Itasy,-19.0167,46.7833,2015-10-01,2015,10,October,Dry,19.54,1.52
Itasy,-19.0167,46.7833,2015-11-01,2015,11,November,Rainy,21.14,3.26
Itasy,-19.0167,46.7833,2015-12-01,2015,12,December,Rainy,21.47,12.7
Itasy,-19.0167,46.7833,2016-01-01,2016,1,January,Rainy,20.69,11.35
Itasy,-19.0167,46.7833,2016-02-01,2016,2,February,Rainy,20.3,10.43
Itasy,-19.0167,46.7833,2016-03-01,2016,3,March,Rainy,20.64,12.33
Itasy,-19.0167,46.7833,2016-04-01,2016,4,April,Rainy,19.06,0.72
Itasy,-19.0167,46.7833,2016-05-01,2016,5,May,Dry,15.11,0.72
Itasy,-19.0167,46.7833,2016-06-01,2016,6,June,Dry,14.02,1.34
Itasy,-19.0167,46.7833,2016-07-01,2016,7,July,Dry,13.31,0.31
Itasy,-19.0167,46.7833,2016-08-01,2016,8,August,Dry,15.24,0.16
Itasy,-19.0167,46.7833,2016-09-01,2016,9,September,Dry,16.35,0.11
Itasy,-19.0167,46.7833,2016-10-01,2016,10,October,Dry,19.63,1.15
Itasy,-19.0167,46.7833,2016-11-01,2016,11,November,Rainy,21.09,5.89
Itasy,-19.0167,46.7833,2016-12-01,2016,12,December,Rainy,21.43,2.46
Itasy,-19.0167,46.7833,2017-01-01,2017,1,January,Rainy,20.63,11.05
Itasy,-19.0167,46.7833,2017-02-01,2017,2,February,Rainy,20.6,11.81
Itasy,-19.0167,46.7833,2017-03-01,2017,3,March,Rainy,20.31,9.63
Itasy,-19.0167,46.7833,2017-04-01,2017,4,April,Rainy,18.4,3.23
Itasy,-19.0167,46.7833,2017-05-01,2017,5,May,Dry,17.03,0.41
Itasy,-19.0167,46.7833,2017-06-01,2017,6,June,Dry,15.47,0.66
Itasy,-19.0167,46.7833,2017-07-01,2017,7,July,Dry,14.57,1.45
Itasy,-19.0167,46.7833,2017-08-01,2017,8,August,Dry,15.75,0.9
Itasy,-19.0167,46.7833,2017-09-01,2017,9,September,Dry,18.14,0.48
Itasy,-19.0167,46.7833,2017-10-01,2017,10,October,Dry,20.45,1.4
Itasy,-19.0167,46.7833,2017-11-01,2017,11,November,Rainy,20.69,10.96
Itasy,-19.0167,46.7833,2017-12-01,2017,12,December,Rainy,20.55,16.26
Itasy,-19.0167,46.7833,2018-01-01,2018,1,January,Rainy,20.14,16.29
Itasy,-19.0167,46.7833,2018-02-01,2018,2,February,Rainy,20.24,14.91
Itasy,-19.0167,46.7833,2018-03-01,2018,3,March,Rainy,19.54,3.74
Itasy,-19.0167,46.7833,2018-04-01,2018,4,April,Rainy,18.3,3.9
Itasy,-19.0167,46.7833,2018-05-01,2018,5,May,Dry,17.0,0.59
Itasy,-19.0167,46.7833,2018-06-01,2018,6,June,Dry,14.69,0.26
Itasy,-19.0167,46.7833,2018-07-01,2018,7,July,Dry,13.45,0.48
Itasy,-19.0167,46.7833,2018-08-01,2018,8,August,Dry,15.1,0.15
Itasy,-19.0167,46.7833,2018-09-01,2018,9,September,Dry,17.14,0.2
Itasy,-19.0167,46.7833,2018-10-01,2018,10,October,Dry,18.79,1.46
Itasy,-19.0167,46.7833,2018-11-01,2018,11,November,Rainy,20.88,4.99
Itasy,-19.0167,46.7833,2018-12-01,2018,12,December,Rainy,21.33,8.06
Itasy,-19.0167,46.7833,2019-01-01,2019,1,January,Rainy,20.74,14.94
Itasy,-19.0167,46.7833,2019-02-01,2019,2,February,Rainy,20.69,6.58
Itasy,-19.0167,46.7833,2019-03-01,2019,3,March,Rainy,20.4,8.25
Itasy,-19.0167,46.7833,2019-04-01,2019,4,April,Rainy,20.11,5.13
Itasy,-19.0167,46.7833,2019-05-01,2019,5,May,Dry,17.07,0.74
Itasy,-19.0167,46.7833,2019-06-01,2019,6,June,Dry,14.97,1.02
Itasy,-19.0167,46.7833,2019-07-01,2019,7,July,Dry,14.27,0.21
Itasy,-19.0167,46.7833,2019-08-01,2019,8,August,Dry,15.36,0.14
Itasy,-19.0167,46.7833,2019-09-01,2019,9,September,Dry,18.14,0.77
Itasy,-19.0167,46.7833,2019-10-01,2019,10,October,Dry,20.59,1.95
Itasy,-19.0167,46.7833,2019-11-01,2019,11,November,Rainy,21.5,11.34
Itasy,-19.0167,46.7833,2019-12-01,2019,12,December,Rainy,21.43,9.46
Itasy,-19.0167,46.7833,2020-01-01,2020,1,January,Rainy,20.74,14.34
Itasy,-19.0167,46.7833,2020-02-01,2020,2,February,Rainy,20.62,11.37
Itasy,-19.0167,46.7833,2020-03-01,2020,3,March,Rainy,20.46,5.49
Itasy,-19.0167,46.7833,2020-04-01,2020,4,April,Rainy,18.38,11.0
Itasy,-19.0167,46.7833,2020-05-01,2020,5,May,Dry,16.85,0.29
Itasy,-19.0167,46.7833,2020-06-01,2020,6,June,Dry,14.68,1.33
Itasy,-19.0167,46.7833,2020-07-01,2020,7,July,Dry,13.37,0.68
Itasy,-19.0167,46.7833,2020-08-01,2020,8,August,Dry,15.28,0.09
Itasy,-19.0167,46.7833,2020-09-01,2020,9,September,Dry,17.32,0.27
Itasy,-19.0167,46.7833,2020-10-01,2020,10,October,Dry,20.23,1.29
Itasy,-19.0167,46.7833,2020-11-01,2020,11,November,Rainy,21.71,2.37
Itasy,-19.0167,46.7833,2020-12-01,2020,12,December,Rainy,21.07,9.42
Itasy,-19.0167,46.7833,2021-01-01,2021,1,January,Rainy,21.52,13.54
Itasy,-19.0167,46.7833,2021-02-01,2021,2,February,Rainy,20.5,17.1
Itasy,-19.0167,46.7833,2021-03-01,2021,3,March,Rainy,19.71,6.01
Itasy,-19.0167,46.7833,2021-04-01,2021,4,April,Rainy,18.69,1.86
Itasy,-19.0167,46.7833,2021-05-01,2021,5,May,Dry,16.34,0.38
Itasy,-19.0167,46.7833,2021-06-01,2021,6,June,Dry,14.13,0.92
Itasy,-19.0167,46.7833,2021-07-01,2021,7,July,Dry,14.11,0.62
Itasy,-19.0167,46.7833,2021-08-01,2021,8,August,Dry,15.84,0.3
Itasy,-19.0167,46.7833,2021-09-01,2021,9,September,Dry,16.94,0.42
Itasy,-19.0167,46.7833,2021-10-01,2021,10,October,Dry,19.77,1.05
Itasy,-19.0167,46.7833,2021-11-01,2021,11,November,Rainy,22.18,4.12
Itasy,-19.0167,46.7833,2021-12-01,2021,12,December,Rainy,21.81,7.39
Itasy,-19.0167,46.7833,2022-01-01,2022,1,January,Rainy,20.52,11.94
Itasy,-19.0167,46.7833,2022-02-01,2022,2,February,Rainy,20.76,9.33
Itasy,-19.0167,46.7833,2022-03-01,2022,3,March,Rainy,20.38,7.43
Itasy,-19.0167,46.7833,2022-04-01,2022,4,April,Rainy,18.96,1.91
Itasy,-19.0167,46.7833,2022-05-01,2022,5,May,Dry,16.8,0.31
Itasy,-19.0167,46.7833,2022-06-01,2022,6,June,Dry,14.27,0.49
Itasy,-19.0167,46.7833,2022-07-01,2022,7,July,Dry,13.69,0.53
Itasy,-19.0167,46.7833,2022-08-01,2022,8,August,Dry,15.14,0.13
Itasy,-19.0167,46.7833,2022-09-01,2022,9,September,Dry,16.55,0.11
Itasy,-19.0167,46.7833,2022-10-01,2022,10,October,Dry,19.69,0.9
Itasy,-19.0167,46.7833,2022-11-01,2022,11,November,Rainy,20.47,7.67
Itasy,-19.0167,46.7833,2022-12-01,2022,12,December,Rainy,20.43,9.33
Itasy,-19.0167,46.7833,2023-01-01,2023,1,January,Rainy,19.96,15.71
Itasy,-19.0167,46.7833,2023-02-01,2023,2,February,Rainy,20.02,9.45
Itasy,-19.0167,46.7833,2023-03-01,2023,3,March,Rainy,19.78,8.42
Itasy,-19.0167,46.7833,2023-04-01,2023,4,April,Rainy,18.78,3.07
Itasy,-19.0167,46.7833,2023-05-01,2023,5,May,Dry,16.8,0.82
Itasy,-19.0167,46.7833,2023-06-01,2023,6,June,Dry,14.89,0.14
Itasy,-19.0167,46.7833,2023-07-01,2023,7,July,Dry,14.73,0.19
Itasy,-19.0167,46.7833,2023-08-01,2023,8,August,Dry,16.34,1.08
Itasy,-19.0167,46.7833,2023-09-01,2023,9,September,Dry,17.8,0.3
Itasy,-19.0167,46.7833,2023-10-01,2023,10,October,Dry,21.25,4.3
Itasy,-19.0167,46.7833,2023-11-01,2023,11,November,Rainy,20.87,7.16
Itasy,-19.0167,46.7833,2023-12-01,2023,12,December,Rainy,21.86,4.14
Itasy,-19.0167,46.7833,2024-01-01,2024,1,January,Rainy,21.5,15.53
Itasy,-19.0167,46.7833,2024-02-01,2024,2,February,Rainy,20.63,16.12
Itasy,-19.0167,46.7833,2024-03-01,2024,3,March,Rainy,20.16,5.59
Itasy,-19.0167,46.7833,2024-04-01,2024,4,April,Rainy,19.83,2.56
Itasy,-19.0167,46.7833,2024-05-01,2024,5,May,Dry,16.34,0.61
Itasy,-19.0167,46.7833,2024-06-01,2024,6,June,Dry,15.48,0.37
Itasy,-19.0167,46.7833,2024-07-01,2024,7,July,Dry,14.06,0.04
Itasy,-19.0167,46.7833,2024-08-01,2024,8,August,Dry,15.43,0.25
Itasy,-19.0167,46.7833,2024-09-01,2024,9,September,Dry,18.74,0.63
Itasy,-19.0167,46.7833,2024-10-01,2024,10,October,Dry,20.01,0.84
Itasy,-19.0167,46.7833,2024-11-01,2024,11,November,Rainy,22.79,3.55
Itasy,-19.0167,46.7833,2024-12-01,2024,12,December,Rainy,22.72,5.07
Melaky,-18.0667,44.0333,2005-01-01,2005,1,January,Rainy,27.98,10.86
Melaky,-18.0667,44.0333,2005-02-01,2005,2,February,Rainy,28.67,3.02
Melaky,-18.0667,44.0333,2005-03-01,2005,3,March,Rainy,28.33,4.0
Melaky,-18.0667,44.0333,2005-04-01,2005,4,April,Rainy,27.32,0.7
Melaky,-18.0667,44.0333,2005-05-01,2005,5,May,Dry,26.41,0.47
Melaky,-18.0667,44.0333,2005-06-01,2005,6,June,Dry,25.77,0.06
Melaky,-18.0667,44.0333,2005-07-01,2005,7,July,Dry,24.31,0.51
Melaky,-18.0667,44.0333,2005-08-01,2005,8,August,Dry,24.9,0.02
Melaky,-18.0667,44.0333,2005-09-01,2005,9,September,Dry,25.92,0.04
Melaky,-18.0667,44.0333,2005-10-01,2005,10,October,Dry,26.97,0.16
Melaky,-18.0667,44.0333,2005-11-01,2005,11,November,Rainy,27.32,0.58
Melaky,-18.0667,44.0333,2005-12-01,2005,12,December,Rainy,28.15,3.93
Melaky,-18.0667,44.0333,2006-01-01,2006,1,January,Rainy,28.35,4.74
Melaky,-18.0667,44.0333,2006-02-01,2006,2,February,Rainy,28.41,7.2
Melaky,-18.0667,44.0333,2006-03-01,2006,3,March,Rainy,28.85,3.77
Melaky,-18.0667,44.0333,2006-04-01,2006,4,April,Rainy,28.33,1.58
Melaky,-18.0667,44.0333,2006-05-01,2006,5,May,Dry,26.01,0.22
Melaky,-18.0667,44.0333,2006-06-01,2006,6,June,Dry,25.0,0.1
Melaky,-18.0667,44.0333,2006-07-01,2006,7,July,Dry,24.02,1.03
Melaky,-18.0667,44.0333,2006-08-01,2006,8,August,Dry,24.23,1.8
Melaky,-18.0667,44.0333,2006-09-01,2006,9,September,Dry,24.82,0.09
Melaky,-18.0667,44.0333,2006-10-01,2006,10,October,Dry,26.23,0.02
Melaky,-18.0667,44.0333,2006-11-01,2006,11,November,Rainy,27.28,2.67
Melaky,-18.0667,44.0333,2006-12-01,2006,12,December,Rainy,28.01,6.66
Melaky,-18.0667,44.0333,2007-01-01,2007,1,January,Rainy,27.98,23.83
Melaky,-18.0667,44.0333,2007-02-01,2007,2,February,Rainy,28.08,11.21
Melaky,-18.0667,44.0333,2007-03-01,2007,3,March,Rainy,28.19,3.75
Melaky,-18.0667,44.0333,2007-04-01,2007,4,April,Rainy,27.81,1.89
Melaky,-18.0667,44.0333,2007-05-01,2007,5,May,Dry,26.81,0.18
Melaky,-18.0667,44.0333,2007-06-01,2007,6,June,Dry,24.54,0.0
Melaky,-18.0667,44.0333,2007-07-01,2007,7,July,Dry,24.1,0.02
Melaky,-18.0667,44.0333,2007-08-01,2007,8,August,Dry,24.28,0.07
Melaky,-18.0667,44.0333,2007-09-01,2007,9,September,Dry,25.53,0.06
Melaky,-18.0667,44.0333,2007-10-01,2007,10,October,Dry,26.46,0.48
Melaky,-18.0667,44.0333,2007-11-01,2007,11,November,Rainy,27.65,0.96
Melaky,-18.0667,44.0333,2007-12-01,2007,12,December,Rainy,28.11,7.48
Melaky,-18.0667,44.0333,2008-01-01,2008,1,January,Rainy,27.9,9.56
Melaky,-18.0667,44.0333,2008-02-01,2008,2,February,Rainy,28.03,8.17
Melaky,-18.0667,44.0333,2008-03-01,2008,3,March,Rainy,27.75,1.96
Melaky,-18.0667,44.0333,2008-04-01,2008,4,April,Rainy,26.74,0.24
Melaky,-18.0667,44.0333,2008-05-01,2008,5,May,Dry,25.84,0.14
Melaky,-18.0667,44.0333,2008-06-01,2008,6,June,Dry,24.23,0.16
Melaky,-18.0667,44.0333,2008-07-01,2008,7,July,Dry,23.84,0.08
Melaky,-18.0667,44.0333,2008-08-01,2008,8,August,Dry,24.53,0.01
Melaky,-18.0667,44.0333,2008-09-01,2008,9,September,Dry,25.34,0.52
Melaky,-18.0667,44.0333,2008-10-01,2008,10,October,Dry,26.8,0.47
Melaky,-18.0667,44.0333,2008-11-01,2008,11,November,Rainy,27.5,1.58
Melaky,-18.0667,44.0333,2008-12-01,2008,12,December,Rainy,28.42,1.39
Melaky,-18.0667,44.0333,2009-01-01,2009,1,January,Rainy,28.57,6.38
Melaky,-18.0667,44.0333,2009-02-01,2009,2,February,Rainy,28.76,4.16
Melaky,-18.0667,44.0333,2009-03-01,2009,3,March,Rainy,28.59,2.44
Melaky,-18.0667,44.0333,2009-04-01,2009,4,April,Rainy,27.28,2.64
Melaky,-18.0667,44.0333,2009-05-01,2009,5,May,Dry,26.24,0.1
Melaky,-18.0667,44.0333,2009-06-01,2009,6,June,Dry,25.1,0.16
Melaky,-18.0667,44.0333,2009-07-01,2009,7,July,Dry,24.13,1.05
Melaky,-18.0667,44.0333,2009-08-01,2009,8,August,Dry,24.36,0.26
Melaky,-18.0667,44.0333,2009-09-01,2009,9,September,Dry,25.46,0.11
Melaky,-18.0667,44.0333,2009-10-01,2009,10,October,Dry,26.52,0.7
Melaky,-18.0667,44.0333,2009-11-01,2009,11,November,Rainy,27.22,1.1
Melaky,-18.0667,44.0333,2009-12-01,2009,12,December,Rainy,28.34,3.62
Melaky,-18.0667,44.0333,2010-01-01,2010,1,January,Rainy,28.54,9.03
Melaky,-18.0667,44.0333,2010-02-01,2010,2,February,Rainy,28.42,1.63
Melaky,-18.0667,44.0333,2010-03-01,2010,3,March,Rainy,28.6,5.37
Melaky,-18.0667,44.0333,2010-04-01,2010,4,April,Rainy,29.21,0.4
Melaky,-18.0667,44.0333,2010-05-01,2010,5,May,Dry,27.61,0.17
Melaky,-18.0667,44.0333,2010-06-01,2010,6,June,Dry,25.9,0.72
Melaky,-18.0667,44.0333,2010-07-01,2010,7,July,Dry,25.13,0.08
Melaky,-18.0667,44.0333,2010-08-01,2010,8,August,Dry,24.49,0.66
Melaky,-18.0667,44.0333,2010-09-01,2010,9,September,Dry,24.93,0.0
Melaky,-18.0667,44.0333,2010-10-01,2010,10,October,Dry,26.51,0.19
Melaky,-18.0667,44.0333,2010-11-01,2010,11,November,Rainy,27.87,0.88
Melaky,-18.0667,44.0333,2010-12-01,2010,12,December,Rainy,28.06,2.72
Melaky,-18.0667,44.0333,2011-01-01,2011,1,January,Rainy,28.19,4.44
Melaky,-18.0667,44.0333,2011-02-01,2011,2,February,Rainy,28.16,2.98
Melaky,-18.0667,44.0333,2011-03-01,2011,3,March,Rainy,27.95,12.08
Melaky,-18.0667,44.0333,2011-04-01,2011,4,April,Rainy,27.87,2.79
Melaky,-18.0667,44.0333,2011-05-01,2011,5,May,Dry,26.52,0.93
Melaky,-18.0667,44.0333,2011-06-01,2011,6,June,Dry,25.28,3.45
Melaky,-18.0667,44.0333,2011-07-01,2011,7,July,Dry,23.62,0.07
Melaky,-18.0667,44.0333,2011-08-01,2011,8,August,Dry,24.11,0.16
Melaky,-18.0667,44.0333,2011-09-01,2011,9,September,Dry,25.55,0.04
Melaky,-18.0667,44.0333,2011-10-01,2011,10,October,Dry,26.41,0.25
Melaky,-18.0667,44.0333,2011-11-01,2011,11,November,Rainy,27.66,0.77
Melaky,-18.0667,44.0333,2011-12-01,2011,12,December,Rainy,28.33,1.02
Melaky,-18.0667,44.0333,2012-01-01,2012,1,January,Rainy,27.37,22.82
Melaky,-18.0667,44.0333,2012-02-01,2012,2,February,Rainy,27.84,8.51
Melaky,-18.0667,44.0333,2012-03-01,2012,3,March,Rainy,27.61,6.19
Melaky,-18.0667,44.0333,2012-04-01,2012,4,April,Rainy,27.38,26.85
Melaky,-18.0667,44.0333,2012-05-01,2012,5,May,Dry,25.92,0.14
Melaky,-18.0667,44.0333,2012-06-01,2012,6,June,Dry,24.58,0.04
Melaky,-18.0667,44.0333,2012-07-01,2012,7,July,Dry,23.84,0.04
Melaky,-18.0667,44.0333,2012-08-01,2012,8,August,Dry,24.14,0.02
Melaky,-18.0667,44.0333,2012-09-01,2012,9,September,Dry,25.38,0.05
Melaky,-18.0667,44.0333,2012-10-01,2012,10,October,Dry,26.5,2.58
Melaky,-18.0667,44.0333,2012-11-01,2012,11,November,Rainy,27.18,2.69
Melaky,-18.0667,44.0333,2012-12-01,2012,12,December,Rainy,28.43,3.82
Melaky,-18.0667,44.0333,2013-01-01,2013,1,January,Rainy,28.43,7.15
Melaky,-18.0667,44.0333,2013-02-01,2013,2,February,Rainy,27.68,12.63
Melaky,-18.0667,44.0333,2013-03-01,2013,3,March,Rainy,28.04,4.7
Melaky,-18.0667,44.0333,2013-04-01,2013,4,April,Rainy,27.81,0.62
Melaky,-18.0667,44.0333,2013-05-01,2013,5,May,Dry,26.1,0.42
Melaky,-18.0667,44.0333,2013-06-01,2013,6,June,Dry,24.5,0.04
Melaky,-18.0667,44.0333,2013-07-01,2013,7,July,Dry,23.95,0.0
Melaky,-18.0667,44.0333,2013-08-01,2013,8,August,Dry,24.57,0.01
Melaky,-18.0667,44.0333,2013-09-01,2013,9,September,Dry,25.7,0.38
Melaky,-18.0667,44.0333,2013-10-01,2013,10,October,Dry,26.06,1.52
Melaky,-18.0667,44.0333,2013-11-01,2013,11,November,Rainy,27.76,0.47
Melaky,-18.0667,44.0333,2013-12-01,2013,12,December,Rainy,28.08,4.92
Melaky,-18.0667,44.0333,2014-01-01,2014,1,January,Rainy,27.8,29.86
Melaky,-18.0667,44.0333,2014-02-01,2014,2,February,Rainy,27.78,10.35
Melaky,-18.0667,44.0333,2014-03-01,2014,3,March,Rainy,28.63,2.82
Melaky,-18.0667,44.0333,2014-04-01,2014,4,April,Rainy,27.46,4.47
Melaky,-18.0667,44.0333,2014-05-01,2014,5,May,Dry,25.95,0.05
Melaky,-18.0667,44.0333,2014-06-01,2014,6,June,Dry,24.81,0.0
Melaky,-18.0667,44.0333,2014-07-01,2014,7,July,Dry,24.32,0.37
Melaky,-18.0667,44.0333,2014-08-01,2014,8,August,Dry,24.68,0.03
Melaky,-18.0667,44.0333,2014-09-01,2014,9,September,Dry,25.36,0.1
Melaky,-18.0667,44.0333,2014-10-01,2014,10,October,Dry,25.75,0.14
Melaky,-18.0667,44.0333,2014-11-01,2014,11,November,Rainy,27.21,0.58
Melaky,-18.0667,44.0333,2014-12-01,2014,12,December,Rainy,27.74,1.8
Melaky,-18.0667,44.0333,2015-01-01,2015,1,January,Rainy,27.77,14.48
Melaky,-18.0667,44.0333,2015-02-01,2015,2,February,Rainy,27.57,22.9
Melaky,-18.0667,44.0333,2015-03-01,2015,3,March,Rainy,27.93,10.02
Melaky,-18.0667,44.0333,2015-04-01,2015,4,April,Rainy,27.45,0.02
Melaky,-18.0667,44.0333,2015-05-01,2015,5,May,Dry,26.26,0.06
Melaky,-18.0667,44.0333,2015-06-01,2015,6,June,Dry,25.12,0.0
Melaky,-18.0667,44.0333,2015-07-01,2015,7,July,Dry,24.32,0.0
Melaky,-18.0667,44.0333,2015-08-01,2015,8,August,Dry,24.22,0.12
Melaky,-18.0667,44.0333,2015-09-01,2015,9,September,Dry,25.6,0.0
Melaky,-18.0667,44.0333,2015-10-01,2015,10,October,Dry,27.09,0.33
Melaky,-18.0667,44.0333,2015-11-01,2015,11,November,Rainy,27.55,0.32
Melaky,-18.0667,44.0333,2015-12-01,2015,12,December,Rainy,28.3,1.67
Melaky,-18.0667,44.0333,2016-01-01,2016,1,January,Rainy,28.81,9.37
Melaky,-18.0667,44.0333,2016-02-01,2016,2,February,Rainy,28.67,7.08
Melaky,-18.0667,44.0333,2016-03-01,2016,3,March,Rainy,28.94,9.66
Melaky,-18.0667,44.0333,2016-04-01,2016,4,April,Rainy,28.43,0.29
Melaky,-18.0667,44.0333,2016-05-01,2016,5,May,Dry,25.97,0.03
Melaky,-18.0667,44.0333,2016-06-01,2016,6,June,Dry,24.78,1.24
Melaky,-18.0667,44.0333,2016-07-01,2016,7,July,Dry,24.63,0.06
Melaky,-18.0667,44.0333,2016-08-01,2016,8,August,Dry,24.36,0.0
Melaky,-18.0667,44.0333,2016-09-01,2016,9,September,Dry,25.38,0.02
Melaky,-18.0667,44.0333,2016-10-01,2016,10,October,Dry,26.25,0.1
Melaky,-18.0667,44.0333,2016-11-01,2016,11,November,Rainy,27.5,1.98
Melaky,-18.0667,44.0333,2016-12-01,2016,12,December,Rainy,28.5,1.09
Melaky,-18.0667,44.0333,2017-01-01,2017,1,January,Rainy,28.23,8.91
Melaky,-18.0667,44.0333,2017-02-01,2017,2,February,Rainy,28.48,3.11
Melaky,-18.0667,44.0333,2017-03-01,2017,3,March,Rainy,28.53,5.29
Melaky,-18.0667,44.0333,2017-04-01,2017,4,April,Rainy,27.71,1.48
Melaky,-18.0667,44.0333,2017-05-01,2017,5,May,Dry,26.87,0.0
Melaky,-18.0667,44.0333,2017-06-01,2017,6,June,Dry,26.18,0.03
Melaky,-18.0667,44.0333,2017-07-01,2017,7,July,Dry,25.26,0.16
Melaky,-18.0667,44.0333,2017-08-01,2017,8,August,Dry,24.97,0.75
Melaky,-18.0667,44.0333,2017-09-01,2017,9,September,Dry,25.29,0.07
Melaky,-18.0667,44.0333,2017-10-01,2017,10,October,Dry,26.83,0.3
Melaky,-18.0667,44.0333,2017-11-01,2017,11,November,Rainy,27.62,0.66
Melaky,-18.0667,44.0333,2017-12-01,2017,12,December,Rainy,28.42,3.2
Melaky,-18.0667,44.0333,2018-01-01,2018,1,January,Rainy,27.93,4.59
Melaky,-18.0667,44.0333,2018-02-01,2018,2,February,Rainy,28.17,8.0
Melaky,-18.0667,44.0333,2018-03-01,2018,3,March,Rainy,28.87,1.67
Melaky,-18.0667,44.0333,2018-04-01,2018,4,April,Rainy,27.82,4.8
Melaky,-18.0667,44.0333,2018-05-01,2018,5,May,Dry,27.04,0.04
Melaky,-18.0667,44.0333,2018-06-01,2018,6,June,Dry,25.57,0.01
Melaky,-18.0667,44.0333,2018-07-01,2018,7,July,Dry,24.94,0.3
Melaky,-18.0667,44.0333,2018-08-01,2018,8,August,Dry,25.19,0.03
Melaky,-18.0667,44.0333,2018-09-01,2018,9,September,Dry,26.07,0.19
Melaky,-18.0667,44.0333,2018-10-01,2018,10,October,Dry,25.98,0.31
Melaky,-18.0667,44.0333,2018-11-01,2018,11,November,Rainy,26.7,2.27
Melaky,-18.0667,44.0333,2018-12-01,2018,12,December,Rainy,28.33,1.63
Melaky,-18.0667,44.0333,2019-01-01,2019,1,January,Rainy,28.47,11.28
Melaky,-18.0667,44.0333,2019-02-01,2019,2,February,Rainy,28.47,4.88
Melaky,-18.0667,44.0333,2019-03-01,2019,3,March,Rainy,28.21,6.23
Melaky,-18.0667,44.0333,2019-04-01,2019,4,April,Rainy,28.05,0.79
Melaky,-18.0667,44.0333,2019-05-01,2019,5,May,Dry,26.78,0.19
Melaky,-18.0667,44.0333,2019-06-01,2019,6,June,Dry,25.6,0.25
Melaky,-18.0667,44.0333,2019-07-01,2019,7,July,Dry,24.36,0.09
Melaky,-18.0667,44.0333,2019-08-01,2019,8,August,Dry,25.0,0.11
Melaky,-18.0667,44.0333,2019-09-01,2019,9,September,Dry,25.49,0.23
Melaky,-18.0667,44.0333,2019-10-01,2019,10,October,Dry,27.33,0.87
Melaky,-18.0667,44.0333,2019-11-01,2019,11,November,Rainy,28.44,2.89
Melaky,-18.0667,44.0333,2019-12-01,2019,12,December,Rainy,28.82,5.71
Melaky,-18.0667,44.0333,2020-01-01,2020,1,January,Rainy,28.71,11.22
Melaky,-18.0667,44.0333,2020-02-01,2020,2,February,Rainy,29.05,3.25
Melaky,-18.0667,44.0333,2020-03-01,2020,3,March,Rainy,28.87,1.19
Melaky,-18.0667,44.0333,2020-04-01,2020,4,April,Rainy,28.1,0.5
Melaky,-18.0667,44.0333,2020-05-01,2020,5,May,Dry,26.39,0.03
Melaky,-18.0667,44.0333,2020-06-01,2020,6,June,Dry,25.1,1.69
Melaky,-18.0667,44.0333,2020-07-01,2020,7,July,Dry,23.97,0.56
Melaky,-18.0667,44.0333,2020-08-01,2020,8,August,Dry,24.5,0.01
Melaky,-18.0667,44.0333,2020-09-01,2020,9,September,Dry,25.61,0.71
Melaky,-18.0667,44.0333,2020-10-01,2020,10,October,Dry,26.61,0.07
Melaky,-18.0667,44.0333,2020-11-01,2020,11,November,Rainy,27.71,1.74
Melaky,-18.0667,44.0333,2020-12-01,2020,12,December,Rainy,28.67,6.15
Melaky,-18.0667,44.0333,2021-01-01,2021,1,January,Rainy,28.6,4.24
Melaky,-18.0667,44.0333,2021-02-01,2021,2,February,Rainy,28.08,9.77
Melaky,-18.0667,44.0333,2021-03-01,2021,3,March,Rainy,27.95,4.35
Melaky,-18.0667,44.0333,2021-04-01,2021,4,April,Rainy,27.55,0.22
Melaky,-18.0667,44.0333,2021-05-01,2021,5,May,Dry,25.92,0.0
Melaky,-18.0667,44.0333,2021-06-01,2021,6,June,Dry,24.92,0.06
Melaky,-18.0667,44.0333,2021-07-01,2021,7,July,Dry,24.75,0.11
Melaky,-18.0667,44.0333,2021-08-01,2021,8,August,Dry,24.87,0.06
Melaky,-18.0667,44.0333,2021-09-01,2021,9,September,Dry,25.85,0.03
Melaky,-18.0667,44.0333,2021-10-01,2021,10,October,Dry,26.45,0.08
Melaky,-18.0667,44.0333,2021-11-01,2021,11,November,Rainy,27.43,0.61
Melaky,-18.0667,44.0333,2021-12-01,2021,12,December,Rainy,28.73,2.14
Melaky,-18.0667,44.0333,2022-01-01,2022,1,January,Rainy,28.21,7.12
Melaky,-18.0667,44.0333,2022-02-01,2022,2,February,Rainy,28.42,5.78
Melaky,-18.0667,44.0333,2022-03-01,2022,3,March,Rainy,28.36,12.45
Melaky,-18.0667,44.0333,2022-04-01,2022,4,April,Rainy,28.02,1.57
Melaky,-18.0667,44.0333,2022-05-01,2022,5,May,Dry,26.37,0.06
Melaky,-18.0667,44.0333,2022-06-01,2022,6,June,Dry,24.87,0.41
Melaky,-18.0667,44.0333,2022-07-01,2022,7,July,Dry,24.31,0.3
Melaky,-18.0667,44.0333,2022-08-01,2022,8,August,Dry,24.68,0.04
Melaky,-18.0667,44.0333,2022-09-01,2022,9,September,Dry,25.39,0.0
Melaky,-18.0667,44.0333,2022-10-01,2022,10,October,Dry,26.49,0.71
Melaky,-18.0667,44.0333,2022-11-01,2022,11,November,Rainy,27.52,1.65
Melaky,-18.0667,44.0333,2022-12-01,2022,12,December,Rainy,27.89,5.85
Melaky,-18.0667,44.0333,2023-01-01,2023,1,January,Rainy,27.96,15.44
Melaky,-18.0667,44.0333,2023-02-01,2023,2,February,Rainy,27.83,5.88
Melaky,-18.0667,44.0333,2023-03-01,2023,3,March,Rainy,27.97,5.31
Melaky,-18.0667,44.0333,2023-04-01,2023,4,April,Rainy,27.49,0.66
Melaky,-18.0667,44.0333,2023-05-01,2023,5,May,Dry,26.1,0.07
Melaky,-18.0667,44.0333,2023-06-01,2023,6,June,Dry,25.29,0.0
Melaky,-18.0667,44.0333,2023-07-01,2023,7,July,Dry,24.75,0.0
Melaky,-18.0667,44.0333,2023-08-01,2023,8,August,Dry,25.04,0.06
Melaky,-18.0667,44.0333,2023-09-01,2023,9,September,Dry,26.53,0.27
Melaky,-18.0667,44.0333,2023-10-01,2023,10,October,Dry,27.32,0.26
Melaky,-18.0667,44.0333,2023-11-01,2023,11,November,Rainy,28.09,0.58
Melaky,-18.0667,44.0333,2023-12-01,2023,12,December,Rainy,29.29,1.38
Melaky,-18.0667,44.0333,2024-01-01,2024,1,January,Rainy,28.9,8.11
Melaky,-18.0667,44.0333,2024-02-01,2024,2,February,Rainy,28.85,8.04
Melaky,-18.0667,44.0333,2024-03-01,2024,3,March,Rainy,29.08,1.9
Melaky,-18.0667,44.0333,2024-04-01,2024,4,April,Rainy,28.98,0.2
Melaky,-18.0667,44.0333,2024-05-01,2024,5,May,Dry,27.44,0.07
Melaky,-18.0667,44.0333,2024-06-01,2024,6,June,Dry,26.21,0.01
Melaky,-18.0667,44.0333,2024-07-01,2024,7,July,Dry,24.63,0.0
Melaky,-18.0667,44.0333,2024-08-01,2024,8,August,Dry,25.4,0.0
Melaky,-18.0667,44.0333,2024-09-01,2024,9,September,Dry,26.47,0.09
Melaky,-18.0667,44.0333,2024-10-01,2024,10,October,Dry,26.78,0.62
Melaky,-18.0667,44.0333,2024-11-01,2024,11,November,Rainy,28.3,0.69
Melaky,-18.0667,44.0333,2024-12-01,2024,12,December,Rainy,29.22,3.11
Menabe,-20.2833,44.2833,2005-01-01,2005,1,January,Rainy,26.94,15.49
Menabe,-20.2833,44.2833,2005-02-01,2005,2,February,Rainy,26.97,2.14
Menabe,-20.2833,44.2833,2005-03-01,2005,3,March,Rainy,26.51,2.75
Menabe,-20.2833,44.2833,2005-04-01,2005,4,April,Rainy,25.19,1.43
Menabe,-20.2833,44.2833,2005-05-01,2005,5,May,Dry,25.1,0.54
Menabe,-20.2833,44.2833,2005-06-01,2005,6,June,Dry,24.1,0.07
Menabe,-20.2833,44.2833,2005-07-01,2005,7,July,Dry,22.68,0.7
Menabe,-20.2833,44.2833,2005-08-01,2005,8,August,Dry,24.26,0.01
Menabe,-20.2833,44.2833,2005-09-01,2005,9,September,Dry,26.15,0.26
Menabe,-20.2833,44.2833,2005-10-01,2005,10,October,Dry,28.12,0.14
Menabe,-20.2833,44.2833,2005-11-01,2005,11,November,Rainy,28.68,0.5
Menabe,-20.2833,44.2833,2005-12-01,2005,12,December,Rainy,29.43,2.56
Menabe,-20.2833,44.2833,2006-01-01,2006,1,January,Rainy,28.93,3.91
Menabe,-20.2833,44.2833,2006-02-01,2006,2,February,Rainy,27.16,6.38
Menabe,-20.2833,44.2833,2006-03-01,2006,3,March,Rainy,28.67,2.08
Menabe,-20.2833,44.2833,2006-04-01,2006,4,April,Rainy,28.37,0.69
Menabe,-20.2833,44.2833,2006-05-01,2006,5,May,Dry,24.93,0.1
Menabe,-20.2833,44.2833,2006-06-01,2006,6,June,Dry,24.1,0.07
Menabe,-20.2833,44.2833,2006-07-01,2006,7,July,Dry,23.54,0.23
Menabe,-20.2833,44.2833,2006-08-01,2006,8,August,Dry,23.65,0.37
Menabe,-20.2833,44.2833,2006-09-01,2006,9,September,Dry,25.42,0.15
Menabe,-20.2833,44.2833,2006-10-01,2006,10,October,Dry,27.64,0.03
Menabe,-20.2833,44.2833,2006-11-01,2006,11,November,Rainy,28.71,2.04
Menabe,-20.2833,44.2833,2006-12-01,2006,12,December,Rainy,28.27,7.58
Menabe,-20.2833,44.2833,2007-01-01,2007,1,January,Rainy,26.51,19.02
Menabe,-20.2833,44.2833,2007-02-01,2007,2,February,Rainy,26.77,12.72
Menabe,-20.2833,44.2833,2007-03-01,2007,3,March,Rainy,26.35,2.5
Menabe,-20.2833,44.2833,2007-04-01,2007,4,April,Rainy,25.47,2.53
Menabe,-20.2833,44.2833,2007-05-01,2007,5,May,Dry,23.85,0.63
Menabe,-20.2833,44.2833,2007-06-01,2007,6,June,Dry,20.92,0.23
Menabe,-20.2833,44.2833,2007-07-01,2007,7,July,Dry,21.93,0.01
Menabe,-20.2833,44.2833,2007-08-01,2007,8,August,Dry,23.56,0.12
Menabe,-20.2833,44.2833,2007-09-01,2007,9,September,Dry,26.02,0.56
Menabe,-20.2833,44.2833,2007-10-01,2007,10,October,Dry,27.26,0.43
Menabe,-20.2833,44.2833,2007-11-01,2007,11,November,Rainy,28.96,1.38
Menabe,-20.2833,44.2833,2007-12-01,2007,12,December,Rainy,28.56,8.19
Menabe,-20.2833,44.2833,2008-01-01,2008,1,January,Rainy,26.68,7.74
Menabe,-20.2833,44.2833,2008-02-01,2008,2,February,Rainy,26.78,11.99
Menabe,-20.2833,44.2833,2008-03-01,2008,3,March,Rainy,25.77,1.42
Menabe,-20.2833,44.2833,2008-04-01,2008,4,April,Rainy,24.6,0.16
Menabe,-20.2833,44.2833,2008-05-01,2008,5,May,Dry,23.87,0.44
Menabe,-20.2833,44.2833,2008-06-01,2008,6,June,Dry,22.1,0.1
Menabe,-20.2833,44.2833,2008-07-01,2008,7,July,Dry,22.97,0.0
Menabe,-20.2833,44.2833,2008-08-01,2008,8,August,Dry,24.38,0.0
Menabe,-20.2833,44.2833,2008-09-01,2008,9,September,Dry,25.83,0.17
Menabe,-20.2833,44.2833,2008-10-01,2008,10,October,Dry,28.04,2.54
Menabe,-20.2833,44.2833,2008-11-01,2008,11,November,Rainy,28.02,4.53
Menabe,-20.2833,44.2833,2008-12-01,2008,12,December,Rainy,28.55,4.8
Menabe,-20.2833,44.2833,2009-01-01,2009,1,January,Rainy,27.69,10.22
Menabe,-20.2833,44.2833,2009-02-01,2009,2,February,Rainy,27.48,5.75
Menabe,-20.2833,44.2833,2009-03-01,2009,3,March,Rainy,26.8,5.93
Menabe,-20.2833,44.2833,2009-04-01,2009,4,April,Rainy,25.0,1.95
Menabe,-20.2833,44.2833,2009-05-01,2009,5,May,Dry,23.98,0.18
Menabe,-20.2833,44.2833,2009-06-01,2009,6,June,Dry,22.96,0.19
Menabe,-20.2833,44.2833,2009-07-01,2009,7,July,Dry,22.56,0.83
Menabe,-20.2833,44.2833,2009-08-01,2009,8,August,Dry,23.91,0.18
Menabe,-20.2833,44.2833,2009-09-01,2009,9,September,Dry,25.94,0.02
Menabe,-20.2833,44.2833,2009-10-01,2009,10,October,Dry,27.55,1.06
Menabe,-20.2833,44.2833,2009-11-01,2009,11,November,Rainy,28.52,1.99
Menabe,-20.2833,44.2833,2009-12-01,2009,12,December,Rainy,29.1,3.11
Menabe,-20.2833,44.2833,2010-01-01,2010,1,January,Rainy,28.31,6.64
Menabe,-20.2833,44.2833,2010-02-01,2010,2,February,Rainy,28.28,2.51
Menabe,-20.2833,44.2833,2010-03-01,2010,3,March,Rainy,27.78,5.39
Menabe,-20.2833,44.2833,2010-04-01,2010,4,April,Rainy,28.77,0.94
Menabe,-20.2833,44.2833,2010-05-01,2010,5,May,Dry,25.77,2.32
Menabe,-20.2833,44.2833,2010-06-01,2010,6,June,Dry,23.73,1.24
Menabe,-20.2833,44.2833,2010-07-01,2010,7,July,Dry,23.54,0.07
Menabe,-20.2833,44.2833,2010-08-01,2010,8,August,Dry,23.98,0.18
Menabe,-20.2833,44.2833,2010-09-01,2010,9,September,Dry,25.32,0.0
Menabe,-20.2833,44.2833,2010-10-01,2010,10,October,Dry,27.86,1.1
Menabe,-20.2833,44.2833,2010-11-01,2010,11,November,Rainy,29.11,1.43
Menabe,-20.2833,44.2833,2010-12-01,2010,12,December,Rainy,28.37,4.39
Menabe,-20.2833,44.2833,2011-01-01,2011,1,January,Rainy,28.03,8.36
Menabe,-20.2833,44.2833,2011-02-01,2011,2,February,Rainy,26.78,5.9
Menabe,-20.2833,44.2833,2011-03-01,2011,3,March,Rainy,26.77,7.15
Menabe,-20.2833,44.2833,2011-04-01,2011,4,April,Rainy,25.44,3.68
Menabe,-20.2833,44.2833,2011-05-01,2011,5,May,Dry,23.76,0.46
Menabe,-20.2833,44.2833,2011-06-01,2011,6,June,Dry,22.4,0.43
Menabe,-20.2833,44.2833,2011-07-01,2011,7,July,Dry,21.51,0.06
Menabe,-20.2833,44.2833,2011-08-01,2011,8,August,Dry,24.0,0.4
Menabe,-20.2833,44.2833,2011-09-01,2011,9,September,Dry,26.15,0.01
Menabe,-20.2833,44.2833,2011-10-01,2011,10,October,Dry,27.39,0.19
Menabe,-20.2833,44.2833,2011-11-01,2011,11,November,Rainy,28.81,2.8
Menabe,-20.2833,44.2833,2011-12-01,2011,12,December,Rainy,28.95,2.76
Menabe,-20.2833,44.2833,2012-01-01,2012,1,January,Rainy,26.34,15.59
Menabe,-20.2833,44.2833,2012-02-01,2012,2,February,Rainy,26.96,4.21
Menabe,-20.2833,44.2833,2012-03-01,2012,3,March,Rainy,26.14,5.37
Menabe,-20.2833,44.2833,2012-04-01,2012,4,April,Rainy,25.24,6.2
Menabe,-20.2833,44.2833,2012-05-01,2012,5,May,Dry,23.52,0.35
Menabe,-20.2833,44.2833,2012-06-01,2012,6,June,Dry,22.52,0.48
Menabe,-20.2833,44.2833,2012-07-01,2012,7,July,Dry,22.19,0.01
Menabe,-20.2833,44.2833,2012-08-01,2012,8,August,Dry,24.1,0.0
Menabe,-20.2833,44.2833,2012-09-01,2012,9,September,Dry,26.37,0.05
Menabe,-20.2833,44.2833,2012-10-01,2012,10,October,Dry,27.75,2.97
Menabe,-20.2833,44.2833,2012-11-01,2012,11,November,Rainy,27.28,6.45
Menabe,-20.2833,44.2833,2012-12-01,2012,12,December,Rainy,27.59,6.69
Menabe,-20.2833,44.2833,2013-01-01,2013,1,January,Rainy,27.72,5.66
Menabe,-20.2833,44.2833,2013-02-01,2013,2,February,Rainy,26.2,14.08
Menabe,-20.2833,44.2833,2013-03-01,2013,3,March,Rainy,26.4,1.8
Menabe,-20.2833,44.2833,2013-04-01,2013,4,April,Rainy,25.74,0.32
Menabe,-20.2833,44.2833,2013-05-01,2013,5,May,Dry,24.08,0.27
Menabe,-20.2833,44.2833,2013-06-01,2013,6,June,Dry,21.91,0.0
Menabe,-20.2833,44.2833,2013-07-01,2013,7,July,Dry,22.29,0.0
Menabe,-20.2833,44.2833,2013-08-01,2013,8,August,Dry,24.14,0.0
Menabe,-20.2833,44.2833,2013-09-01,2013,9,September,Dry,26.05,3.02
Menabe,-20.2833,44.2833,2013-10-01,2013,10,October,Dry,26.38,0.63
Menabe,-20.2833,44.2833,2013-11-01,2013,11,November,Rainy,28.95,1.56
Menabe,-20.2833,44.2833,2013-12-01,2013,12,December,Rainy,29.48,1.92
Menabe,-20.2833,44.2833,2014-01-01,2014,1,January,Rainy,26.78,18.8
Menabe,-20.2833,44.2833,2014-02-01,2014,2,February,Rainy,26.72,5.12
Menabe,-20.2833,44.2833,2014-03-01,2014,3,March,Rainy,26.95,0.66
Menabe,-20.2833,44.2833,2014-04-01,2014,4,April,Rainy,25.73,0.46
Menabe,-20.2833,44.2833,2014-05-01,2014,5,May,Dry,24.05,0.3
Menabe,-20.2833,44.2833,2014-06-01,2014,6,June,Dry,23.16,0.01
Menabe,-20.2833,44.2833,2014-07-01,2014,7,July,Dry,23.65,0.25
Menabe,-20.2833,44.2833,2014-08-01,2014,8,August,Dry,24.31,0.63
Menabe,-20.2833,44.2833,2014-09-01,2014,9,September,Dry,25.81,0.8
Menabe,-20.2833,44.2833,2014-10-01,2014,10,October,Dry,26.31,0.18
Menabe,-20.2833,44.2833,2014-11-01,2014,11,November,Rainy,28.62,0.71
Menabe,-20.2833,44.2833,2014-12-01,2014,12,December,Rainy,28.89,2.06
Menabe,-20.2833,44.2833,2015-01-01,2015,1,January,Rainy,26.92,16.67
Menabe,-20.2833,44.2833,2015-02-01,2015,2,February,Rainy,26.3,11.14
Menabe,-20.2833,44.2833,2015-03-01,2015,3,March,Rainy,26.35,5.65
Menabe,-20.2833,44.2833,2015-04-01,2015,4,April,Rainy,25.36,0.26
Menabe,-20.2833,44.2833,2015-05-01,2015,5,May,Dry,23.57,0.08
Menabe,-20.2833,44.2833,2015-06-01,2015,6,June,Dry,23.01,0.04
Menabe,-20.2833,44.2833,2015-07-01,2015,7,July,Dry,22.53,0.0
Menabe,-20.2833,44.2833,2015-08-01,2015,8,August,Dry,23.53,0.02
Menabe,-20.2833,44.2833,2015-09-01,2015,9,September,Dry,26.09,0.35
Menabe,-20.2833,44.2833,2015-10-01,2015,10,October,Dry,27.92,2.52
Menabe,-20.2833,44.2833,2015-11-01,2015,11,November,Rainy,28.22,1.38
Menabe,-20.2833,44.2833,2015-12-01,2015,12,December,Rainy,28.68,4.92
Menabe,-20.2833,44.2833,2016-01-01,2016,1,January,Rainy,28.78,5.58
Menabe,-20.2833,44.2833,2016-02-01,2016,2,February,Rainy,28.51,4.57
Menabe,-20.2833,44.2833,2016-03-01,2016,3,March,Rainy,27.85,9.45
Menabe,-20.2833,44.2833,2016-04-01,2016,4,April,Rainy,26.64,0.08
Menabe,-20.2833,44.2833,2016-05-01,2016,5,May,Dry,24.0,0.05
Menabe,-20.2833,44.2833,2016-06-01,2016,6,June,Dry,23.38,0.49
Menabe,-20.2833,44.2833,2016-07-01,2016,7,July,Dry,23.66,0.14
Menabe,-20.2833,44.2833,2016-08-01,2016,8,August,Dry,24.11,0.01
Menabe,-20.2833,44.2833,2016-09-01,2016,9,September,Dry,25.92,0.02
Menabe,-20.2833,44.2833,2016-10-01,2016,10,October,Dry,27.24,0.6
Menabe,-20.2833,44.2833,2016-11-01,2016,11,November,Rainy,28.65,1.58
Menabe,-20.2833,44.2833,2016-12-01,2016,12,December,Rainy,29.49,1.62
Menabe,-20.2833,44.2833,2017-01-01,2017,1,January,Rainy,28.5,5.68
Menabe,-20.2833,44.2833,2017-02-01,2017,2,February,Rainy,27.58,9.79
Menabe,-20.2833,44.2833,2017-03-01,2017,3,March,Rainy,27.6,2.06
Menabe,-20.2833,44.2833,2017-04-01,2017,4,April,Rainy,26.99,0.92
Menabe,-20.2833,44.2833,2017-05-01,2017,5,May,Dry,25.99,0.25
Menabe,-20.2833,44.2833,2017-06-01,2017,6,June,Dry,25.61,0.16
Menabe,-20.2833,44.2833,2017-07-01,2017,7,July,Dry,24.14,0.01
Menabe,-20.2833,44.2833,2017-08-01,2017,8,August,Dry,24.86,0.02
Menabe,-20.2833,44.2833,2017-09-01,2017,9,September,Dry,25.92,0.11
Menabe,-20.2833,44.2833,2017-10-01,2017,10,October,Dry,28.27,0.32
Menabe,-20.2833,44.2833,2017-11-01,2017,11,November,Rainy,28.68,0.86
Menabe,-20.2833,44.2833,2017-12-01,2017,12,December,Rainy,29.39,2.8
Menabe,-20.2833,44.2833,2018-01-01,2018,1,January,Rainy,28.83,5.36
Menabe,-20.2833,44.2833,2018-02-01,2018,2,February,Rainy,27.89,4.26
Menabe,-20.2833,44.2833,2018-03-01,2018,3,March,Rainy,29.51,1.16
Menabe,-20.2833,44.2833,2018-04-01,2018,4,April,Rainy,26.74,4.5
Menabe,-20.2833,44.2833,2018-05-01,2018,5,May,Dry,25.79,0.02
Menabe,-20.2833,44.2833,2018-06-01,2018,6,June,Dry,24.18,0.16
Menabe,-20.2833,44.2833,2018-07-01,2018,7,July,Dry,23.83,0.01
Menabe,-20.2833,44.2833,2018-08-01,2018,8,August,Dry,24.59,0.01
Menabe,-20.2833,44.2833,2018-09-01,2018,9,September,Dry,26.0,1.3
Menabe,-20.2833,44.2833,2018-10-01,2018,10,October,Dry,26.26,0.29
Menabe,-20.2833,44.2833,2018-11-01,2018,11,November,Rainy,28.44,0.96
Menabe,-20.2833,44.2833,2018-12-01,2018,12,December,Rainy,29.21,2.34
Menabe,-20.2833,44.2833,2019-01-01,2019,1,January,Rainy,28.03,8.24
Menabe,-20.2833,44.2833,2019-02-01,2019,2,February,Rainy,27.92,4.56
Menabe,-20.2833,44.2833,2019-03-01,2019,3,March,Rainy,27.39,5.49
Menabe,-20.2833,44.2833,2019-04-01,2019,4,April,Rainy,27.65,0.53
Menabe,-20.2833,44.2833,2019-05-01,2019,5,May,Dry,25.7,0.81
Menabe,-20.2833,44.2833,2019-06-01,2019,6,June,Dry,24.11,0.58
Menabe,-20.2833,44.2833,2019-07-01,2019,7,July,Dry,23.02,0.2
Menabe,-20.2833,44.2833,2019-08-01,2019,8,August,Dry,24.98,0.03
Menabe,-20.2833,44.2833,2019-09-01,2019,9,September,Dry,25.98,0.31
Menabe,-20.2833,44.2833,2019-10-01,2019,10,October,Dry,28.99,0.33
Menabe,-20.2833,44.2833,2019-11-01,2019,11,November,Rainy,29.35,3.25
Menabe,-20.2833,44.2833,2019-12-01,2019,12,December,Rainy,29.12,6.66
Menabe,-20.2833,44.2833,2020-01-01,2020,1,January,Rainy,28.34,7.78
Menabe,-20.2833,44.2833,2020-02-01,2020,2,February,Rainy,28.5,4.04
Menabe,-20.2833,44.2833,2020-03-01,2020,3,March,Rainy,29.35,0.92
Menabe,-20.2833,44.2833,2020-04-01,2020,4,April,Rainy,27.96,1.28
Menabe,-20.2833,44.2833,2020-05-01,2020,5,May,Dry,25.33,0.29
Menabe,-20.2833,44.2833,2020-06-01,2020,6,June,Dry,24.34,0.41
Menabe,-20.2833,44.2833,2020-07-01,2020,7,July,Dry,22.83,0.18
Menabe,-20.2833,44.2833,2020-08-01,2020,8,August,Dry,24.34,0.0
Menabe,-20.2833,44.2833,2020-09-01,2020,9,September,Dry,26.6,0.06
Menabe,-20.2833,44.2833,2020-10-01,2020,10,October,Dry,28.18,0.12
Menabe,-20.2833,44.2833,2020-11-01,2020,11,November,Rainy,29.25,0.32
Menabe,-20.2833,44.2833,2020-12-01,2020,12,December,Rainy,30.48,2.23
Menabe,-20.2833,44.2833,2021-01-01,2021,1,January,Rainy,29.73,5.8
Menabe,-20.2833,44.2833,2021-02-01,2021,2,February,Rainy,27.08,13.76
Menabe,-20.2833,44.2833,2021-03-01,2021,3,March,Rainy,26.01,5.05
Menabe,-20.2833,44.2833,2021-04-01,2021,4,April,Rainy,25.51,0.37
Menabe,-20.2833,44.2833,2021-05-01,2021,5,May,Dry,23.59,0.05
Menabe,-20.2833,44.2833,2021-06-01,2021,6,June,Dry,23.03,0.29
Menabe,-20.2833,44.2833,2021-07-01,2021,7,July,Dry,23.92,0.07
Menabe,-20.2833,44.2833,2021-08-01,2021,8,August,Dry,24.54,0.02
Menabe,-20.2833,44.2833,2021-09-01,2021,9,September,Dry,26.52,0.03
Menabe,-20.2833,44.2833,2021-10-01,2021,10,October,Dry,27.74,0.02
Menabe,-20.2833,44.2833,2021-11-01,2021,11,November,Rainy,29.37,0.42
Menabe,-20.2833,44.2833,2021-12-01,2021,12,December,Rainy,29.79,1.0
Menabe,-20.2833,44.2833,2022-01-01,2022,1,January,Rainy,29.2,4.03
Menabe,-20.2833,44.2833,2022-02-01,2022,2,February,Rainy,29.15,5.78
Menabe,-20.2833,44.2833,2022-03-01,2022,3,March,Rainy,27.77,4.74
Menabe,-20.2833,44.2833,2022-04-01,2022,4,April,Rainy,27.71,0.59
Menabe,-20.2833,44.2833,2022-05-01,2022,5,May,Dry,25.74,0.06
Menabe,-20.2833,44.2833,2022-06-01,2022,6,June,Dry,23.77,0.04
Menabe,-20.2833,44.2833,2022-07-01,2022,7,July,Dry,23.47,0.08
Menabe,-20.2833,44.2833,2022-08-01,2022,8,August,Dry,24.57,0.23
Menabe,-20.2833,44.2833,2022-09-01,2022,9,September,Dry,25.97,0.01
Menabe,-20.2833,44.2833,2022-10-01,2022,10,October,Dry,27.97,0.45
Menabe,-20.2833,44.2833,2022-11-01,2022,11,November,Rainy,28.81,1.66
Menabe,-20.2833,44.2833,2022-12-01,2022,12,December,Rainy,28.15,4.22
Menabe,-20.2833,44.2833,2023-01-01,2023,1,January,Rainy,27.87,8.47
Menabe,-20.2833,44.2833,2023-02-01,2023,2,February,Rainy,27.04,3.45
Menabe,-20.2833,44.2833,2023-03-01,2023,3,March,Rainy,26.3,9.31
Menabe,-20.2833,44.2833,2023-04-01,2023,4,April,Rainy,25.77,0.68
Menabe,-20.2833,44.2833,2023-05-01,2023,5,May,Dry,24.47,0.29
Menabe,-20.2833,44.2833,2023-06-01,2023,6,June,Dry,23.13,0.0
Menabe,-20.2833,44.2833,2023-07-01,2023,7,July,Dry,23.81,0.02
Menabe,-20.2833,44.2833,2023-08-01,2023,8,August,Dry,25.26,0.05
Menabe,-20.2833,44.2833,2023-09-01,2023,9,September,Dry,27.08,0.01
Menabe,-20.2833,44.2833,2023-10-01,2023,10,October,Dry,28.56,0.24
Menabe,-20.2833,44.2833,2023-11-01,2023,11,November,Rainy,29.41,0.46
Menabe,-20.2833,44.2833,2023-12-01,2023,12,December,Rainy,30.43,2.0
Menabe,-20.2833,44.2833,2024-01-01,2024,1,January,Rainy,28.96,7.58
Menabe,-20.2833,44.2833,2024-02-01,2024,2,February,Rainy,28.05,5.81
Menabe,-20.2833,44.2833,2024-03-01,2024,3,March,Rainy,27.46,7.13
Menabe,-20.2833,44.2833,2024-04-01,2024,4,April,Rainy,27.38,0.2
Menabe,-20.2833,44.2833,2024-05-01,2024,5,May,Dry,26.4,0.03
Menabe,-20.2833,44.2833,2024-06-01,2024,6,June,Dry,24.93,0.05
Menabe,-20.2833,44.2833,2024-07-01,2024,7,July,Dry,22.64,0.0
Menabe,-20.2833,44.2833,2024-08-01,2024,8,August,Dry,24.81,0.06
Menabe,-20.2833,44.2833,2024-09-01,2024,9,September,Dry,27.57,0.09
Menabe,-20.2833,44.2833,2024-10-01,2024,10,October,Dry,28.4,0.14
Menabe,-20.2833,44.2833,2024-11-01,2024,11,November,Rainy,30.1,0.71
Menabe,-20.2833,44.2833,2024-12-01,2024,12,December,Rainy,30.65,2.59
SAVA,-14.2667,50.1667,2005-01-01,2005,1,January,Rainy,25.57,5.74
SAVA,-14.2667,50.1667,2005-02-01,2005,2,February,Rainy,25.88,11.91
SAVA,-14.2667,50.1667,2005-03-01,2005,3,March,Rainy,25.8,3.53
SAVA,-14.2667,50.1667,2005-04-01,2005,4,April,Rainy,24.98,1.94
SAVA,-14.2667,50.1667,2005-05-01,2005,5,May,Dry,23.51,6.41
SAVA,-14.2667,50.1667,2005-06-01,2005,6,June,Dry,21.61,5.65
SAVA,-14.2667,50.1667,2005-07-01,2005,7,July,Dry,20.83,2.35
SAVA,-14.2667,50.1667,2005-08-01,2005,8,August,Dry,20.2,7.91
SAVA,-14.2667,50.1667,2005-09-01,2005,9,September,Dry,20.73,6.21
SAVA,-14.2667,50.1667,2005-10-01,2005,10,October,Dry,21.86,2.61
SAVA,-14.2667,50.1667,2005-11-01,2005,11,November,Rainy,23.88,3.34
SAVA,-14.2667,50.1667,2005-12-01,2005,12,December,Rainy,25.08,4.61
SAVA,-14.2667,50.1667,2006-01-01,2006,1,January,Rainy,24.72,11.71
SAVA,-14.2667,50.1667,2006-02-01,2006,2,February,Rainy,24.84,12.11
SAVA,-14.2667,50.1667,2006-03-01,2006,3,March,Rainy,24.82,9.44
SAVA,-14.2667,50.1667,2006-04-01,2006,4,April,Rainy,24.19,4.88
SAVA,-14.2667,50.1667,2006-05-01,2006,5,May,Dry,23.31,2.38
SAVA,-14.2667,50.1667,2006-06-01,2006,6,June,Dry,21.62,5.18
SAVA,-14.2667,50.1667,2006-07-01,2006,7,July,Dry,20.54,7.14
SAVA,-14.2667,50.1667,2006-08-01,2006,8,August,Dry,20.52,3.41
SAVA,-14.2667,50.1667,2006-09-01,2006,9,September,Dry,21.04,1.71
SAVA,-14.2667,50.1667,2006-10-01,2006,10,October,Dry,22.32,1.83
SAVA,-14.2667,50.1667,2006-11-01,2006,11,November,Rainy,24.26,4.14
SAVA,-14.2667,50.1667,2006-12-01,2006,12,December,Rainy,24.96,20.06
SAVA,-14.2667,50.1667,2007-01-01,2007,1,January,Rainy,25.47,6.65
SAVA,-14.2667,50.1667,2007-02-01,2007,2,February,Rainy,25.84,6.15
SAVA,-14.2667,50.1667,2007-03-01,2007,3,March,Rainy,24.61,9.19
SAVA,-14.2667,50.1667,2007-04-01,2007,4,April,Rainy,23.89,8.07
SAVA,-14.2667,50.1667,2007-05-01,2007,5,May,Dry,23.18,10.21
SAVA,-14.2667,50.1667,2007-06-01,2007,6,June,Dry,21.19,2.19
SAVA,-14.2667,50.1667,2007-07-01,2007,7,July,Dry,20.85,3.23
SAVA,-14.2667,50.1667,2007-08-01,2007,8,August,Dry,20.62,2.67
SAVA,-14.2667,50.1667,2007-09-01,2007,9,September,Dry,21.09,2.34
SAVA,-14.2667,50.1667,2007-10-01,2007,10,October,Dry,22.18,3.21
SAVA,-14.2667,50.1667,2007-11-01,2007,11,November,Rainy,23.82,2.32
SAVA,-14.2667,50.1667,2007-12-01,2007,12,December,Rainy,25.12,3.46
SAVA,-14.2667,50.1667,2008-01-01,2008,1,January,Rainy,25.18,10.12
SAVA,-14.2667,50.1667,2008-02-01,2008,2,February,Rainy,24.98,5.97
SAVA,-14.2667,50.1667,2008-03-01,2008,3,March,Rainy,24.36,10.96
SAVA,-14.2667,50.1667,2008-04-01,2008,4,April,Rainy,23.68,2.98
SAVA,-14.2667,50.1667,2008-05-01,2008,5,May,Dry,22.91,0.66
SAVA,-14.2667,50.1667,2008-06-01,2008,6,June,Dry,21.26,2.65
SAVA,-14.2667,50.1667,2008-07-01,2008,7,July,Dry,20.37,4.28
SAVA,-14.2667,50.1667,2008-08-01,2008,8,August,Dry,20.76,3.43
SAVA,-14.2667,50.1667,2008-09-01,2008,9,September,Dry,22.3,1.11
SAVA,-14.2667,50.1667,2008-10-01,2008,10,October,Dry,23.21,3.99
SAVA,-14.2667,50.1667,2008-11-01,2008,11,November,Rainy,24.98,2.6
SAVA,-14.2667,50.1667,2008-12-01,2008,12,December,Rainy,25.72,3.91
SAVA,-14.2667,50.1667,2009-01-01,2009,1,January,Rainy,26.35,3.8
SAVA,-14.2667,50.1667,2009-02-01,2009,2,February,Rainy,26.16,4.47
SAVA,-14.2667,50.1667,2009-03-01,2009,3,March,Rainy,25.73,7.61
SAVA,-14.2667,50.1667,2009-04-01,2009,4,April,Rainy,24.7,8.0
SAVA,-14.2667,50.1667,2009-05-01,2009,5,May,Dry,24.44,0.9
SAVA,-14.2667,50.1667,2009-06-01,2009,6,June,Dry,22.53,3.29
SAVA,-14.2667,50.1667,2009-07-01,2009,7,July,Dry,21.37,3.52
SAVA,-14.2667,50.1667,2009-08-01,2009,8,August,Dry,21.11,4.97
SAVA,-14.2667,50.1667,2009-09-01,2009,9,September,Dry,21.62,4.94
SAVA,-14.2667,50.1667,2009-10-01,2009,10,October,Dry,23.2,4.17
SAVA,-14.2667,50.1667,2009-11-01,2009,11,November,Rainy,24.62,6.39
SAVA,-14.2667,50.1667,2009-12-01,2009,12,December,Rainy,25.86,3.04
SAVA,-14.2667,50.1667,2010-01-01,2010,1,January,Rainy,26.15,7.51
SAVA,-14.2667,50.1667,2010-02-01,2010,2,February,Rainy,25.82,7.26
SAVA,-14.2667,50.1667,2010-03-01,2010,3,March,Rainy,25.33,9.69
SAVA,-14.2667,50.1667,2010-04-01,2010,4,April,Rainy,24.42,7.51
SAVA,-14.2667,50.1667,2010-05-01,2010,5,May,Dry,23.52,5.36
SAVA,-14.2667,50.1667,2010-06-01,2010,6,June,Dry,22.3,5.53
SAVA,-14.2667,50.1667,2010-07-01,2010,7,July,Dry,20.5,4.05
SAVA,-14.2667,50.1667,2010-08-01,2010,8,August,Dry,20.53,6.69
SAVA,-14.2667,50.1667,2010-09-01,2010,9,September,Dry,21.67,2.48
SAVA,-14.2667,50.1667,2010-10-01,2010,10,October,Dry,22.97,3.03
SAVA,-14.2667,50.1667,2010-11-01,2010,11,November,Rainy,23.65,5.23
SAVA,-14.2667,50.1667,2010-12-01,2010,12,December,Rainy,25.57,2.21
SAVA,-14.2667,50.1667,2011-01-01,2011,1,January,Rainy,25.13,7.35
SAVA,-14.2667,50.1667,2011-02-01,2011,2,February,Rainy,25.66,5.52
SAVA,-14.2667,50.1667,2011-03-01,2011,3,March,Rainy,24.69,9.79
SAVA,-14.2667,50.1667,2011-04-01,2011,4,April,Rainy,24.56,6.63
SAVA,-14.2667,50.1667,2011-05-01,2011,5,May,Dry,23.17,2.66
SAVA,-14.2667,50.1667,2011-06-01,2011,6,June,Dry,21.75,6.17
SAVA,-14.2667,50.1667,2011-07-01,2011,7,July,Dry,21.14,1.64
SAVA,-14.2667,50.1667,2011-08-01,2011,8,August,Dry,21.29,2.61
SAVA,-14.2667,50.1667,2011-09-01,2011,9,September,Dry,21.18,5.81
SAVA,-14.2667,50.1667,2011-10-01,2011,10,October,Dry,23.14,2.56
SAVA,-14.2667,50.1667,2011-11-01,2011,11,November,Rainy,24.9,1.44
SAVA,-14.2667,50.1667,2011-12-01,2011,12,December,Rainy,26.54,2.75
SAVA,-14.2667,50.1667,2012-01-01,2012,1,January,Rainy,25.4,9.22
SAVA,-14.2667,50.1667,2012-02-01,2012,2,February,Rainy,25.51,8.7
SAVA,-14.2667,50.1667,2012-03-01,2012,3,March,Rainy,24.5,6.73
SAVA,-14.2667,50.1667,2012-04-01,2012,4,April,Rainy,24.35,7.16
SAVA,-14.2667,50.1667,2012-05-01,2012,5,May,Dry,23.2,7.49
SAVA,-14.2667,50.1667,2012-06-01,2012,6,June,Dry,21.33,5.15
SAVA,-14.2667,50.1667,2012-07-01,2012,7,July,Dry,20.44,3.81
SAVA,-14.2667,50.1667,2012-08-01,2012,8,August,Dry,20.75,2.43
SAVA,-14.2667,50.1667,2012-09-01,2012,9,September,Dry,21.2,5.27
SAVA,-14.2667,50.1667,2012-10-01,2012,10,October,Dry,22.74,1.9
SAVA,-14.2667,50.1667,2012-11-01,2012,11,November,Rainy,24.36,3.56
SAVA,-14.2667,50.1667,2012-12-01,2012,12,December,Rainy,25.72,3.3
SAVA,-14.2667,50.1667,2013-01-01,2013,1,January,Rainy,26.23,5.81
SAVA,-14.2667,50.1667,2013-02-01,2013,2,February,Rainy,26.28,4.05
SAVA,-14.2667,50.1667,2013-03-01,2013,3,March,Rainy,25.85,2.83
SAVA,-14.2667,50.1667,2013-04-01,2013,4,April,Rainy,24.83,6.84
SAVA,-14.2667,50.1667,2013-05-01,2013,5,May,Dry,22.99,2.47
SAVA,-14.2667,50.1667,2013-06-01,2013,6,June,Dry,21.51,2.87
SAVA,-14.2667,50.1667,2013-07-01,2013,7,July,Dry,20.95,0.97
SAVA,-14.2667,50.1667,2013-08-01,2013,8,August,Dry,20.88,2.96
SAVA,-14.2667,50.1667,2013-09-01,2013,9,September,Dry,22.53,1.79
SAVA,-14.2667,50.1667,2013-10-01,2013,10,October,Dry,23.75,2.4
SAVA,-14.2667,50.1667,2013-11-01,2013,11,November,Rainy,25.34,4.27
SAVA,-14.2667,50.1667,2013-12-01,2013,12,December,Rainy,26.04,6.1
SAVA,-14.2667,50.1667,2014-01-01,2014,1,January,Rainy,25.37,9.8
SAVA,-14.2667,50.1667,2014-02-01,2014,2,February,Rainy,24.98,8.55
SAVA,-14.2667,50.1667,2014-03-01,2014,3,March,Rainy,24.86,5.97
SAVA,-14.2667,50.1667,2014-04-01,2014,4,April,Rainy,24.61,2.17
SAVA,-14.2667,50.1667,2014-05-01,2014,5,May,Dry,23.21,4.76
SAVA,-14.2667,50.1667,2014-06-01,2014,6,June,Dry,21.66,6.36
SAVA,-14.2667,50.1667,2014-07-01,2014,7,July,Dry,21.18,6.13
SAVA,-14.2667,50.1667,2014-08-01,2014,8,August,Dry,21.27,1.84
SAVA,-14.2667,50.1667,2014-09-01,2014,9,September,Dry,21.73,2.66
SAVA,-14.2667,50.1667,2014-10-01,2014,10,October,Dry,24.26,1.28
SAVA,-14.2667,50.1667,2014-11-01,2014,11,November,Rainy,25.05,4.12
SAVA,-14.2667,50.1667,2014-12-01,2014,12,December,Rainy,26.7,2.62
SAVA,-14.2667,50.1667,2015-01-01,2015,1,January,Rainy,25.84,13.19
SAVA,-14.2667,50.1667,2015-02-01,2015,2,February,Rainy,25.05,12.01
SAVA,-14.2667,50.1667,2015-03-01,2015,3,March,Rainy,24.81,5.36
SAVA,-14.2667,50.1667,2015-04-01,2015,4,April,Rainy,24.55,1.32
SAVA,-14.2667,50.1667,2015-05-01,2015,5,May,Dry,23.76,2.85
SAVA,-14.2667,50.1667,2015-06-01,2015,6,June,Dry,22.19,3.92
SAVA,-14.2667,50.1667,2015-07-01,2015,7,July,Dry,20.9,6.35
SAVA,-14.2667,50.1667,2015-08-01,2015,8,August,Dry,20.95,2.04
SAVA,-14.2667,50.1667,2015-09-01,2015,9,September,Dry,21.86,1.49
SAVA,-14.2667,50.1667,2015-10-01,2015,10,October,Dry,23.34,5.25
SAVA,-14.2667,50.1667,2015-11-01,2015,11,November,Rainy,24.18,3.27
SAVA,-14.2667,50.1667,2015-12-01,2015,12,December,Rainy,26.03,7.65
SAVA,-14.2667,50.1667,2016-01-01,2016,1,January,Rainy,25.55,17.54
SAVA,-14.2667,50.1667,2016-02-01,2016,2,February,Rainy,25.66,16.2
SAVA,-14.2667,50.1667,2016-03-01,2016,3,March,Rainy,25.67,11.61
SAVA,-14.2667,50.1667,2016-04-01,2016,4,April,Rainy,24.41,17.76
SAVA,-14.2667,50.1667,2016-05-01,2016,5,May,Dry,22.07,7.99
SAVA,-14.2667,50.1667,2016-06-01,2016,6,June,Dry,21.02,6.98
SAVA,-14.2667,50.1667,2016-07-01,2016,7,July,Dry,19.97,4.45
SAVA,-14.2667,50.1667,2016-08-01,2016,8,August,Dry,20.29,2.71
SAVA,-14.2667,50.1667,2016-09-01,2016,9,September,Dry,20.43,3.92
SAVA,-14.2667,50.1667,2016-10-01,2016,10,October,Dry,22.16,2.73
SAVA,-14.2667,50.1667,2016-11-01,2016,11,November,Rainy,23.39,3.13
SAVA,-14.2667,50.1667,2016-12-01,2016,12,December,Rainy,24.39,6.03
SAVA,-14.2667,50.1667,2017-01-01,2017,1,January,Rainy,24.68,11.35
SAVA,-14.2667,50.1667,2017-02-01,2017,2,February,Rainy,25.5,11.06
SAVA,-14.2667,50.1667,2017-03-01,2017,3,March,Rainy,25.3,23.62
SAVA,-14.2667,50.1667,2017-04-01,2017,4,April,Rainy,24.49,4.75
SAVA,-14.2667,50.1667,2017-05-01,2017,5,May,Dry,23.28,7.39
SAVA,-14.2667,50.1667,2017-06-01,2017,6,June,Dry,22.02,6.62
SAVA,-14.2667,50.1667,2017-07-01,2017,7,July,Dry,20.89,3.74
SAVA,-14.2667,50.1667,2017-08-01,2017,8,August,Dry,20.93,3.69
SAVA,-14.2667,50.1667,2017-09-01,2017,9,September,Dry,21.41,1.25
SAVA,-14.2667,50.1667,2017-10-01,2017,10,October,Dry,23.11,1.48
SAVA,-14.2667,50.1667,2017-11-01,2017,11,November,Rainy,24.47,3.4
SAVA,-14.2667,50.1667,2017-12-01,2017,12,December,Rainy,24.83,15.92
SAVA,-14.2667,50.1667,2018-01-01,2018,1,January,Rainy,25.03,13.32
SAVA,-14.2667,50.1667,2018-02-01,2018,2,February,Rainy,25.03,10.93
SAVA,-14.2667,50.1667,2018-03-01,2018,3,March,Rainy,24.88,19.61
SAVA,-14.2667,50.1667,2018-04-01,2018,4,April,Rainy,24.04,9.12
SAVA,-14.2667,50.1667,2018-05-01,2018,5,May,Dry,22.97,6.68
SAVA,-14.2667,50.1667,2018-06-01,2018,6,June,Dry,21.63,7.13
SAVA,-14.2667,50.1667,2018-07-01,2018,7,July,Dry,20.43,10.6
SAVA,-14.2667,50.1667,2018-08-01,2018,8,August,Dry,20.66,6.37
SAVA,-14.2667,50.1667,2018-09-01,2018,9,September,Dry,21.29,4.47
SAVA,-14.2667,50.1667,2018-10-01,2018,10,October,Dry,22.09,1.56
SAVA,-14.2667,50.1667,2018-11-01,2018,11,November,Rainy,23.84,7.29
SAVA,-14.2667,50.1667,2018-12-01,2018,12,December,Rainy,25.22,9.05
SAVA,-14.2667,50.1667,2019-01-01,2019,1,January,Rainy,25.47,18.64
SAVA,-14.2667,50.1667,2019-02-01,2019,2,February,Rainy,25.15,12.3
SAVA,-14.2667,50.1667,2019-03-01,2019,3,March,Rainy,25.57,15.78
SAVA,-14.2667,50.1667,2019-04-01,2019,4,April,Rainy,25.26,12.72
SAVA,-14.2667,50.1667,2019-05-01,2019,5,May,Dry,23.28,5.36
SAVA,-14.2667,50.1667,2019-06-01,2019,6,June,Dry,21.9,4.34
SAVA,-14.2667,50.1667,2019-07-01,2019,7,July,Dry,21.27,4.27
SAVA,-14.2667,50.1667,2019-08-01,2019,8,August,Dry,20.98,3.43
SAVA,-14.2667,50.1667,2019-09-01,2019,9,September,Dry,21.58,2.49
SAVA,-14.2667,50.1667,2019-10-01,2019,10,October,Dry,23.01,7.57
SAVA,-14.2667,50.1667,2019-11-01,2019,11,November,Rainy,24.6,12.32
SAVA,-14.2667,50.1667,2019-12-01,2019,12,December,Rainy,25.63,12.22
SAVA,-14.2667,50.1667,2020-01-01,2020,1,January,Rainy,25.5,10.61
SAVA,-14.2667,50.1667,2020-02-01,2020,2,February,Rainy,25.42,9.41
SAVA,-14.2667,50.1667,2020-03-01,2020,3,March,Rainy,25.45,16.14
SAVA,-14.2667,50.1667,2020-04-01,2020,4,April,Rainy,24.28,11.05
SAVA,-14.2667,50.1667,2020-05-01,2020,5,May,Dry,23.02,6.49
SAVA,-14.2667,50.1667,2020-06-01,2020,6,June,Dry,21.5,11.18
SAVA,-14.2667,50.1667,2020-07-01,2020,7,July,Dry,20.55,5.52
SAVA,-14.2667,50.1667,2020-08-01,2020,8,August,Dry,20.43,2.62
SAVA,-14.2667,50.1667,2020-09-01,2020,9,September,Dry,20.83,3.57
SAVA,-14.2667,50.1667,2020-10-01,2020,10,October,Dry,22.72,4.96
SAVA,-14.2667,50.1667,2020-11-01,2020,11,November,Rainy,23.27,5.41
SAVA,-14.2667,50.1667,2020-12-01,2020,12,December,Rainy,25.04,5.13
SAVA,-14.2667,50.1667,2021-01-01,2021,1,January,Rainy,25.34,16.9
SAVA,-14.2667,50.1667,2021-02-01,2021,2,February,Rainy,25.36,13.61
SAVA,-14.2667,50.1667,2021-03-01,2021,3,March,Rainy,25.24,9.04
SAVA,-14.2667,50.1667,2021-04-01,2021,4,April,Rainy,24.47,20.81
SAVA,-14.2667,50.1667,2021-05-01,2021,5,May,Dry,23.13,1.43
SAVA,-14.2667,50.1667,2021-06-01,2021,6,June,Dry,21.44,2.68
SAVA,-14.2667,50.1667,2021-07-01,2021,7,July,Dry,20.49,4.74
SAVA,-14.2667,50.1667,2021-08-01,2021,8,August,Dry,20.63,2.24
SAVA,-14.2667,50.1667,2021-09-01,2021,9,September,Dry,21.28,2.84
SAVA,-14.2667,50.1667,2021-10-01,2021,10,October,Dry,22.59,5.69
SAVA,-14.2667,50.1667,2021-11-01,2021,11,November,Rainy,24.35,2.34
SAVA,-14.2667,50.1667,2021-12-01,2021,12,December,Rainy,24.82,10.32
SAVA,-14.2667,50.1667,2022-01-01,2022,1,January,Rainy,25.29,14.38
SAVA,-14.2667,50.1667,2022-02-01,2022,2,February,Rainy,25.51,8.07
SAVA,-14.2667,50.1667,2022-03-01,2022,3,March,Rainy,25.27,12.07
SAVA,-14.2667,50.1667,2022-04-01,2022,4,April,Rainy,24.36,10.24
SAVA,-14.2667,50.1667,2022-05-01,2022,5,May,Dry,22.88,4.59
SAVA,-14.2667,50.1667,2022-06-01,2022,6,June,Dry,21.21,5.69
SAVA,-14.2667,50.1667,2022-07-01,2022,7,July,Dry,20.0,8.47
SAVA,-14.2667,50.1667,2022-08-01,2022,8,August,Dry,19.94,2.55
SAVA,-14.2667,50.1667,2022-09-01,2022,9,September,Dry,20.4,7.68
SAVA,-14.2667,50.1667,2022-10-01,2022,10,October,Dry,21.14,2.21
SAVA,-14.2667,50.1667,2022-11-01,2022,11,November,Rainy,23.14,5.68
SAVA,-14.2667,50.1667,2022-12-01,2022,12,December,Rainy,24.36,8.66
SAVA,-14.2667,50.1667,2023-01-01,2023,1,January,Rainy,25.03,17.95
SAVA,-14.2667,50.1667,2023-02-01,2023,2,February,Rainy,25.04,7.22
SAVA,-14.2667,50.1667,2023-03-01,2023,3,March,Rainy,25.16,9.88
SAVA,-14.2667,50.1667,2023-04-01,2023,4,April,Rainy,24.72,8.73
SAVA,-14.2667,50.1667,2023-05-01,2023,5,May,Dry,23.52,8.53
SAVA,-14.2667,50.1667,2023-06-01,2023,6,June,Dry,21.65,3.58
SAVA,-14.2667,50.1667,2023-07-01,2023,7,July,Dry,21.13,7.99
SAVA,-14.2667,50.1667,2023-08-01,2023,8,August,Dry,21.45,5.13
SAVA,-14.2667,50.1667,2023-09-01,2023,9,September,Dry,21.61,3.85
SAVA,-14.2667,50.1667,2023-10-01,2023,10,October,Dry,23.51,1.98
SAVA,-14.2667,50.1667,2023-11-01,2023,11,November,Rainy,24.72,5.18
SAVA,-14.2667,50.1667,2023-12-01,2023,12,December,Rainy,25.96,7.58
SAVA,-14.2667,50.1667,2024-01-01,2024,1,January,Rainy,26.18,19.41
SAVA,-14.2667,50.1667,2024-02-01,2024,2,February,Rainy,25.87,12.53
SAVA,-14.2667,50.1667,2024-03-01,2024,3,March,Rainy,25.36,22.7
SAVA,-14.2667,50.1667,2024-04-01,2024,4,April,Rainy,25.43,14.1
SAVA,-14.2667,50.1667,2024-05-01,2024,5,May,Dry,23.45,12.02
SAVA,-14.2667,50.1667,2024-06-01,2024,6,June,Dry,22.12,1.8
SAVA,-14.2667,50.1667,2024-07-01,2024,7,July,Dry,21.06,0.58
SAVA,-14.2667,50.1667,2024-08-01,2024,8,August,Dry,20.83,1.61
SAVA,-14.2667,50.1667,2024-09-01,2024,9,September,Dry,22.01,2.05
SAVA,-14.2667,50.1667,2024-10-01,2024,10,October,Dry,23.61,0.41
SAVA,-14.2667,50.1667,2024-11-01,2024,11,November,Rainy,24.96,3.95
SAVA,-14.2667,50.1667,2024-12-01,2024,12,December,Rainy,25.65,3.45
Sofia,-14.8797,47.9875,2005-01-01,2005,1,January,Rainy,26.34,7.88
Sofia,-14.8797,47.9875,2005-02-01,2005,2,February,Rainy,26.36,12.61
Sofia,-14.8797,47.9875,2005-03-01,2005,3,March,Rainy,26.52,5.31
Sofia,-14.8797,47.9875,2005-04-01,2005,4,April,Rainy,26.01,1.61
Sofia,-14.8797,47.9875,2005-05-01,2005,5,May,Dry,24.59,0.93
Sofia,-14.8797,47.9875,2005-06-01,2005,6,June,Dry,23.5,0.61
Sofia,-14.8797,47.9875,2005-07-01,2005,7,July,Dry,23.23,0.56
Sofia,-14.8797,47.9875,2005-08-01,2005,8,August,Dry,23.63,0.71
Sofia,-14.8797,47.9875,2005-09-01,2005,9,September,Dry,25.52,0.88
Sofia,-14.8797,47.9875,2005-10-01,2005,10,October,Dry,27.72,0.33
Sofia,-14.8797,47.9875,2005-11-01,2005,11,November,Rainy,28.42,2.91
Sofia,-14.8797,47.9875,2005-12-01,2005,12,December,Rainy,27.2,8.73
Sofia,-14.8797,47.9875,2006-01-01,2006,1,January,Rainy,26.48,9.15
Sofia,-14.8797,47.9875,2006-02-01,2006,2,February,Rainy,26.2,13.2
Sofia,-14.8797,47.9875,2006-03-01,2006,3,March,Rainy,26.13,7.04
Sofia,-14.8797,47.9875,2006-04-01,2006,4,April,Rainy,25.91,1.55
Sofia,-14.8797,47.9875,2006-05-01,2006,5,May,Dry,25.0,0.46
Sofia,-14.8797,47.9875,2006-06-01,2006,6,June,Dry,24.09,0.59
Sofia,-14.8797,47.9875,2006-07-01,2006,7,July,Dry,23.52,0.84
Sofia,-14.8797,47.9875,2006-08-01,2006,8,August,Dry,24.68,0.58
Sofia,-14.8797,47.9875,2006-09-01,2006,9,September,Dry,26.29,0.33
Sofia,-14.8797,47.9875,2006-10-01,2006,10,October,Dry,28.39,0.48
Sofia,-14.8797,47.9875,2006-11-01,2006,11,November,Rainy,27.82,8.99
Sofia,-14.8797,47.9875,2006-12-01,2006,12,December,Rainy,26.72,13.5
Sofia,-14.8797,47.9875,2007-01-01,2007,1,January,Rainy,25.96,13.75
Sofia,-14.8797,47.9875,2007-02-01,2007,2,February,Rainy,25.64,19.91
Sofia,-14.8797,47.9875,2007-03-01,2007,3,March,Rainy,25.92,8.81
Sofia,-14.8797,47.9875,2007-04-01,2007,4,April,Rainy,25.48,2.28
Sofia,-14.8797,47.9875,2007-05-01,2007,5,May,Dry,25.1,1.55
Sofia,-14.8797,47.9875,2007-06-01,2007,6,June,Dry,22.83,0.25
Sofia,-14.8797,47.9875,2007-07-01,2007,7,July,Dry,23.41,0.58
Sofia,-14.8797,47.9875,2007-08-01,2007,8,August,Dry,24.65,0.37
Sofia,-14.8797,47.9875,2007-09-01,2007,9,September,Dry,25.94,0.46
Sofia,-14.8797,47.9875,2007-10-01,2007,10,October,Dry,27.82,1.05
Sofia,-14.8797,47.9875,2007-11-01,2007,11,November,Rainy,28.74,2.62
Sofia,-14.8797,47.9875,2007-12-01,2007,12,December,Rainy,27.55,6.51
Sofia,-14.8797,47.9875,2008-01-01,2008,1,January,Rainy,26.08,12.32
Sofia,-14.8797,47.9875,2008-02-01,2008,2,February,Rainy,25.36,13.05
Sofia,-14.8797,47.9875,2008-03-01,2008,3,March,Rainy,25.73,4.04
Sofia,-14.8797,47.9875,2008-04-01,2008,4,April,Rainy,25.31,2.23
Sofia,-14.8797,47.9875,2008-05-01,2008,5,May,Dry,24.84,0.23
Sofia,-14.8797,47.9875,2008-06-01,2008,6,June,Dry,23.62,0.29
Sofia,-14.8797,47.9875,2008-07-01,2008,7,July,Dry,23.48,0.34
Sofia,-14.8797,47.9875,2008-08-01,2008,8,August,Dry,25.25,0.37
Sofia,-14.8797,47.9875,2008-09-01,2008,9,September,Dry,27.54,0.32
Sofia,-14.8797,47.9875,2008-10-01,2008,10,October,Dry,28.77,1.08
Sofia,-14.8797,47.9875,2008-11-01,2008,11,November,Rainy,27.97,4.09
Sofia,-14.8797,47.9875,2008-12-01,2008,12,December,Rainy,27.24,6.01
Sofia,-14.8797,47.9875,2009-01-01,2009,1,January,Rainy,26.43,7.34
Sofia,-14.8797,47.9875,2009-02-01,2009,2,February,Rainy,26.12,11.28
Sofia,-14.8797,47.9875,2009-03-01,2009,3,March,Rainy,26.07,8.19
Sofia,-14.8797,47.9875,2009-04-01,2009,4,April,Rainy,25.38,5.08
Sofia,-14.8797,47.9875,2009-05-01,2009,5,May,Dry,24.88,0.23
Sofia,-14.8797,47.9875,2009-06-01,2009,6,June,Dry,24.41,0.3
Sofia,-14.8797,47.9875,2009-07-01,2009,7,July,Dry,23.84,0.58
Sofia,-14.8797,47.9875,2009-08-01,2009,8,August,Dry,25.08,0.69
Sofia,-14.8797,47.9875,2009-09-01,2009,9,September,Dry,26.69,0.72
Sofia,-14.8797,47.9875,2009-10-01,2009,10,October,Dry,28.75,0.67
Sofia,-14.8797,47.9875,2009-11-01,2009,11,November,Rainy,29.46,2.81
Sofia,-14.8797,47.9875,2009-12-01,2009,12,December,Rainy,28.32,6.32
Sofia,-14.8797,47.9875,2010-01-01,2010,1,January,Rainy,26.02,16.91
Sofia,-14.8797,47.9875,2010-02-01,2010,2,February,Rainy,26.6,8.27
Sofia,-14.8797,47.9875,2010-03-01,2010,3,March,Rainy,26.24,9.14
Sofia,-14.8797,47.9875,2010-04-01,2010,4,April,Rainy,25.75,0.87
Sofia,-14.8797,47.9875,2010-05-01,2010,5,May,Dry,25.41,0.68
Sofia,-14.8797,47.9875,2010-06-01,2010,6,June,Dry,24.44,0.61
Sofia,-14.8797,47.9875,2010-07-01,2010,7,July,Dry,23.09,0.65
Sofia,-14.8797,47.9875,2010-08-01,2010,8,August,Dry,24.44,0.6
Sofia,-14.8797,47.9875,2010-09-01,2010,9,September,Dry,26.34,0.23
Sofia,-14.8797,47.9875,2010-10-01,2010,10,October,Dry,28.97,0.97
Sofia,-14.8797,47.9875,2010-11-01,2010,11,November,Rainy,28.82,3.17
Sofia,-14.8797,47.9875,2010-12-01,2010,12,December,Rainy,27.41,7.18
Sofia,-14.8797,47.9875,2011-01-01,2011,1,January,Rainy,26.52,15.7
Sofia,-14.8797,47.9875,2011-02-01,2011,2,February,Rainy,26.13,14.86
Sofia,-14.8797,47.9875,2011-03-01,2011,3,March,Rainy,25.73,10.1
Sofia,-14.8797,47.9875,2011-04-01,2011,4,April,Rainy,26.08,3.55
Sofia,-14.8797,47.9875,2011-05-01,2011,5,May,Dry,24.29,0.85
Sofia,-14.8797,47.9875,2011-06-01,2011,6,June,Dry,23.32,0.94
Sofia,-14.8797,47.9875,2011-07-01,2011,7,July,Dry,23.22,0.32
Sofia,-14.8797,47.9875,2011-08-01,2011,8,August,Dry,25.01,0.44
Sofia,-14.8797,47.9875,2011-09-01,2011,9,September,Dry,25.99,0.74
Sofia,-14.8797,47.9875,2011-10-01,2011,10,October,Dry,28.76,1.0
Sofia,-14.8797,47.9875,2011-11-01,2011,11,November,Rainy,28.77,4.19
Sofia,-14.8797,47.9875,2011-12-01,2011,12,December,Rainy,27.55,7.54
Sofia,-14.8797,47.9875,2012-01-01,2012,1,January,Rainy,25.56,18.3
Sofia,-14.8797,47.9875,2012-02-01,2012,2,February,Rainy,25.79,12.15
Sofia,-14.8797,47.9875,2012-03-01,2012,3,March,Rainy,25.67,8.5
Sofia,-14.8797,47.9875,2012-04-01,2012,4,April,Rainy,25.62,5.37
Sofia,-14.8797,47.9875,2012-05-01,2012,5,May,Dry,24.01,1.04
Sofia,-14.8797,47.9875,2012-06-01,2012,6,June,Dry,22.46,0.4
Sofia,-14.8797,47.9875,2012-07-01,2012,7,July,Dry,22.21,0.58
Sofia,-14.8797,47.9875,2012-08-01,2012,8,August,Dry,24.25,0.24
Sofia,-14.8797,47.9875,2012-09-01,2012,9,September,Dry,26.24,0.36
Sofia,-14.8797,47.9875,2012-10-01,2012,10,October,Dry,28.22,1.17
Sofia,-14.8797,47.9875,2012-11-01,2012,11,November,Rainy,28.79,4.24
Sofia,-14.8797,47.9875,2012-12-01,2012,12,December,Rainy,28.38,4.89
Sofia,-14.8797,47.9875,2013-01-01,2013,1,January,Rainy,27.24,13.23
Sofia,-14.8797,47.9875,2013-02-01,2013,2,February,Rainy,25.95,7.93
Sofia,-14.8797,47.9875,2013-03-01,2013,3,March,Rainy,26.59,2.65
Sofia,-14.8797,47.9875,2013-04-01,2013,4,April,Rainy,26.07,2.46
Sofia,-14.8797,47.9875,2013-05-01,2013,5,May,Dry,25.53,0.54
Sofia,-14.8797,47.9875,2013-06-01,2013,6,June,Dry,23.59,0.37
Sofia,-14.8797,47.9875,2013-07-01,2013,7,July,Dry,24.11,0.27
Sofia,-14.8797,47.9875,2013-08-01,2013,8,August,Dry,24.71,0.3
Sofia,-14.8797,47.9875,2013-09-01,2013,9,September,Dry,27.28,0.4
Sofia,-14.8797,47.9875,2013-10-01,2013,10,October,Dry,29.22,0.9
Sofia,-14.8797,47.9875,2013-11-01,2013,11,November,Rainy,29.15,2.74
Sofia,-14.8797,47.9875,2013-12-01,2013,12,December,Rainy,27.15,9.34
Sofia,-14.8797,47.9875,2014-01-01,2014,1,January,Rainy,25.92,14.61
Sofia,-14.8797,47.9875,2014-02-01,2014,2,February,Rainy,25.54,13.19
Sofia,-14.8797,47.9875,2014-03-01,2014,3,March,Rainy,26.36,6.48
Sofia,-14.8797,47.9875,2014-04-01,2014,4,April,Rainy,25.22,1.44
Sofia,-14.8797,47.9875,2014-05-01,2014,5,May,Dry,24.25,0.37
Sofia,-14.8797,47.9875,2014-06-01,2014,6,June,Dry,23.58,0.51
Sofia,-14.8797,47.9875,2014-07-01,2014,7,July,Dry,23.67,0.99
Sofia,-14.8797,47.9875,2014-08-01,2014,8,August,Dry,25.37,0.23
Sofia,-14.8797,47.9875,2014-09-01,2014,9,September,Dry,26.45,0.3
Sofia,-14.8797,47.9875,2014-10-01,2014,10,October,Dry,28.66,0.91
Sofia,-14.8797,47.9875,2014-11-01,2014,11,November,Rainy,29.2,3.02
Sofia,-14.8797,47.9875,2014-12-01,2014,12,December,Rainy,28.07,4.68
Sofia,-14.8797,47.9875,2015-01-01,2015,1,January,Rainy,25.63,22.18
Sofia,-14.8797,47.9875,2015-02-01,2015,2,February,Rainy,25.82,12.19
Sofia,-14.8797,47.9875,2015-03-01,2015,3,March,Rainy,25.69,11.08
Sofia,-14.8797,47.9875,2015-04-01,2015,4,April,Rainy,25.57,3.01
Sofia,-14.8797,47.9875,2015-05-01,2015,5,May,Dry,24.55,0.6
Sofia,-14.8797,47.9875,2015-06-01,2015,6,June,Dry,23.9,1.14
Sofia,-14.8797,47.9875,2015-07-01,2015,7,July,Dry,23.32,0.82
Sofia,-14.8797,47.9875,2015-08-01,2015,8,August,Dry,24.37,0.73
Sofia,-14.8797,47.9875,2015-09-01,2015,9,September,Dry,26.37,0.31
Sofia,-14.8797,47.9875,2015-10-01,2015,10,October,Dry,28.74,2.36
Sofia,-14.8797,47.9875,2015-11-01,2015,11,November,Rainy,28.97,3.66
Sofia,-14.8797,47.9875,2015-12-01,2015,12,December,Rainy,27.72,10.88
Sofia,-14.8797,47.9875,2016-01-01,2016,1,January,Rainy,26.36,21.06
Sofia,-14.8797,47.9875,2016-02-01,2016,2,February,Rainy,26.07,20.25
Sofia,-14.8797,47.9875,2016-03-01,2016,3,March,Rainy,26.9,14.75
Sofia,-14.8797,47.9875,2016-04-01,2016,4,April,Rainy,25.6,3.06
Sofia,-14.8797,47.9875,2016-05-01,2016,5,May,Dry,22.8,2.51
Sofia,-14.8797,47.9875,2016-06-01,2016,6,June,Dry,21.89,0.98
Sofia,-14.8797,47.9875,2016-07-01,2016,7,July,Dry,21.42,0.8
Sofia,-14.8797,47.9875,2016-08-01,2016,8,August,Dry,23.56,0.53
Sofia,-14.8797,47.9875,2016-09-01,2016,9,September,Dry,24.87,0.62
Sofia,-14.8797,47.9875,2016-10-01,2016,10,October,Dry,28.1,0.63
Sofia,-14.8797,47.9875,2016-11-01,2016,11,November,Rainy,28.69,2.15
Sofia,-14.8797,47.9875,2016-12-01,2016,12,December,Rainy,28.1,5.78
Sofia,-14.8797,47.9875,2017-01-01,2017,1,January,Rainy,26.67,13.67
Sofia,-14.8797,47.9875,2017-02-01,2017,2,February,Rainy,26.53,15.84
Sofia,-14.8797,47.9875,2017-03-01,2017,3,March,Rainy,26.4,28.48
Sofia,-14.8797,47.9875,2017-04-01,2017,4,April,Rainy,25.52,3.21
Sofia,-14.8797,47.9875,2017-05-01,2017,5,May,Dry,24.17,1.51
Sofia,-14.8797,47.9875,2017-06-01,2017,6,June,Dry,23.14,1.4
Sofia,-14.8797,47.9875,2017-07-01,2017,7,July,Dry,22.54,1.05
Sofia,-14.8797,47.9875,2017-08-01,2017,8,August,Dry,23.79,0.93
Sofia,-14.8797,47.9875,2017-09-01,2017,9,September,Dry,26.12,0.17
Sofia,-14.8797,47.9875,2017-10-01,2017,10,October,Dry,27.97,2.18
Sofia,-14.8797,47.9875,2017-11-01,2017,11,November,Rainy,28.03,10.09
Sofia,-14.8797,47.9875,2017-12-01,2017,12,December,Rainy,26.61,14.81
Sofia,-14.8797,47.9875,2018-01-01,2018,1,January,Rainy,25.28,29.98
Sofia,-14.8797,47.9875,2018-02-01,2018,2,February,Rainy,26.16,15.98
Sofia,-14.8797,47.9875,2018-03-01,2018,3,March,Rainy,25.79,27.03
Sofia,-14.8797,47.9875,2018-04-01,2018,4,April,Rainy,25.43,3.67
Sofia,-14.8797,47.9875,2018-05-01,2018,5,May,Dry,24.1,1.63
Sofia,-14.8797,47.9875,2018-06-01,2018,6,June,Dry,22.76,0.7
Sofia,-14.8797,47.9875,2018-07-01,2018,7,July,Dry,21.79,1.52
Sofia,-14.8797,47.9875,2018-08-01,2018,8,August,Dry,23.55,0.75
Sofia,-14.8797,47.9875,2018-09-01,2018,9,September,Dry,26.09,0.63
Sofia,-14.8797,47.9875,2018-10-01,2018,10,October,Dry,27.75,0.98
Sofia,-14.8797,47.9875,2018-11-01,2018,11,November,Rainy,29.1,4.17
Sofia,-14.8797,47.9875,2018-12-01,2018,12,December,Rainy,28.09,14.67
Sofia,-14.8797,47.9875,2019-01-01,2019,1,January,Rainy,26.21,32.66
Sofia,-14.8797,47.9875,2019-02-01,2019,2,February,Rainy,26.39,14.85
Sofia,-14.8797,47.9875,2019-03-01,2019,3,March,Rainy,26.7,9.73
Sofia,-14.8797,47.9875,2019-04-01,2019,4,April,Rainy,26.8,4.56
Sofia,-14.8797,47.9875,2019-05-01,2019,5,May,Dry,24.55,2.21
Sofia,-14.8797,47.9875,2019-06-01,2019,6,June,Dry,23.0,1.1
Sofia,-14.8797,47.9875,2019-07-01,2019,7,July,Dry,22.93,1.1
Sofia,-14.8797,47.9875,2019-08-01,2019,8,August,Dry,24.05,0.5
Sofia,-14.8797,47.9875,2019-09-01,2019,9,September,Dry,26.73,0.71
Sofia,-14.8797,47.9875,2019-10-01,2019,10,October,Dry,29.43,0.9
Sofia,-14.8797,47.9875,2019-11-01,2019,11,November,Rainy,28.51,11.43
Sofia,-14.8797,47.9875,2019-12-01,2019,12,December,Rainy,26.93,12.87
Sofia,-14.8797,47.9875,2020-01-01,2020,1,January,Rainy,26.42,31.45
Sofia,-14.8797,47.9875,2020-02-01,2020,2,February,Rainy,26.53,12.08
Sofia,-14.8797,47.9875,2020-03-01,2020,3,March,Rainy,26.78,13.56
Sofia,-14.8797,47.9875,2020-04-01,2020,4,April,Rainy,25.46,2.69
Sofia,-14.8797,47.9875,2020-05-01,2020,5,May,Dry,24.24,1.18
Sofia,-14.8797,47.9875,2020-06-01,2020,6,June,Dry,22.55,2.06
Sofia,-14.8797,47.9875,2020-07-01,2020,7,July,Dry,22.22,1.0
Sofia,-14.8797,47.9875,2020-08-01,2020,8,August,Dry,23.94,0.38
Sofia,-14.8797,47.9875,2020-09-01,2020,9,September,Dry,25.42,1.93
Sofia,-14.8797,47.9875,2020-10-01,2020,10,October,Dry,27.95,2.41
Sofia,-14.8797,47.9875,2020-11-01,2020,11,November,Rainy,28.83,3.71
Sofia,-14.8797,47.9875,2020-12-01,2020,12,December,Rainy,27.13,13.62
Sofia,-14.8797,47.9875,2021-01-01,2021,1,January,Rainy,26.41,11.62
Sofia,-14.8797,47.9875,2021-02-01,2021,2,February,Rainy,26.35,21.32
Sofia,-14.8797,47.9875,2021-03-01,2021,3,March,Rainy,26.02,9.17
Sofia,-14.8797,47.9875,2021-04-01,2021,4,April,Rainy,25.64,7.94
Sofia,-14.8797,47.9875,2021-05-01,2021,5,May,Dry,23.77,2.4
Sofia,-14.8797,47.9875,2021-06-01,2021,6,June,Dry,21.88,1.32
Sofia,-14.8797,47.9875,2021-07-01,2021,7,July,Dry,21.31,0.89
Sofia,-14.8797,47.9875,2021-08-01,2021,8,August,Dry,23.37,0.85
Sofia,-14.8797,47.9875,2021-09-01,2021,9,September,Dry,25.15,0.56
Sofia,-14.8797,47.9875,2021-10-01,2021,10,October,Dry,27.56,2.05
Sofia,-14.8797,47.9875,2021-11-01,2021,11,November,Rainy,28.77,3.82
Sofia,-14.8797,47.9875,2021-12-01,2021,12,December,Rainy,28.23,7.62
Sofia,-14.8797,47.9875,2022-01-01,2022,1,January,Rainy,25.74,19.32
Sofia,-14.8797,47.9875,2022-02-01,2022,2,February,Rainy,26.21,16.08
Sofia,-14.8797,47.9875,2022-03-01,2022,3,March,Rainy,26.04,15.87
Sofia,-14.8797,47.9875,2022-04-01,2022,4,April,Rainy,25.71,4.77
Sofia,-14.8797,47.9875,2022-05-01,2022,5,May,Dry,23.94,1.03
Sofia,-14.8797,47.9875,2022-06-01,2022,6,June,Dry,22.13,1.11
Sofia,-14.8797,47.9875,2022-07-01,2022,7,July,Dry,21.38,1.07
Sofia,-14.8797,47.9875,2022-08-01,2022,8,August,Dry,23.17,0.35
Sofia,-14.8797,47.9875,2022-09-01,2022,9,September,Dry,24.99,1.03
Sofia,-14.8797,47.9875,2022-10-01,2022,10,October,Dry,27.1,1.06
Sofia,-14.8797,47.9875,2022-11-01,2022,11,November,Rainy,28.28,5.87
Sofia,-14.8797,47.9875,2022-12-01,2022,12,December,Rainy,27.09,9.67
Sofia,-14.8797,47.9875,2023-01-01,2023,1,January,Rainy,25.82,22.96
Sofia,-14.8797,47.9875,2023-02-01,2023,2,February,Rainy,26.56,15.09
Sofia,-14.8797,47.9875,2023-03-01,2023,3,March,Rainy,26.23,9.71
Sofia,-14.8797,47.9875,2023-04-01,2023,4,April,Rainy,26.01,6.2
Sofia,-14.8797,47.9875,2023-05-01,2023,5,May,Dry,24.74,1.03
Sofia,-14.8797,47.9875,2023-06-01,2023,6,June,Dry,23.08,0.6
Sofia,-14.8797,47.9875,2023-07-01,2023,7,July,Dry,22.92,1.09
Sofia,-14.8797,47.9875,2023-08-01,2023,8,August,Dry,25.05,0.88
Sofia,-14.8797,47.9875,2023-09-01,2023,9,September,Dry,26.49,0.65
Sofia,-14.8797,47.9875,2023-10-01,2023,10,October,Dry,29.67,1.85
Sofia,-14.8797,47.9875,2023-11-01,2023,11,November,Rainy,29.42,3.75
Sofia,-14.8797,47.9875,2023-12-01,2023,12,December,Rainy,29.24,6.8
Sofia,-14.8797,47.9875,2024-01-01,2024,1,January,Rainy,26.55,25.81
Sofia,-14.8797,47.9875,2024-02-01,2024,2,February,Rainy,26.93,16.7
Sofia,-14.8797,47.9875,2024-03-01,2024,3,March,Rainy,26.88,11.51
Sofia,-14.8797,47.9875,2024-04-01,2024,4,April,Rainy,27.03,5.29
Sofia,-14.8797,47.9875,2024-05-01,2024,5,May,Dry,23.79,4.34
Sofia,-14.8797,47.9875,2024-06-01,2024,6,June,Dry,22.55,0.59
Sofia,-14.8797,47.9875,2024-07-01,2024,7,July,Dry,22.75,0.16
Sofia,-14.8797,47.9875,2024-08-01,2024,8,August,Dry,23.56,0.4
Sofia,-14.8797,47.9875,2024-09-01,2024,9,September,Dry,26.78,0.59
Sofia,-14.8797,47.9875,2024-10-01,2024,10,October,Dry,29.01,0.45
Sofia,-14.8797,47.9875,2024-11-01,2024,11,November,Rainy,29.96,4.16
Sofia,-14.8797,47.9875,2024-12-01,2024,12,December,Rainy,28.03,9.49
Vakinankaratra,-19.8659,47.0335,2005-01-01,2005,1,January,Rainy,19.04,11.52
Vakinankaratra,-19.8659,47.0335,2005-02-01,2005,2,February,Rainy,19.02,11.46
Vakinankaratra,-19.8659,47.0335,2005-03-01,2005,3,March,Rainy,18.36,7.13
Vakinankaratra,-19.8659,47.0335,2005-04-01,2005,4,April,Rainy,16.62,3.49
Vakinankaratra,-19.8659,47.0335,2005-05-01,2005,5,May,Dry,15.08,2.55
Vakinankaratra,-19.8659,47.0335,2005-06-01,2005,6,June,Dry,13.26,1.11
Vakinankaratra,-19.8659,47.0335,2005-07-01,2005,7,July,Dry,11.67,2.08
Vakinankaratra,-19.8659,47.0335,2005-08-01,2005,8,August,Dry,12.29,0.9
Vakinankaratra,-19.8659,47.0335,2005-09-01,2005,9,September,Dry,14.19,0.93
Vakinankaratra,-19.8659,47.0335,2005-10-01,2005,10,October,Dry,17.17,1.0
Vakinankaratra,-19.8659,47.0335,2005-11-01,2005,11,November,Rainy,18.93,6.0
Vakinankaratra,-19.8659,47.0335,2005-12-01,2005,12,December,Rainy,19.23,18.61
Vakinankaratra,-19.8659,47.0335,2006-01-01,2006,1,January,Rainy,18.93,5.58
Vakinankaratra,-19.8659,47.0335,2006-02-01,2006,2,February,Rainy,18.87,3.91
Vakinankaratra,-19.8659,47.0335,2006-03-01,2006,3,March,Rainy,18.68,8.81
Vakinankaratra,-19.8659,47.0335,2006-04-01,2006,4,April,Rainy,17.46,2.58
Vakinankaratra,-19.8659,47.0335,2006-05-01,2006,5,May,Dry,14.76,0.82
Vakinankaratra,-19.8659,47.0335,2006-06-01,2006,6,June,Dry,13.46,1.0
Vakinankaratra,-19.8659,47.0335,2006-07-01,2006,7,July,Dry,12.33,2.12
Vakinankaratra,-19.8659,47.0335,2006-08-01,2006,8,August,Dry,12.98,0.56
Vakinankaratra,-19.8659,47.0335,2006-09-01,2006,9,September,Dry,14.89,0.43
Vakinankaratra,-19.8659,47.0335,2006-10-01,2006,10,October,Dry,17.5,1.08
Vakinankaratra,-19.8659,47.0335,2006-11-01,2006,11,November,Rainy,19.28,9.23
Vakinankaratra,-19.8659,47.0335,2006-12-01,2006,12,December,Rainy,18.99,14.86
Vakinankaratra,-19.8659,47.0335,2007-01-01,2007,1,January,Rainy,18.45,28.48
Vakinankaratra,-19.8659,47.0335,2007-02-01,2007,2,February,Rainy,18.72,16.26
Vakinankaratra,-19.8659,47.0335,2007-03-01,2007,3,March,Rainy,18.01,2.81
Vakinankaratra,-19.8659,47.0335,2007-04-01,2007,4,April,Rainy,17.22,3.49
Vakinankaratra,-19.8659,47.0335,2007-05-01,2007,5,May,Dry,15.7,1.24
Vakinankaratra,-19.8659,47.0335,2007-06-01,2007,6,June,Dry,12.1,0.3
Vakinankaratra,-19.8659,47.0335,2007-07-01,2007,7,July,Dry,12.19,0.62
Vakinankaratra,-19.8659,47.0335,2007-08-01,2007,8,August,Dry,13.2,0.32
Vakinankaratra,-19.8659,47.0335,2007-09-01,2007,9,September,Dry,15.54,0.97
Vakinankaratra,-19.8659,47.0335,2007-10-01,2007,10,October,Dry,18.04,1.63
Vakinankaratra,-19.8659,47.0335,2007-11-01,2007,11,November,Rainy,19.27,8.08
Vakinankaratra,-19.8659,47.0335,2007-12-01,2007,12,December,Rainy,19.24,8.74
Vakinankaratra,-19.8659,47.0335,2008-01-01,2008,1,January,Rainy,19.05,9.54
Vakinankaratra,-19.8659,47.0335,2008-02-01,2008,2,February,Rainy,18.48,10.6
Vakinankaratra,-19.8659,47.0335,2008-03-01,2008,3,March,Rainy,17.78,2.88
Vakinankaratra,-19.8659,47.0335,2008-04-01,2008,4,April,Rainy,17.11,0.98
Vakinankaratra,-19.8659,47.0335,2008-05-01,2008,5,May,Dry,14.07,0.57
Vakinankaratra,-19.8659,47.0335,2008-06-01,2008,6,June,Dry,11.97,0.54
Vakinankaratra,-19.8659,47.0335,2008-07-01,2008,7,July,Dry,11.79,0.64
Vakinankaratra,-19.8659,47.0335,2008-08-01,2008,8,August,Dry,14.1,0.17
Vakinankaratra,-19.8659,47.0335,2008-09-01,2008,9,September,Dry,16.73,0.98
Vakinankaratra,-19.8659,47.0335,2008-10-01,2008,10,October,Dry,18.84,4.42
Vakinankaratra,-19.8659,47.0335,2008-11-01,2008,11,November,Rainy,19.2,7.76
Vakinankaratra,-19.8659,47.0335,2008-12-01,2008,12,December,Rainy,19.73,5.63
Vakinankaratra,-19.8659,47.0335,2009-01-01,2009,1,January,Rainy,19.72,14.7
Vakinankaratra,-19.8659,47.0335,2009-02-01,2009,2,February,Rainy,18.7,7.47
Vakinankaratra,-19.8659,47.0335,2009-03-01,2009,3,March,Rainy,18.84,8.63
Vakinankaratra,-19.8659,47.0335,2009-04-01,2009,4,April,Rainy,16.64,4.5
Vakinankaratra,-19.8659,47.0335,2009-05-01,2009,5,May,Dry,14.7,0.19
Vakinankaratra,-19.8659,47.0335,2009-06-01,2009,6,June,Dry,13.28,0.23
Vakinankaratra,-19.8659,47.0335,2009-07-01,2009,7,July,Dry,12.09,2.3
Vakinankaratra,-19.8659,47.0335,2009-08-01,2009,8,August,Dry,13.5,1.07
Vakinankaratra,-19.8659,47.0335,2009-09-01,2009,9,September,Dry,15.73,0.68
Vakinankaratra,-19.8659,47.0335,2009-10-01,2009,10,October,Dry,17.85,3.55
Vakinankaratra,-19.8659,47.0335,2009-11-01,2009,11,November,Rainy,18.6,3.85
Vakinankaratra,-19.8659,47.0335,2009-12-01,2009,12,December,Rainy,19.32,8.82
Vakinankaratra,-19.8659,47.0335,2010-01-01,2010,1,January,Rainy,18.98,10.49
Vakinankaratra,-19.8659,47.0335,2010-02-01,2010,2,February,Rainy,19.05,4.67
Vakinankaratra,-19.8659,47.0335,2010-03-01,2010,3,March,Rainy,18.99,10.89
Vakinankaratra,-19.8659,47.0335,2010-04-01,2010,4,April,Rainy,17.68,0.56
Vakinankaratra,-19.8659,47.0335,2010-05-01,2010,5,May,Dry,16.05,1.26
Vakinankaratra,-19.8659,47.0335,2010-06-01,2010,6,June,Dry,13.74,1.17
Vakinankaratra,-19.8659,47.0335,2010-07-01,2010,7,July,Dry,11.71,1.07
Vakinankaratra,-19.8659,47.0335,2010-08-01,2010,8,August,Dry,12.58,0.84
Vakinankaratra,-19.8659,47.0335,2010-09-01,2010,9,September,Dry,15.4,0.06
Vakinankaratra,-19.8659,47.0335,2010-10-01,2010,10,October,Dry,19.11,1.12
Vakinankaratra,-19.8659,47.0335,2010-11-01,2010,11,November,Rainy,19.9,4.31
Vakinankaratra,-19.8659,47.0335,2010-12-01,2010,12,December,Rainy,19.66,5.92
Vakinankaratra,-19.8659,47.0335,2011-01-01,2011,1,January,Rainy,19.16,13.06
Vakinankaratra,-19.8659,47.0335,2011-02-01,2011,2,February,Rainy,18.7,9.92
Vakinankaratra,-19.8659,47.0335,2011-03-01,2011,3,March,Rainy,17.99,11.7
Vakinankaratra,-19.8659,47.0335,2011-04-01,2011,4,April,Rainy,17.6,4.26
Vakinankaratra,-19.8659,47.0335,2011-05-01,2011,5,May,Dry,15.57,1.23
Vakinankaratra,-19.8659,47.0335,2011-06-01,2011,6,June,Dry,13.7,0.31
Vakinankaratra,-19.8659,47.0335,2011-07-01,2011,7,July,Dry,12.26,0.19
Vakinankaratra,-19.8659,47.0335,2011-08-01,2011,8,August,Dry,13.76,0.64
Vakinankaratra,-19.8659,47.0335,2011-09-01,2011,9,September,Dry,15.3,0.22
Vakinankaratra,-19.8659,47.0335,2011-10-01,2011,10,October,Dry,17.77,3.23
Vakinankaratra,-19.8659,47.0335,2011-11-01,2011,11,November,Rainy,19.6,4.62
Vakinankaratra,-19.8659,47.0335,2011-12-01,2011,12,December,Rainy,19.72,7.29
Vakinankaratra,-19.8659,47.0335,2012-01-01,2012,1,January,Rainy,18.42,13.51
Vakinankaratra,-19.8659,47.0335,2012-02-01,2012,2,February,Rainy,19.06,10.86
Vakinankaratra,-19.8659,47.0335,2012-03-01,2012,3,March,Rainy,17.76,8.5
Vakinankaratra,-19.8659,47.0335,2012-04-01,2012,4,April,Rainy,17.2,8.6
Vakinankaratra,-19.8659,47.0335,2012-05-01,2012,5,May,Dry,14.85,1.61
Vakinankaratra,-19.8659,47.0335,2012-06-01,2012,6,June,Dry,13.06,1.55
Vakinankaratra,-19.8659,47.0335,2012-07-01,2012,7,July,Dry,12.08,0.75
Vakinankaratra,-19.8659,47.0335,2012-08-01,2012,8,August,Dry,13.44,0.36
Vakinankaratra,-19.8659,47.0335,2012-09-01,2012,9,September,Dry,15.55,0.5
Vakinankaratra,-19.8659,47.0335,2012-10-01,2012,10,October,Dry,18.72,4.14
Vakinankaratra,-19.8659,47.0335,2012-11-01,2012,11,November,Rainy,18.62,8.35
Vakinankaratra,-19.8659,47.0335,2012-12-01,2012,12,December,Rainy,18.87,9.51
Vakinankaratra,-19.8659,47.0335,2013-01-01,2013,1,January,Rainy,19.33,13.01
Vakinankaratra,-19.8659,47.0335,2013-02-01,2013,2,February,Rainy,18.42,16.03
Vakinankaratra,-19.8659,47.0335,2013-03-01,2013,3,March,Rainy,18.26,8.61
Vakinankaratra,-19.8659,47.0335,2013-04-01,2013,4,April,Rainy,16.75,1.4
Vakinankaratra,-19.8659,47.0335,2013-05-01,2013,5,May,Dry,14.6,0.59
Vakinankaratra,-19.8659,47.0335,2013-06-01,2013,6,June,Dry,11.59,0.7
Vakinankaratra,-19.8659,47.0335,2013-07-01,2013,7,July,Dry,11.74,0.48
Vakinankaratra,-19.8659,47.0335,2013-08-01,2013,8,August,Dry,12.59,0.71
Vakinankaratra,-19.8659,47.0335,2013-09-01,2013,9,September,Dry,15.8,1.46
Vakinankaratra,-19.8659,47.0335,2013-10-01,2013,10,October,Dry,17.71,4.35
Vakinankaratra,-19.8659,47.0335,2013-11-01,2013,11,November,Rainy,19.69,7.45
Vakinankaratra,-19.8659,47.0335,2013-12-01,2013,12,December,Rainy,19.2,10.77
Vakinankaratra,-19.8659,47.0335,2014-01-01,2014,1,January,Rainy,18.83,20.41
Vakinankaratra,-19.8659,47.0335,2014-02-01,2014,2,February,Rainy,18.67,8.85
Vakinankaratra,-19.8659,47.0335,2014-03-01,2014,3,March,Rainy,18.45,2.72
Vakinankaratra,-19.8659,47.0335,2014-04-01,2014,4,April,Rainy,16.46,1.56
Vakinankaratra,-19.8659,47.0335,2014-05-01,2014,5,May,Dry,14.14,0.82
Vakinankaratra,-19.8659,47.0335,2014-06-01,2014,6,June,Dry,12.8,0.78
Vakinankaratra,-19.8659,47.0335,2014-07-01,2014,7,July,Dry,12.55,2.12
Vakinankaratra,-19.8659,47.0335,2014-08-01,2014,8,August,Dry,13.58,0.6
Vakinankaratra,-19.8659,47.0335,2014-09-01,2014,9,September,Dry,15.71,0.63
Vakinankaratra,-19.8659,47.0335,2014-10-01,2014,10,October,Dry,18.58,0.99
Vakinankaratra,-19.8659,47.0335,2014-11-01,2014,11,November,Rainy,19.66,5.92
Vakinankaratra,-19.8659,47.0335,2014-12-01,2014,12,December,Rainy,19.88,9.21
Vakinankaratra,-19.8659,47.0335,2015-01-01,2015,1,January,Rainy,18.91,18.43
Vakinankaratra,-19.8659,47.0335,2015-02-01,2015,2,February,Rainy,18.21,21.46
Vakinankaratra,-19.8659,47.0335,2015-03-01,2015,3,March,Rainy,18.13,12.78
Vakinankaratra,-19.8659,47.0335,2015-04-01,2015,4,April,Rainy,17.42,0.36
Vakinankaratra,-19.8659,47.0335,2015-05-01,2015,5,May,Dry,15.47,0.88
Vakinankaratra,-19.8659,47.0335,2015-06-01,2015,6,June,Dry,13.44,0.66
Vakinankaratra,-19.8659,47.0335,2015-07-01,2015,7,July,Dry,12.62,0.38
Vakinankaratra,-19.8659,47.0335,2015-08-01,2015,8,August,Dry,13.51,0.38
Vakinankaratra,-19.8659,47.0335,2015-09-01,2015,9,September,Dry,15.9,0.37
Vakinankaratra,-19.8659,47.0335,2015-10-01,2015,10,October,Dry,18.85,4.23
Vakinankaratra,-19.8659,47.0335,2015-11-01,2015,11,November,Rainy,19.32,5.59
Vakinankaratra,-19.8659,47.0335,2015-12-01,2015,12,December,Rainy,19.86,19.34
Vakinankaratra,-19.8659,47.0335,2016-01-01,2016,1,January,Rainy,19.34,7.44
Vakinankaratra,-19.8659,47.0335,2016-02-01,2016,2,February,Rainy,18.94,10.68
Vakinankaratra,-19.8659,47.0335,2016-03-01,2016,3,March,Rainy,19.63,13.58
Vakinankaratra,-19.8659,47.0335,2016-04-01,2016,4,April,Rainy,17.65,0.64
Vakinankaratra,-19.8659,47.0335,2016-05-01,2016,5,May,Dry,13.34,1.31
Vakinankaratra,-19.8659,47.0335,2016-06-01,2016,6,June,Dry,12.41,2.03
Vakinankaratra,-19.8659,47.0335,2016-07-01,2016,7,July,Dry,11.71,0.52
Vakinankaratra,-19.8659,47.0335,2016-08-01,2016,8,August,Dry,13.48,0.22
Vakinankaratra,-19.8659,47.0335,2016-09-01,2016,9,September,Dry,15.01,0.18
Vakinankaratra,-19.8659,47.0335,2016-10-01,2016,10,October,Dry,18.51,1.73
Vakinankaratra,-19.8659,47.0335,2016-11-01,2016,11,November,Rainy,19.63,4.62
Vakinankaratra,-19.8659,47.0335,2016-12-01,2016,12,December,Rainy,20.42,2.82
Vakinankaratra,-19.8659,47.0335,2017-01-01,2017,1,January,Rainy,19.75,9.35
Vakinankaratra,-19.8659,47.0335,2017-02-01,2017,2,February,Rainy,19.14,13.38
Vakinankaratra,-19.8659,47.0335,2017-03-01,2017,3,March,Rainy,18.79,8.27
Vakinankaratra,-19.8659,47.0335,2017-04-01,2017,4,April,Rainy,16.91,2.33
Vakinankaratra,-19.8659,47.0335,2017-05-01,2017,5,May,Dry,15.72,0.75
Vakinankaratra,-19.8659,47.0335,2017-06-01,2017,6,June,Dry,13.88,1.1
Vakinankaratra,-19.8659,47.0335,2017-07-01,2017,7,July,Dry,12.92,1.75
Vakinankaratra,-19.8659,47.0335,2017-08-01,2017,8,August,Dry,14.17,0.92
Vakinankaratra,-19.8659,47.0335,2017-09-01,2017,9,September,Dry,16.9,0.44
Vakinankaratra,-19.8659,47.0335,2017-10-01,2017,10,October,Dry,19.33,1.04
Vakinankaratra,-19.8659,47.0335,2017-11-01,2017,11,November,Rainy,19.1,15.0
Vakinankaratra,-19.8659,47.0335,2017-12-01,2017,12,December,Rainy,19.38,19.98
Vakinankaratra,-19.8659,47.0335,2018-01-01,2018,1,January,Rainy,18.67,16.68
Vakinankaratra,-19.8659,47.0335,2018-02-01,2018,2,February,Rainy,19.03,14.46
Vakinankaratra,-19.8659,47.0335,2018-03-01,2018,3,March,Rainy,18.0,6.3
Vakinankaratra,-19.8659,47.0335,2018-04-01,2018,4,April,Rainy,16.83,5.47
Vakinankaratra,-19.8659,47.0335,2018-05-01,2018,5,May,Dry,15.36,0.73
Vakinankaratra,-19.8659,47.0335,2018-06-01,2018,6,June,Dry,13.02,0.33
Vakinankaratra,-19.8659,47.0335,2018-07-01,2018,7,July,Dry,11.71,1.27
Vakinankaratra,-19.8659,47.0335,2018-08-01,2018,8,August,Dry,13.61,0.16
Vakinankaratra,-19.8659,47.0335,2018-09-01,2018,9,September,Dry,16.06,0.55
Vakinankaratra,-19.8659,47.0335,2018-10-01,2018,10,October,Dry,17.02,2.22
Vakinankaratra,-19.8659,47.0335,2018-11-01,2018,11,November,Rainy,19.27,10.24
Vakinankaratra,-19.8659,47.0335,2018-12-01,2018,12,December,Rainy,19.49,10.17
Vakinankaratra,-19.8659,47.0335,2019-01-01,2019,1,January,Rainy,19.39,17.02
Vakinankaratra,-19.8659,47.0335,2019-02-01,2019,2,February,Rainy,19.45,12.11
Vakinankaratra,-19.8659,47.0335,2019-03-01,2019,3,March,Rainy,19.07,11.36
Vakinankaratra,-19.8659,47.0335,2019-04-01,2019,4,April,Rainy,18.57,3.98
Vakinankaratra,-19.8659,47.0335,2019-05-01,2019,5,May,Dry,15.37,1.27
Vakinankaratra,-19.8659,47.0335,2019-06-01,2019,6,June,Dry,13.31,1.63
Vakinankaratra,-19.8659,47.0335,2019-07-01,2019,7,July,Dry,12.47,0.31
Vakinankaratra,-19.8659,47.0335,2019-08-01,2019,8,August,Dry,13.9,0.17
Vakinankaratra,-19.8659,47.0335,2019-09-01,2019,9,September,Dry,16.37,1.34
Vakinankaratra,-19.8659,47.0335,2019-10-01,2019,10,October,Dry,19.16,3.12
Vakinankaratra,-19.8659,47.0335,2019-11-01,2019,11,November,Rainy,19.97,7.93
Vakinankaratra,-19.8659,47.0335,2019-12-01,2019,12,December,Rainy,20.11,4.75
Vakinankaratra,-19.8659,47.0335,2020-01-01,2020,1,January,Rainy,19.38,18.54
Vakinankaratra,-19.8659,47.0335,2020-02-01,2020,2,February,Rainy,19.01,12.54
Vakinankaratra,-19.8659,47.0335,2020-03-01,2020,3,March,Rainy,18.83,6.76
Vakinankaratra,-19.8659,47.0335,2020-04-01,2020,4,April,Rainy,16.75,18.59
Vakinankaratra,-19.8659,47.0335,2020-05-01,2020,5,May,Dry,15.08,0.87
Vakinankaratra,-19.8659,47.0335,2020-06-01,2020,6,June,Dry,13.0,2.51
Vakinankaratra,-19.8659,47.0335,2020-07-01,2020,7,July,Dry,11.59,2.0
Vakinankaratra,-19.8659,47.0335,2020-08-01,2020,8,August,Dry,13.96,0.14
Vakinankaratra,-19.8659,47.0335,2020-09-01,2020,9,September,Dry,15.76,0.58
Vakinankaratra,-19.8659,47.0335,2020-10-01,2020,10,October,Dry,18.48,1.72
Vakinankaratra,-19.8659,47.0335,2020-11-01,2020,11,November,Rainy,20.52,4.32
Vakinankaratra,-19.8659,47.0335,2020-12-01,2020,12,December,Rainy,19.67,8.47
Vakinankaratra,-19.8659,47.0335,2021-01-01,2021,1,January,Rainy,20.39,10.99
Vakinankaratra,-19.8659,47.0335,2021-02-01,2021,2,February,Rainy,19.1,23.5
Vakinankaratra,-19.8659,47.0335,2021-03-01,2021,3,March,Rainy,18.24,13.05
Vakinankaratra,-19.8659,47.0335,2021-04-01,2021,4,April,Rainy,17.21,4.09
Vakinankaratra,-19.8659,47.0335,2021-05-01,2021,5,May,Dry,14.45,0.88
Vakinankaratra,-19.8659,47.0335,2021-06-01,2021,6,June,Dry,12.36,2.22
Vakinankaratra,-19.8659,47.0335,2021-07-01,2021,7,July,Dry,12.28,1.31
Vakinankaratra,-19.8659,47.0335,2021-08-01,2021,8,August,Dry,13.82,0.86
Vakinankaratra,-19.8659,47.0335,2021-09-01,2021,9,September,Dry,15.33,1.04
Vakinankaratra,-19.8659,47.0335,2021-10-01,2021,10,October,Dry,18.23,1.44
Vakinankaratra,-19.8659,47.0335,2021-11-01,2021,11,November,Rainy,20.72,3.43
Vakinankaratra,-19.8659,47.0335,2021-12-01,2021,12,December,Rainy,20.38,7.78
Vakinankaratra,-19.8659,47.0335,2022-01-01,2022,1,January,Rainy,18.97,13.22
Vakinankaratra,-19.8659,47.0335,2022-02-01,2022,2,February,Rainy,18.85,15.76
Vakinankaratra,-19.8659,47.0335,2022-03-01,2022,3,March,Rainy,18.91,14.96
Vakinankaratra,-19.8659,47.0335,2022-04-01,2022,4,April,Rainy,17.38,3.65
Vakinankaratra,-19.8659,47.0335,2022-05-01,2022,5,May,Dry,14.91,0.99
Vakinankaratra,-19.8659,47.0335,2022-06-01,2022,6,June,Dry,12.26,1.95
Vakinankaratra,-19.8659,47.0335,2022-07-01,2022,7,July,Dry,11.93,1.46
Vakinankaratra,-19.8659,47.0335,2022-08-01,2022,8,August,Dry,13.29,0.48
Vakinankaratra,-19.8659,47.0335,2022-09-01,2022,9,September,Dry,14.56,0.3
Vakinankaratra,-19.8659,47.0335,2022-10-01,2022,10,October,Dry,17.81,3.39
Vakinankaratra,-19.8659,47.0335,2022-11-01,2022,11,November,Rainy,19.05,9.93
Vakinankaratra,-19.8659,47.0335,2022-12-01,2022,12,December,Rainy,18.67,11.84
Vakinankaratra,-19.8659,47.0335,2023-01-01,2023,1,January,Rainy,18.45,22.51
Vakinankaratra,-19.8659,47.0335,2023-02-01,2023,2,February,Rainy,18.66,8.62
Vakinankaratra,-19.8659,47.0335,2023-03-01,2023,3,March,Rainy,18.3,15.05
Vakinankaratra,-19.8659,47.0335,2023-04-01,2023,4,April,Rainy,17.29,4.64
Vakinankaratra,-19.8659,47.0335,2023-05-01,2023,5,May,Dry,15.24,1.89
Vakinankaratra,-19.8659,47.0335,2023-06-01,2023,6,June,Dry,13.17,0.24
Vakinankaratra,-19.8659,47.0335,2023-07-01,2023,7,July,Dry,12.93,0.79
Vakinankaratra,-19.8659,47.0335,2023-08-01,2023,8,August,Dry,14.48,2.91
Vakinankaratra,-19.8659,47.0335,2023-09-01,2023,9,September,Dry,16.34,0.31
Vakinankaratra,-19.8659,47.0335,2023-10-01,2023,10,October,Dry,19.54,4.87
Vakinankaratra,-19.8659,47.0335,2023-11-01,2023,11,November,Rainy,19.49,4.58
Vakinankaratra,-19.8659,47.0335,2023-12-01,2023,12,December,Rainy,20.49,8.3
Vakinankaratra,-19.8659,47.0335,2024-01-01,2024,1,January,Rainy,20.05,13.83
Vakinankaratra,-19.8659,47.0335,2024-02-01,2024,2,February,Rainy,19.17,17.07
Vakinankaratra,-19.8659,47.0335,2024-03-01,2024,3,March,Rainy,18.96,8.66
Vakinankaratra,-19.8659,47.0335,2024-04-01,2024,4,April,Rainy,18.29,2.75
Vakinankaratra,-19.8659,47.0335,2024-05-01,2024,5,May,Dry,14.71,2.04
Vakinankaratra,-19.8659,47.0335,2024-06-01,2024,6,June,Dry,13.75,0.87
Vakinankaratra,-19.8659,47.0335,2024-07-01,2024,7,July,Dry,12.57,0.08
Vakinankaratra,-19.8659,47.0335,2024-08-01,2024,8,August,Dry,13.8,0.69
Vakinankaratra,-19.8659,47.0335,2024-09-01,2024,9,September,Dry,17.47,1.99
Vakinankaratra,-19.8659,47.0335,2024-10-01,2024,10,October,Dry,18.16,1.32
Vakinankaratra,-19.8659,47.0335,2024-11-01,2024,11,November,Rainy,21.5,3.42
Vakinankaratra,-19.8659,47.0335,2024-12-01,2024,12,December,Rainy,21.47,6.45
Vatovavy,-22.3,47.8333,2005-01-01,2005,1,January,Rainy,27.4,5.34
Vatovavy,-22.3,47.8333,2005-02-01,2005,2,February,Rainy,27.36,8.77
Vatovavy,-22.3,47.8333,2005-03-01,2005,3,March,Rainy,27.29,10.7
Vatovavy,-22.3,47.8333,2005-04-01,2005,4,April,Rainy,26.14,4.38
Vatovavy,-22.3,47.8333,2005-05-01,2005,5,May,Dry,24.97,6.0
Vatovavy,-22.3,47.8333,2005-06-01,2005,6,June,Dry,23.77,2.79
Vatovavy,-22.3,47.8333,2005-07-01,2005,7,July,Dry,22.6,3.21
Vatovavy,-22.3,47.8333,2005-08-01,2005,8,August,Dry,22.65,0.97
Vatovavy,-22.3,47.8333,2005-09-01,2005,9,September,Dry,23.01,1.09
Vatovavy,-22.3,47.8333,2005-10-01,2005,10,October,Dry,23.49,0.37
Vatovavy,-22.3,47.8333,2005-11-01,2005,11,November,Rainy,24.88,2.93
Vatovavy,-22.3,47.8333,2005-12-01,2005,12,December,Rainy,26.17,6.45
Vatovavy,-22.3,47.8333,2006-01-01,2006,1,January,Rainy,27.03,3.46
Vatovavy,-22.3,47.8333,2006-02-01,2006,2,February,Rainy,27.47,2.6
Vatovavy,-22.3,47.8333,2006-03-01,2006,3,March,Rainy,27.51,4.49
Vatovavy,-22.3,47.8333,2006-04-01,2006,4,April,Rainy,26.29,2.4
Vatovavy,-22.3,47.8333,2006-05-01,2006,5,May,Dry,24.94,0.79
Vatovavy,-22.3,47.8333,2006-06-01,2006,6,June,Dry,23.92,0.92
Vatovavy,-22.3,47.8333,2006-07-01,2006,7,July,Dry,23.02,1.52
Vatovavy,-22.3,47.8333,2006-08-01,2006,8,August,Dry,22.84,0.58
Vatovavy,-22.3,47.8333,2006-09-01,2006,9,September,Dry,22.47,0.99
Vatovavy,-22.3,47.8333,2006-10-01,2006,10,October,Dry,23.37,0.44
Vatovavy,-22.3,47.8333,2006-11-01,2006,11,November,Rainy,25.02,3.09
Vatovavy,-22.3,47.8333,2006-12-01,2006,12,December,Rainy,26.45,6.24
Vatovavy,-22.3,47.8333,2007-01-01,2007,1,January,Rainy,26.7,11.86
Vatovavy,-22.3,47.8333,2007-02-01,2007,2,February,Rainy,27.66,10.82
Vatovavy,-22.3,47.8333,2007-03-01,2007,3,March,Rainy,26.96,2.47
Vatovavy,-22.3,47.8333,2007-04-01,2007,4,April,Rainy,26.22,3.43
Vatovavy,-22.3,47.8333,2007-05-01,2007,5,May,Dry,24.91,1.57
Vatovavy,-22.3,47.8333,2007-06-01,2007,6,June,Dry,23.34,0.55
Vatovavy,-22.3,47.8333,2007-07-01,2007,7,July,Dry,22.94,0.3
Vatovavy,-22.3,47.8333,2007-08-01,2007,8,August,Dry,22.55,0.29
Vatovavy,-22.3,47.8333,2007-09-01,2007,9,September,Dry,22.86,0.49
Vatovavy,-22.3,47.8333,2007-10-01,2007,10,October,Dry,23.34,0.78
Vatovavy,-22.3,47.8333,2007-11-01,2007,11,November,Rainy,24.82,2.71
Vatovavy,-22.3,47.8333,2007-12-01,2007,12,December,Rainy,26.43,3.39
Vatovavy,-22.3,47.8333,2008-01-01,2008,1,January,Rainy,27.11,4.29
Vatovavy,-22.3,47.8333,2008-02-01,2008,2,February,Rainy,26.73,9.85
Vatovavy,-22.3,47.8333,2008-03-01,2008,3,March,Rainy,26.32,1.42
Vatovavy,-22.3,47.8333,2008-04-01,2008,4,April,Rainy,25.82,0.92
Vatovavy,-22.3,47.8333,2008-05-01,2008,5,May,Dry,24.25,1.46
Vatovavy,-22.3,47.8333,2008-06-01,2008,6,June,Dry,22.99,0.57
Vatovavy,-22.3,47.8333,2008-07-01,2008,7,July,Dry,22.32,1.37
Vatovavy,-22.3,47.8333,2008-08-01,2008,8,August,Dry,21.88,0.48
Vatovavy,-22.3,47.8333,2008-09-01,2008,9,September,Dry,23.16,0.52
Vatovavy,-22.3,47.8333,2008-10-01,2008,10,October,Dry,24.26,1.73
Vatovavy,-22.3,47.8333,2008-11-01,2008,11,November,Rainy,24.92,2.56
Vatovavy,-22.3,47.8333,2008-12-01,2008,12,December,Rainy,26.81,1.98
Vatovavy,-22.3,47.8333,2009-01-01,2009,1,January,Rainy,27.83,7.5
Vatovavy,-22.3,47.8333,2009-02-01,2009,2,February,Rainy,27.23,3.38
Vatovavy,-22.3,47.8333,2009-03-01,2009,3,March,Rainy,27.28,4.27
Vatovavy,-22.3,47.8333,2009-04-01,2009,4,April,Rainy,25.36,3.34
Vatovavy,-22.3,47.8333,2009-05-01,2009,5,May,Dry,24.91,0.78
Vatovavy,-22.3,47.8333,2009-06-01,2009,6,June,Dry,24.07,0.34
Vatovavy,-22.3,47.8333,2009-07-01,2009,7,July,Dry,22.62,1.9
Vatovavy,-22.3,47.8333,2009-08-01,2009,8,August,Dry,22.53,0.77
Vatovavy,-22.3,47.8333,2009-09-01,2009,9,September,Dry,23.26,0.57
Vatovavy,-22.3,47.8333,2009-10-01,2009,10,October,Dry,24.2,1.15
Vatovavy,-22.3,47.8333,2009-11-01,2009,11,November,Rainy,24.48,3.57
Vatovavy,-22.3,47.8333,2009-12-01,2009,12,December,Rainy,26.52,2.44
Vatovavy,-22.3,47.8333,2010-01-01,2010,1,January,Rainy,26.82,6.46
Vatovavy,-22.3,47.8333,2010-02-01,2010,2,February,Rainy,27.12,2.39
Vatovavy,-22.3,47.8333,2010-03-01,2010,3,March,Rainy,27.04,11.25
Vatovavy,-22.3,47.8333,2010-04-01,2010,4,April,Rainy,26.35,1.17
Vatovavy,-22.3,47.8333,2010-05-01,2010,5,May,Dry,25.79,1.91
Vatovavy,-22.3,47.8333,2010-06-01,2010,6,June,Dry,24.21,0.83
Vatovavy,-22.3,47.8333,2010-07-01,2010,7,July,Dry,22.98,1.47
Vatovavy,-22.3,47.8333,2010-08-01,2010,8,August,Dry,22.55,0.98
Vatovavy,-22.3,47.8333,2010-09-01,2010,9,September,Dry,22.77,0.22
Vatovavy,-22.3,47.8333,2010-10-01,2010,10,October,Dry,24.32,0.66
Vatovavy,-22.3,47.8333,2010-11-01,2010,11,November,Rainy,25.35,0.92
Vatovavy,-22.3,47.8333,2010-12-01,2010,12,December,Rainy,26.52,2.92
Vatovavy,-22.3,47.8333,2011-01-01,2011,1,January,Rainy,26.95,4.75
Vatovavy,-22.3,47.8333,2011-02-01,2011,2,February,Rainy,27.25,8.78
Vatovavy,-22.3,47.8333,2011-03-01,2011,3,March,Rainy,27.02,5.33
Vatovavy,-22.3,47.8333,2011-04-01,2011,4,April,Rainy,26.74,3.54
Vatovavy,-22.3,47.8333,2011-05-01,2011,5,May,Dry,25.17,1.35
Vatovavy,-22.3,47.8333,2011-06-01,2011,6,June,Dry,24.55,0.12
Vatovavy,-22.3,47.8333,2011-07-01,2011,7,July,Dry,23.06,0.24
Vatovavy,-22.3,47.8333,2011-08-01,2011,8,August,Dry,23.13,1.01
Vatovavy,-22.3,47.8333,2011-09-01,2011,9,September,Dry,23.32,0.08
Vatovavy,-22.3,47.8333,2011-10-01,2011,10,October,Dry,23.86,0.71
Vatovavy,-22.3,47.8333,2011-11-01,2011,11,November,Rainy,25.21,1.6
Vatovavy,-22.3,47.8333,2011-12-01,2011,12,December,Rainy,26.41,2.98
Vatovavy,-22.3,47.8333,2012-01-01,2012,1,January,Rainy,26.56,8.5
Vatovavy,-22.3,47.8333,2012-02-01,2012,2,February,Rainy,27.25,6.22
Vatovavy,-22.3,47.8333,2012-03-01,2012,3,March,Rainy,26.55,6.75
Vatovavy,-22.3,47.8333,2012-04-01,2012,4,April,Rainy,26.2,4.07
Vatovavy,-22.3,47.8333,2012-05-01,2012,5,May,Dry,24.79,1.89
Vatovavy,-22.3,47.8333,2012-06-01,2012,6,June,Dry,23.68,2.5
Vatovavy,-22.3,47.8333,2012-07-01,2012,7,July,Dry,22.77,0.3
Vatovavy,-22.3,47.8333,2012-08-01,2012,8,August,Dry,23.08,0.27
Vatovavy,-22.3,47.8333,2012-09-01,2012,9,September,Dry,22.97,0.97
Vatovavy,-22.3,47.8333,2012-10-01,2012,10,October,Dry,24.33,1.76
Vatovavy,-22.3,47.8333,2012-11-01,2012,11,November,Rainy,24.73,3.06
Vatovavy,-22.3,47.8333,2012-12-01,2012,12,December,Rainy,26.09,2.74
Vatovavy,-22.3,47.8333,2013-01-01,2013,1,January,Rainy,26.95,6.2
Vatovavy,-22.3,47.8333,2013-02-01,2013,2,February,Rainy,26.75,14.59
Vatovavy,-22.3,47.8333,2013-03-01,2013,3,March,Rainy,26.29,4.64
Vatovavy,-22.3,47.8333,2013-04-01,2013,4,April,Rainy,25.69,3.21
Vatovavy,-22.3,47.8333,2013-05-01,2013,5,May,Dry,24.2,2.44
Vatovavy,-22.3,47.8333,2013-06-01,2013,6,June,Dry,22.97,1.6
Vatovavy,-22.3,47.8333,2013-07-01,2013,7,July,Dry,22.14,1.26
Vatovavy,-22.3,47.8333,2013-08-01,2013,8,August,Dry,22.17,1.93
Vatovavy,-22.3,47.8333,2013-09-01,2013,9,September,Dry,23.0,0.88
Vatovavy,-22.3,47.8333,2013-10-01,2013,10,October,Dry,23.54,4.85
Vatovavy,-22.3,47.8333,2013-11-01,2013,11,November,Rainy,25.48,3.27
Vatovavy,-22.3,47.8333,2013-12-01,2013,12,December,Rainy,26.19,6.32
Vatovavy,-22.3,47.8333,2014-01-01,2014,1,January,Rainy,27.36,10.01
Vatovavy,-22.3,47.8333,2014-02-01,2014,2,February,Rainy,27.34,6.67
Vatovavy,-22.3,47.8333,2014-03-01,2014,3,March,Rainy,27.13,3.72
Vatovavy,-22.3,47.8333,2014-04-01,2014,4,April,Rainy,25.89,2.18
Vatovavy,-22.3,47.8333,2014-05-01,2014,5,May,Dry,24.49,2.35
Vatovavy,-22.3,47.8333,2014-06-01,2014,6,June,Dry,23.6,1.43
Vatovavy,-22.3,47.8333,2014-07-01,2014,7,July,Dry,22.68,3.15
Vatovavy,-22.3,47.8333,2014-08-01,2014,8,August,Dry,22.68,1.82
Vatovavy,-22.3,47.8333,2014-09-01,2014,9,September,Dry,23.15,1.49
Vatovavy,-22.3,47.8333,2014-10-01,2014,10,October,Dry,24.19,3.43
Vatovavy,-22.3,47.8333,2014-11-01,2014,11,November,Rainy,25.21,4.59
Vatovavy,-22.3,47.8333,2014-12-01,2014,12,December,Rainy,26.66,8.02
Vatovavy,-22.3,47.8333,2015-01-01,2015,1,January,Rainy,27.01,15.76
Vatovavy,-22.3,47.8333,2015-02-01,2015,2,February,Rainy,26.57,18.15
Vatovavy,-22.3,47.8333,2015-03-01,2015,3,March,Rainy,26.29,17.4
Vatovavy,-22.3,47.8333,2015-04-01,2015,4,April,Rainy,25.83,2.0
Vatovavy,-22.3,47.8333,2015-05-01,2015,5,May,Dry,24.98,1.47
Vatovavy,-22.3,47.8333,2015-06-01,2015,6,June,Dry,23.45,0.85
Vatovavy,-22.3,47.8333,2015-07-01,2015,7,July,Dry,22.69,0.85
Vatovavy,-22.3,47.8333,2015-08-01,2015,8,August,Dry,22.4,0.38
Vatovavy,-22.3,47.8333,2015-09-01,2015,9,September,Dry,22.52,0.57
Vatovavy,-22.3,47.8333,2015-10-01,2015,10,October,Dry,23.99,2.49
Vatovavy,-22.3,47.8333,2015-11-01,2015,11,November,Rainy,24.71,4.38
Vatovavy,-22.3,47.8333,2015-12-01,2015,12,December,Rainy,26.67,7.21
Vatovavy,-22.3,47.8333,2016-01-01,2016,1,January,Rainy,26.81,4.05
Vatovavy,-22.3,47.8333,2016-02-01,2016,2,February,Rainy,27.45,6.76
Vatovavy,-22.3,47.8333,2016-03-01,2016,3,March,Rainy,27.06,6.84
Vatovavy,-22.3,47.8333,2016-04-01,2016,4,April,Rainy,26.34,0.52
Vatovavy,-22.3,47.8333,2016-05-01,2016,5,May,Dry,24.35,2.16
Vatovavy,-22.3,47.8333,2016-06-01,2016,6,June,Dry,23.02,1.66
Vatovavy,-22.3,47.8333,2016-07-01,2016,7,July,Dry,22.23,0.82
Vatovavy,-22.3,47.8333,2016-08-01,2016,8,August,Dry,22.37,0.22
Vatovavy,-22.3,47.8333,2016-09-01,2016,9,September,Dry,22.69,0.38
Vatovavy,-22.3,47.8333,2016-10-01,2016,10,October,Dry,24.14,1.78
Vatovavy,-22.3,47.8333,2016-11-01,2016,11,November,Rainy,25.13,3.9
Vatovavy,-22.3,47.8333,2016-12-01,2016,12,December,Rainy,26.26,1.24
Vatovavy,-22.3,47.8333,2017-01-01,2017,1,January,Rainy,27.37,2.57
Vatovavy,-22.3,47.8333,2017-02-01,2017,2,February,Rainy,27.71,8.94
Vatovavy,-22.3,47.8333,2017-03-01,2017,3,March,Rainy,27.43,8.68
Vatovavy,-22.3,47.8333,2017-04-01,2017,4,April,Rainy,26.51,2.93
Vatovavy,-22.3,47.8333,2017-05-01,2017,5,May,Dry,25.27,0.75
Vatovavy,-22.3,47.8333,2017-06-01,2017,6,June,Dry,24.24,1.45
Vatovavy,-22.3,47.8333,2017-07-01,2017,7,July,Dry,23.23,0.84
Vatovavy,-22.3,47.8333,2017-08-01,2017,8,August,Dry,22.84,1.86
Vatovavy,-22.3,47.8333,2017-09-01,2017,9,September,Dry,23.0,0.44
Vatovavy,-22.3,47.8333,2017-10-01,2017,10,October,Dry,24.39,0.84
Vatovavy,-22.3,47.8333,2017-11-01,2017,11,November,Rainy,24.75,5.38
Vatovavy,-22.3,47.8333,2017-12-01,2017,12,December,Rainy,26.58,5.76
Vatovavy,-22.3,47.8333,2018-01-01,2018,1,January,Rainy,26.58,12.01
Vatovavy,-22.3,47.8333,2018-02-01,2018,2,February,Rainy,27.03,4.88
Vatovavy,-22.3,47.8333,2018-03-01,2018,3,March,Rainy,26.77,3.92
Vatovavy,-22.3,47.8333,2018-04-01,2018,4,April,Rainy,25.97,4.28
Vatovavy,-22.3,47.8333,2018-05-01,2018,5,May,Dry,25.13,1.27
Vatovavy,-22.3,47.8333,2018-06-01,2018,6,June,Dry,23.89,0.74
Vatovavy,-22.3,47.8333,2018-07-01,2018,7,July,Dry,23.03,2.05
Vatovavy,-22.3,47.8333,2018-08-01,2018,8,August,Dry,23.26,0.2
Vatovavy,-22.3,47.8333,2018-09-01,2018,9,September,Dry,23.72,0.48
Vatovavy,-22.3,47.8333,2018-10-01,2018,10,October,Dry,23.56,1.67
Vatovavy,-22.3,47.8333,2018-11-01,2018,11,November,Rainy,25.0,5.55
Vatovavy,-22.3,47.8333,2018-12-01,2018,12,December,Rainy,26.65,4.22
Vatovavy,-22.3,47.8333,2019-01-01,2019,1,January,Rainy,27.65,8.6
Vatovavy,-22.3,47.8333,2019-02-01,2019,2,February,Rainy,27.3,4.19
Vatovavy,-22.3,47.8333,2019-03-01,2019,3,March,Rainy,27.43,3.46
Vatovavy,-22.3,47.8333,2019-04-01,2019,4,April,Rainy,27.42,1.99
Vatovavy,-22.3,47.8333,2019-05-01,2019,5,May,Dry,25.36,1.38
Vatovavy,-22.3,47.8333,2019-06-01,2019,6,June,Dry,24.02,2.37
Vatovavy,-22.3,47.8333,2019-07-01,2019,7,July,Dry,22.95,0.54
Vatovavy,-22.3,47.8333,2019-08-01,2019,8,August,Dry,23.05,0.41
Vatovavy,-22.3,47.8333,2019-09-01,2019,9,September,Dry,23.31,1.44
Vatovavy,-22.3,47.8333,2019-10-01,2019,10,October,Dry,24.78,1.55
Vatovavy,-22.3,47.8333,2019-11-01,2019,11,November,Rainy,25.95,5.78
Vatovavy,-22.3,47.8333,2019-12-01,2019,12,December,Rainy,27.25,10.53
Vatovavy,-22.3,47.8333,2020-01-01,2020,1,January,Rainy,27.35,6.03
Vatovavy,-22.3,47.8333,2020-02-01,2020,2,February,Rainy,26.96,5.03
Vatovavy,-22.3,47.8333,2020-03-01,2020,3,March,Rainy,26.58,9.99
Vatovavy,-22.3,47.8333,2020-04-01,2020,4,April,Rainy,25.92,14.38
Vatovavy,-22.3,47.8333,2020-05-01,2020,5,May,Dry,24.66,3.16
Vatovavy,-22.3,47.8333,2020-06-01,2020,6,June,Dry,23.52,6.22
Vatovavy,-22.3,47.8333,2020-07-01,2020,7,July,Dry,22.39,2.15
Vatovavy,-22.3,47.8333,2020-08-01,2020,8,August,Dry,22.32,0.33
Vatovavy,-22.3,47.8333,2020-09-01,2020,9,September,Dry,22.8,2.17
Vatovavy,-22.3,47.8333,2020-10-01,2020,10,October,Dry,23.81,2.71
Vatovavy,-22.3,47.8333,2020-11-01,2020,11,November,Rainy,24.78,0.87
Vatovavy,-22.3,47.8333,2020-12-01,2020,12,December,Rainy,26.16,8.69
Vatovavy,-22.3,47.8333,2021-01-01,2021,1,January,Rainy,27.68,2.65
Vatovavy,-22.3,47.8333,2021-02-01,2021,2,February,Rainy,27.9,7.43
Vatovavy,-22.3,47.8333,2021-03-01,2021,3,March,Rainy,27.22,7.73
Vatovavy,-22.3,47.8333,2021-04-01,2021,4,April,Rainy,26.17,3.94
Vatovavy,-22.3,47.8333,2021-05-01,2021,5,May,Dry,24.94,1.73
Vatovavy,-22.3,47.8333,2021-06-01,2021,6,June,Dry,23.58,4.67
Vatovavy,-22.3,47.8333,2021-07-01,2021,7,July,Dry,22.84,4.13
Vatovavy,-22.3,47.8333,2021-08-01,2021,8,August,Dry,22.52,4.4
Vatovavy,-22.3,47.8333,2021-09-01,2021,9,September,Dry,23.11,1.74
Vatovavy,-22.3,47.8333,2021-10-01,2021,10,October,Dry,23.84,1.02
Vatovavy,-22.3,47.8333,2021-11-01,2021,11,November,Rainy,25.48,0.96
Vatovavy,-22.3,47.8333,2021-12-01,2021,12,December,Rainy,26.66,6.62
Vatovavy,-22.3,47.8333,2022-01-01,2022,1,January,Rainy,26.93,9.63
Vatovavy,-22.3,47.8333,2022-02-01,2022,2,February,Rainy,26.93,13.55
Vatovavy,-22.3,47.8333,2022-03-01,2022,3,March,Rainy,26.92,8.25
Vatovavy,-22.3,47.8333,2022-04-01,2022,4,April,Rainy,26.27,5.72
Vatovavy,-22.3,47.8333,2022-05-01,2022,5,May,Dry,24.82,3.21
Vatovavy,-22.3,47.8333,2022-06-01,2022,6,June,Dry,23.35,5.55
Vatovavy,-22.3,47.8333,2022-07-01,2022,7,July,Dry,22.78,1.93
Vatovavy,-22.3,47.8333,2022-08-01,2022,8,August,Dry,22.59,2.64
Vatovavy,-22.3,47.8333,2022-09-01,2022,9,September,Dry,22.85,1.35
Vatovavy,-22.3,47.8333,2022-10-01,2022,10,October,Dry,23.9,0.75
Vatovavy,-22.3,47.8333,2022-11-01,2022,11,November,Rainy,25.1,1.89
Vatovavy,-22.3,47.8333,2022-12-01,2022,12,December,Rainy,26.15,5.9
Vatovavy,-22.3,47.8333,2023-01-01,2023,1,January,Rainy,27.03,13.93
Vatovavy,-22.3,47.8333,2023-02-01,2023,2,February,Rainy,27.06,12.62
Vatovavy,-22.3,47.8333,2023-03-01,2023,3,March,Rainy,27.02,15.6
Vatovavy,-22.3,47.8333,2023-04-01,2023,4,April,Rainy,26.42,4.38
Vatovavy,-22.3,47.8333,2023-05-01,2023,5,May,Dry,25.24,6.19
Vatovavy,-22.3,47.8333,2023-06-01,2023,6,June,Dry,23.93,1.12
Vatovavy,-22.3,47.8333,2023-07-01,2023,7,July,Dry,23.2,2.6
Vatovavy,-22.3,47.8333,2023-08-01,2023,8,August,Dry,23.11,6.88
Vatovavy,-22.3,47.8333,2023-09-01,2023,9,September,Dry,24.03,0.51
Vatovavy,-22.3,47.8333,2023-10-01,2023,10,October,Dry,24.97,2.11
Vatovavy,-22.3,47.8333,2023-11-01,2023,11,November,Rainy,25.33,2.27
Vatovavy,-22.3,47.8333,2023-12-01,2023,12,December,Rainy,26.77,4.58
Vatovavy,-22.3,47.8333,2024-01-01,2024,1,January,Rainy,27.51,12.65
Vatovavy,-22.3,47.8333,2024-02-01,2024,2,February,Rainy,27.18,7.93
Vatovavy,-22.3,47.8333,2024-03-01,2024,3,March,Rainy,27.21,11.25
Vatovavy,-22.3,47.8333,2024-04-01,2024,4,April,Rainy,26.32,5.66
Vatovavy,-22.3,47.8333,2024-05-01,2024,5,May,Dry,25.22,3.62
Vatovavy,-22.3,47.8333,2024-06-01,2024,6,June,Dry,23.74,1.69
Vatovavy,-22.3,47.8333,2024-07-01,2024,7,July,Dry,23.27,0.24
Vatovavy,-22.3,47.8333,2024-08-01,2024,8,August,Dry,23.13,0.96
Vatovavy,-22.3,47.8333,2024-09-01,2024,9,September,Dry,23.64,2.08
Vatovavy,-22.3,47.8333,2024-10-01,2024,10,October,Dry,24.12,0.87
Vatovavy,-22.3,47.8333,2024-11-01,2024,11,November,Rainy,26.26,0.94
Vatovavy,-22.3,47.8333,2024-12-01,2024,12,December,Rainy,27.22,0.88
